description,phone,location,rating,title,website,images,image
N/A,0658-803193,"Hay lazrak, Témara 12000","4,7",Hamam Istanbul ( Hamam beldi ) aux feux de bois,N/A,https://lh3.googleusercontent.com/p/AF1QipMpxF_PA9zIp2prktSry7OFzFPjUvRoy6AqaPs|https://lh3.googleusercontent.com/p/AF1QipOfUwix9hso5IshboI1FFoG3JAoBvMEXHrZ8Do|https://lh3.googleusercontent.com/p/AF1QipOcx-CZ5-F0XY6o8LvcDlrGMpS0QpEHtkfe_68|https://lh3.googleusercontent.com/p/AF1QipOhgPrDgoamIMMLjavXObCcBUztlDkcq4wgq_c|https://lh3.googleusercontent.com/gps-cs-s/AG0ilSxYR3_ZU-wetjO8-lQyy1-WIrA1Fpoq2TY2BhR0WRjcCaGORTWXvsKqd7xQPcueRqhd0XsN8JJYyDJbYEv6qYiMDcLxofYfhVnZBmFYM6kJq0RQlCWUoozlHU9lJNuyh3_sB-6S|https://lh3.googleusercontent.com/p/AF1QipPnlPNs3POOuhYPzaflfFjxpy7TpWVKcbQkNWs|https://lh3.googleusercontent.com/p/AF1QipPgNLKBHGeFWvYQ7fIeLbNtJcvRtqeQBynpfHM,https://lh3.googleusercontent.com/p/AF1QipMpxF_PA9zIp2prktSry7OFzFPjUvRoy6AqaPs
N/A,N/A,"W37M+W3R, Témara","3,9",Hamam Moulay Yaacoub,N/A,,N/A
N/A,0770-850468,"678 metaa, Rue Ouled Aliyane, Rabat","4,5",Désirs D’orient,N/A,https://lh3.googleusercontent.com/p/AF1QipPzn4WWUbQ5f5UAWq42PtGqn2ZpGR2CC1TcDThM|https://lh3.googleusercontent.com/gps-cs-s/AG0ilSxTUBykOlUUubcQoHmWURJduce7LDkl44zPSI6Zf0-roqrtIDGE7p_6vy0gGsq34iSzciU2U4xRSNYoBAm-s3VkFCKVnOMJNxxylPjQTYoZnq7TkeLmyEIimungsEez2kdXDNdCJg|https://lh3.googleusercontent.com/gps-cs-s/AG0ilSyTiAiqaG4t8LE2BNGivO1_lDbC0ECkv-6wP5_lZjckt211G07zhjxr5MJE7dKXYdn_0htF_Ff5mB5FXxLvwWjihjtN6irDOEPmJP18-25FClnQP9zFwfaijTNz4TOOEU7uKQI|https://lh3.googleusercontent.com/gps-cs-s/AG0ilSwIm2FUp7vvl6fzM189G2j6r4jqAyeyAr7thBO7FvLZyZRi-YRUeyc-rVeYCcJgEwCLNf18pIDmhAg77npOAna-DxLStGKIoYQx4LtYp3fyEoagOnnjacxuIGWCdAJJwzdBn0Etvw|https://lh3.googleusercontent.com/gps-cs-s/AG0ilSwZMKwwAH-tUsZVdtewfJvYvDe-hwKxtobxRcFsu9e3HxDEV_H5AiLqAJUK3W0_fGnM_dAEnryZGT3kVb003vEwH7p8Q04lj6zT8eHbGxO-211ACmTSxk68RyR2E4rfd19yWe4|https://lh3.googleusercontent.com/gps-cs-s/AG0ilSycTnHRM6JMGdSplug7IH2nwhmtseMKJ3VSlbMnSEBIDfeY3meheyDZBeFGFpTh5uyGK1ksp9NVU-Iaez3WHr1x0JB2UcT7qeZK7DRdbc5pTE8u1Ebz8M2MQSsq2kfgH2WjBSjeyA|https://lh3.googleusercontent.com/gps-cs-s/AG0ilSyWFCi280rkhKBT4jIEZeeRtslbWwCGnIFCCNbhOFpgU2_iSWP8qASn1gxKrgjYHn0KSWUU9PDK_Q-3t6wFBYBQXZeI3SubM-aPTo_TZsQ7SgX7d32xFnzVOkSt8qy6j5VHNQov|https://lh3.googleusercontent.com/gps-cs-s/AG0ilSyJ7PNDb3RQBSV_6N4_s9OHnx33CJoiMBqhzktjYIMnXfN-t1PaBrx0zpbEdguT9H3ag2055-JcEHwkwepKmINdSXmP49X50iXhSL44KYkCZJLYlmrURHInmqsBguad3qfub-xw|https://lh3.googleusercontent.com/gps-cs-s/AG0ilSzjg9Ej1DgbcVVZottH2rW9B-gG4nNON70wIJ0r0Jnho69P8gClDQIYvO9Kzr5IsLTdBYXL9Ao8KLBTzgfrxOgzyPZ2nrIPoIrJR8DiQSeK7AIFJ7DQIRD_lQC3S_4p3ZDZvNI|https://lh3.googleusercontent.com/gps-cs-s/AG0ilSx2gBGpUduLnXgMqPwbSbDWaBejjGQKqV8MdC3_KeajeWUkGZn3ZhYFvIiB5qZt9VWjimdJ-Zp9QGhENBFntyEjkOkyFR6MhJI9DjAPlMrOtNWO-Am3HZxslbgQ2JqCpDzD6Ydd|https://lh3.googleusercontent.com/gps-cs-s/AG0ilSxkD1qAhxbde0tZLRdnpAVzhEOAm6PP04wkcQfbMITqnueXM4osztzeBUDKvVmkvuFOCe3r1h8KVTABbzB2Hqh8dHZqzfO4-MfesoaVlOrHx2RUNkYe0Y-SeRt0k3dVSzOCQHLc|https://lh3.googleusercontent.com/gps-cs-s/AG0ilSz1_-KAjdGuQXnLVheKSV0N8JZW548ZhAZ9WeDg_0wYfI3-_oTRZG562qQk83Rns2y-04Yp06gPgxLVVJ0aoHG9JJfqVP8yj2lI2RXGroSEK_7uiz1tezTi3WNhOkxOWwrGAytlAw|https://lh3.googleusercontent.com/gps-cs-s/AG0ilSxT7TBJ5UN7UNx2ZX49e2sckW3rQukU-7lcn_eFAg3Cy_EiTCv-gD6LGcGVmDItvPRBN7E6dehaoCRG4PtP_uxSlfDVh0ry10_mZBSiOHuES8jjdRdcsnGApUGVhSE-9IjJxn1hAg|https://lh3.googleusercontent.com/gps-cs-s/AG0ilSwE6fLfStbqP2SwXC9SjzPv67Aq3CeURcer4sry-DggEx4lJkepC0T78OYVmdDyr3UsjeVafYekQP2wql_zNuFKx0Q6_B7xlHx7U2zF7u1F0UkJSsgg-60UZRw3rTjdt4c3zXkrLA|https://lh3.googleusercontent.com/gps-cs-s/AG0ilSzsNy3pNkKahtnxx0oFDVa9R1UMbeHl25c4EYJgG_KkX5caYaqBeMFUpVafqRpfDz9Gh_AY2SGm1UJOs-EbARSMqAHlro9y6PJ80k26DZypqzbpjdrDk7dYl-jqpFvjkdNlyHKa-5-lrELj|https://lh3.googleusercontent.com/gps-cs-s/AG0ilSwDSz9XQQU_2PHJtf4zVyY5uTyW-Ec_1PX1Vb5GPcIwZCAh2EqV-_xQmvLx9HiF8CxL_jww7Q8mjQnxkluefGv4tsTnZ3JchQhL9J84cc7A859Q7Kj4ERkvDu88Bp2YON6-AZJ6_QkR5zgZ|https://lh3.googleusercontent.com/gps-cs-s/AG0ilSy0N5q_QerKkKRRTJISgsVPx_vGv8WhNTWy49rHBGwe8K_lsHD5_by0b-snlZcmpC99_ZmY2JBcuWMLkQqjOO2bv1rSV9PoW3rOxNbIjNgcXElXWctfWtJp44qiEjOFqzWQweTO|https://lh3.googleusercontent.com/gps-cs-s/AG0ilSyeKDp_Vl1iLKFuYEMzrFn6UQbUILrpqx1RZxztdVI-nxNM1VVN7_muOlKT793d8s1_pAlyS7eZHIoW-sIXF-gUyvx5YnEG-jXOQSEwMnirAB7Kqx0W4qiqdioTdFOpcPKq2Sau7PVBMYw|https://lh3.googleusercontent.com/gps-cs-s/AG0ilSzVb2mcxyibZIGAfDj9RsRE5bU4Zu4IY-YiCceGkEy1eBkIz05YNxCRBPTeVUkqM6PV2EfJUZIjfDa4Js6uPz6o78BCjql0QtvzNgQ8w_PzFEKT221WFHMPtClYsqg0pnDAIkJr|https://lh3.googleusercontent.com/gps-cs-s/AG0ilSwH8QZ66Cd8SoOdBkgqbaDm4H1bU89ejcSoZUiGcbrMU8n98z4M13ISOpdhx49I05FN865yyJHeyleaL9iADX3Q7KnzYVL-TOrWqx34TXyHsfMZExKFbh3xl_tRmTBYzYhNRvwL,https://lh3.googleusercontent.com/p/AF1QipPzn4WWUbQ5f5UAWq42PtGqn2ZpGR2CC1TcDThM
N/A,0666-282718,"W3G8+FJ7, Témara","3,5",Hammam Lalla Khadija,N/A,https://lh3.googleusercontent.com/gps-cs-s/AG0ilSz_oGEkc3bybHFHAmNMyMu7zKQa9whv9bZz3GM9LoDvOANbxD4n1B55NxI0sQF6ucq6fp7A9a52tAQ1pjIq8bh4bLOBqqDV23jPXl0_BBTExSR4ieUX8fbH-qggh5GpFKJo6nz-,https://lh3.googleusercontent.com/gps-cs-s/AG0ilSz_oGEkc3bybHFHAmNMyMu7zKQa9whv9bZz3GM9LoDvOANbxD4n1B55NxI0sQF6ucq6fp7A9a52tAQ1pjIq8bh4bLOBqqDV23jPXl0_BBTExSR4ieUX8fbH-qggh5GpFKJo6nz-
N/A,N/A,"12000 Av. Tarik Ibn Ziad, Témara","3,9",Hammam Chifae,N/A,,N/A
N/A,N/A,"W3CR+FHP, Témara","4,1",Hammam Albassatine,N/A,https://lh3.googleusercontent.com/p/AF1QipMpxF_PA9zIp2prktSry7OFzFPjUvRoy6AqaPs,https://lh3.googleusercontent.com/p/AF1QipMpxF_PA9zIp2prktSry7OFzFPjUvRoy6AqaPs
S'identifie comme géré par une femme,05376-46620,"Rue Rajaa, Témara","4,4",Body and Mind Spa,N/A,https://lh3.googleusercontent.com/p/AF1QipOJ7voTiAxO0uZ_hXeww6Ed4rVU7F8MFblu9DOT|https://lh3.googleusercontent.com/p/AF1QipMVsk3jJa6bnnnJYmJWIZa0-zVTn1VKn2Zu2ZAS|https://lh3.googleusercontent.com/gps-cs-s/AG0ilSxWBV1cvJpSiI-TLRGq8i1hyWlNpHgVeS-_2pT6sbjlC7E0SqDGiO3Tu6P3rsgFTNZ61DuxvfyUv6eSv5hqIg_UKvM_KGxlfPmaJPjodrbKKuwvJ5jBuYYm6wbcL3Wuom8Cv1Bu|https://lh3.googleusercontent.com/p/AF1QipPyBpp5SyS5MsQeWPCWwhGmP9Ctj807Rl2e-mHK|https://lh3.googleusercontent.com/p/AF1QipPZvDQh06vLSlwFlaNSpp8AaO3nqmqr9DbRrGhj|https://lh3.googleusercontent.com/gps-cs-s/AG0ilSzE8yi0VU0VELdoMempq-Z2UGBM7TGySHD8FyM1DaI0wKmpGPIIOUY1AcUW0UU474JGbcTqVHonlqCDzIdiNXeRbtWMXgmMCXw6RFI4JEm3dB8doFS6zYsmc2pc2LUOWzYDhiAr|https://lh3.googleusercontent.com/gps-cs-s/AG0ilSxYewUCqgWyU6Dz1jF_SW9gdq3hdW6LQpb88f9ClZ6Nc8GEdzLwLturjl1DwxLVz1GaR4DwE2jW61P2Rj0qHdGqMalonk3G5fymTOPquvDli4N-EUmKesSf-Pvo9ASKRTdnjdquFIZfpQKL|https://lh3.googleusercontent.com/p/AF1QipNeIVA8JXyPlyefJQZrQp8YRU0v4NElIXs7Adyn|https://lh3.googleusercontent.com/p/AF1QipN6IiLnL6tKxwyRDMKnN0LOD6QfwDBle-IKo-ZE|https://lh3.googleusercontent.com/p/AF1QipOyOOXtSaldCw-DH9cETdEjXnLrINnJZdIOUmCR,https://lh3.googleusercontent.com/p/AF1QipOJ7voTiAxO0uZ_hXeww6Ed4rVU7F8MFblu9DOT
N/A,N/A,"W32F+942, Témara","5,0",Salon & Spa Chez Hamam Hasnae,N/A,,N/A
N/A,N/A,"12000, Témara 12000","4,5",Hammam salam temara,N/A,https://lh3.googleusercontent.com/gps-cs-s/AG0ilSwXMsFp-Wan0BXFa78OsUNz0HvUUk38twnP5aoVQypgVThBjjbjrtjIFXIZCPdVtExomLGHMDwFHB_nZ6oWDxsfj5zb3o0gFFQlDZUZQHzt8oAuIpqFLyD_ck1v9y-WvbdQt9Ka|https://lh3.googleusercontent.com/gps-cs-s/AG0ilSzzqQf_1nVE-y3WsUOHrJ5fosmW5FQpmadIouIhDDfBYUdEpquotof7sD1k-LJjhddLumUtqn-le9fvhp4lpyc6-AvSrJVgJoCct0IyDHXyWgUw0PqpHRYgTy1YTOrUsL2M6Fzy|https://lh3.googleusercontent.com/gps-cs-s/AG0ilSy0eI0Gq7vZhFZykaiEUg0tiWO-DGIwJf_cIx0VZJ-8osjRbyMKfz4xm8h2trP7mq_1zPPgJjQhF6pnUGV5D6P7Nceq9mNoP0x-aFmmHyaTg52olvHIVlPIz2ehC1aDKWcgwQW0,https://lh3.googleusercontent.com/gps-cs-s/AG0ilSwXMsFp-Wan0BXFa78OsUNz0HvUUk38twnP5aoVQypgVThBjjbjrtjIFXIZCPdVtExomLGHMDwFHB_nZ6oWDxsfj5zb3o0gFFQlDZUZQHzt8oAuIpqFLyD_ck1v9y-WvbdQt9Ka
N/A,0642-485758,"sable d'or, 12040 quartier tito en face de l'hôtel la Felouque Harhouha, 10 Rue, Témara","4,5",DOLY SPA,N/A,https://lh3.googleusercontent.com/gps-cs-s/AG0ilSzmJYB3bNhhmVvN8JaQ_qurxohbQg04JUILafr388TbgONUzveDsaw8Xg4qhRZIOUdzOcggH5Ka8hQiMfPQL4hqqZvDWpwwGNoCEsXLy21FvUYzsAe4gbkw0EV3xOwZ6O0GAp8cM73E4GA,https://lh3.googleusercontent.com/gps-cs-s/AG0ilSzmJYB3bNhhmVvN8JaQ_qurxohbQg04JUILafr388TbgONUzveDsaw8Xg4qhRZIOUdzOcggH5Ka8hQiMfPQL4hqqZvDWpwwGNoCEsXLy21FvUYzsAe4gbkw0EV3xOwZ6O0GAp8cM73E4GA
N/A,N/A,"W387+RG5, Témara","3,8",Hammam Public - El Wifaq,N/A,https://lh3.googleusercontent.com/gps-cs-s/AG0ilSxEugG2QyNFnMBndv7tIa011J4n1v_ie3itUIkHWsu1nxAQp75EBuuP6ujmFaibtIe2AnSqWq36EGBs-jCnjc4G_rShMOycoF4v1T5ZTKPPFrSaiuV4ChLQsYgJP-jz-guFz90y|https://lh3.googleusercontent.com/gps-cs-s/AG0ilSwLY0881DYjJsgZa940FKf6AiuC4YQaVHkZzhMj7FR9dd1P9HH8J17W7tbWiZMr-XOOa2fvxkRYtL-XEut0E9AtQpXj2l8EApN_85eZrqyi62vwOeiAkoKWIqlza-1bZZXcwvqA,https://lh3.googleusercontent.com/gps-cs-s/AG0ilSxEugG2QyNFnMBndv7tIa011J4n1v_ie3itUIkHWsu1nxAQp75EBuuP6ujmFaibtIe2AnSqWq36EGBs-jCnjc4G_rShMOycoF4v1T5ZTKPPFrSaiuV4ChLQsYgJP-jz-guFz90y
N/A,05376-16231,N/A,"3,5",Hammam et Spa Jawhara - حمام جوهرة,https://www.temaracity.com/fr/listing/i-fitness-club/,https://lh3.googleusercontent.com/p/AF1QipMnGlergNGwXm_6fRHgm6-bFpV4ZlbVDDxC9KDd|https://lh3.googleusercontent.com/p/AF1QipNACW2_fzP61RdsXtrAx1YWANbqR3nhuOMcp266|https://lh3.googleusercontent.com/p/AF1QipMAhJhhM0ZHxirTg-cDe2rau7LQrQ-whf0FZf_5|https://lh3.googleusercontent.com/p/AF1QipPfb_jkYGKHw33shb3NY5d6JcI4lCs20_DWkCLl|https://lh3.googleusercontent.com/p/AF1QipNR0v8kFtNoD2B2pTExfKKjInzzAJGbwZvN_J05|https://lh3.googleusercontent.com/p/AF1QipPlEmhR7brl70owjVK87rO3Z9Cw-URT0Yrftpvk|https://lh3.googleusercontent.com/p/AF1QipNxsoHU76hUtPOR3Yxd0aO-c_8bZXgsinu4t1Uo|https://lh3.googleusercontent.com/gps-cs-s/AG0ilSwrZglmu-SC-coa7kbanRbq3RIo4SmGJkrs_hDjY8Ybtd2wgv2Upnfwd2DRSuwxqm1PZ6MKprzwUj14u1YxBad0tFwnitUIZFieLI5t96y6SvS7OPlY-bOom_NpVvmBJ6w4dGEg|https://lh3.googleusercontent.com/p/AF1QipOWX3kUpqTusezX8ghW6MhU5yWW4bxb_camuBWN|https://lh3.googleusercontent.com/p/AF1QipOnaOBruV9hH1UMFwuNaO6Lfd3DXlc0n8ztJWfs|https://lh3.googleusercontent.com/p/AF1QipNyzfNplmK6GHfoyXAGI3LjKobJtGnPM8-mQLSA|https://lh3.googleusercontent.com/p/AF1QipNCELUye9_FFbS0sKTHMrqAkfAIRfsTosu1dVhv|https://lh3.googleusercontent.com/p/AF1QipOYQ52Qd2rB4cov8GnnLLNlJS7YG7dlf1wR2f3P|https://lh3.googleusercontent.com/p/AF1QipOIfHTWTjx7RfMBx0N8RHfWtFdCNzAaU-voQzqH|https://lh3.googleusercontent.com/p/AF1QipNHhiJbQZR8aTT62y-rQ29b0Sguk1SV4f3YBbac|https://lh3.googleusercontent.com/p/AF1QipPI5U8wpztcruFqY6XZbGBLPuMVQQ6dIQWnd1S9|https://lh3.googleusercontent.com/p/AF1QipM55wUxKOvawaBKeFvPvM2R9QwE7tPlMDAz9w4q|https://lh3.googleusercontent.com/p/AF1QipPqLXvL2rsj0p-MKKETJfqDG2BsVbi-zsCmFeEk|https://lh3.googleusercontent.com/p/AF1QipO4qqH6YiWZpWe08dGAL86omxOpidsUrUxU1hig|https://lh3.googleusercontent.com/p/AF1QipPsUh89ZRJBEJ9ZrsJipl6_T-4b1nxcb0o1zqlB,https://lh3.googleusercontent.com/p/AF1QipMnGlergNGwXm_6fRHgm6-bFpV4ZlbVDDxC9KDd
N/A,N/A,"W3MR+FJ6, Avenida Moulay Ali Cherif, Temara 12000","4,5",Massage Spa Rabat,N/A,https://lh3.googleusercontent.com/p/AF1QipPqLXvL2rsj0p-MKKETJfqDG2BsVbi-zsCmFeEk,https://lh3.googleusercontent.com/p/AF1QipPqLXvL2rsj0p-MKKETJfqDG2BsVbi-zsCmFeEk
N/A,0530-757576,"W3F7+2H6, bd al khansae imm californie, Témara 12040","3,7",imperial-hammam-spa,https://www.instagram.com/imperial_hammam_spa/?utm_medium=copy_link,https://lh3.googleusercontent.com/gps-cs-s/AG0ilSzLBwDVYC1Vh_dN3OWwtdmrbEBl1L4vciG6vkxqUwfwoVkIAnIfVZbUqca8yqIs458n8RmvC1YkWGrP2a2zZ0PQ3KmKku5cj-RuxdhlkGInPMdDDQSUlsSTvYNslFKU2cC12h0x|https://lh3.googleusercontent.com/gps-cs-s/AG0ilSz__qNvhzQT5mDbua5NpSsh5nLI0ohkOiQMG-wodA0usJJ6VUVIsojG0N0M6I-0J3JDyyv-5SdFcV4WrK-7jabImaOzhNwWG8d4hCUFZc6ODX_BpijrHzKI2WOcqOTrIWv4TukjbQ|https://lh3.googleusercontent.com/gps-cs-s/AG0ilSxJCsusFeblq1M85WQd8q_xr_0n2VlAScmhnEq8menovZe51zTYXWAxmUgGO0-DTl2R1IbLhwY10SsPZpJagfCIrJO35X5H0hldUhOlSdISAYPQgp3xUS0yLyosZ8-ZA6noGy-Wdg|https://lh3.googleusercontent.com/gps-cs-s/AG0ilSyULxM8rRrA0pbPbDD1Vm4EpwShRdoerJhTG5roxEmh4-ipik6cl30ER_aCgQBtzDUAFp750d8RYgtY3wAXVCcQQMrm-XTPJT5BGaXsASgzvOIsaAFb70M1OkRszaIYqfXGjahHbQ|https://lh3.googleusercontent.com/gps-cs-s/AG0ilSxvXJLMYwd65qQL48i42v0XjDxjvC8-2Yl7rJg1_Fr7xpQ_0UweECo7rSK2aKMhZCl97Q2NoXhyO452V54NGueCDnSfSFgaFsR1obKhSHvAGkNLQjOdYMq8kboTrpNCg4QTbK8|https://lh3.googleusercontent.com/gps-cs-s/AG0ilSzwzxQu8TNhX7IRz6vosECwa2TvI1NkpXqsUJYAOTPpARAriNbFwGJeacnwUQmRIwgxP_7_RO0ujut6my7H-A08nfq3x9FsQngQINKJre-bV6r1AIV-f2VOTB6q9UvPOic0VFY4|https://lh3.googleusercontent.com/gps-cs-s/AG0ilSwZmBWd9HS21tyyNYvaTvuBWArIV02PdLTMK5Y-2s4SOxowwPSZP0T8BhG4JJr6lqXi8Lv67PnJOYD-J03fVw8QBO_8A_IhLw32EiGoMKNGJ9GjafEKuHCDo-9bUTXW-i5m7nSW|https://lh3.googleusercontent.com/gps-cs-s/AG0ilSwS8Oiq0OP5FD1Kyt8ljgllG2eRZnhwIQ9L_ZhlX77CEvbj-PQOPWdI7XkSblonP-3tuvYCbWg-3y7Sf05OXcZj70SaMjWeq7Yx4f9OQb4kUNX7Km0ConYvhXa7xfYaqpOrjAhsAw|https://lh3.googleusercontent.com/gps-cs-s/AG0ilSyy9WJEB6MUVp0zOKHq5Sh59dLp6vNvM_XXtnEFSWD9V-eusp3wue9hVxxFlqQ2z2R_mDjsA4F1dKZanD9WzgQ9Dt_wIMlDp7TQgTN_cwylxNzOc7-Qfwj3TFkj_34GH84s-C_L,https://lh3.googleusercontent.com/gps-cs-s/AG0ilSzLBwDVYC1Vh_dN3OWwtdmrbEBl1L4vciG6vkxqUwfwoVkIAnIfVZbUqca8yqIs458n8RmvC1YkWGrP2a2zZ0PQ3KmKku5cj-RuxdhlkGInPMdDDQSUlsSTvYNslFKU2cC12h0x
N/A,0676-300132,"N, 11 lot Ben Moussa, Témara 12000","3,0",Sunset Hammam & Spa,N/A,https://lh3.googleusercontent.com/p/AF1QipN0c8Fibp_L9Kx1Q8QgHj2TYOuhQk3ds_F6EhJ8|https://lh3.googleusercontent.com/p/AF1QipPb2JrRr3txXFYPD6shyKfuQuaXSBq0Zmy3zxPW|https://lh3.googleusercontent.com/p/AF1QipOSmdi8gA4Bf6gc_avKQWWnHQJ_oy7B2b9ThFom|https://lh3.googleusercontent.com/p/AF1QipOzdkmsaG00R3e9zD7S0hZEd30rYAB6XO4KROFS|https://lh3.googleusercontent.com/p/AF1QipNmi2LVjmaYsCloh6_WO8Hjo0A5zY3Za_NyDtAs|https://lh3.googleusercontent.com/p/AF1QipPQqsFe21J22rcDTRh2in5xksIpxKTj0Zt88xN0,https://lh3.googleusercontent.com/p/AF1QipN0c8Fibp_L9Kx1Q8QgHj2TYOuhQk3ds_F6EhJ8
N/A,0530-433433,"Wifak erak 1370, Bd Al Khansae, Témara 12010","4,0",Le Castelo spa,N/A,https://lh3.googleusercontent.com/p/AF1QipMSReO0kLSW51dA4sea0NFXw3C0SP487w6vjr6c|https://lh3.googleusercontent.com/p/AF1QipMERNCQjiCTOr28bbb3koJPJjIWoqYot12dFvs9|https://lh3.googleusercontent.com/p/AF1QipPFuzAjpu_g_emeyqUt3cr5jfuxyITf_hVD7M8U|https://lh3.googleusercontent.com/p/AF1QipPjGFRO66SjQ-HiJY9F57A43XeSMuLu0X38tSmV|https://lh3.googleusercontent.com/gps-cs-s/AG0ilSxYLu1UoO2A4Hjk9-ta1NxBz_iECAmziZobSeyq9R_EgbjAN08oxn5oFZw09MWf3a7gygDXOmyRmiQlLlWyNOpxBaF3MV5rZ66ULbR73or4xxs-1hxNO_LbUibpzq2CYrY8i2ZM7Q|https://lh3.googleusercontent.com/p/AF1QipMAIslHj8T_R2DUIY6y8dUm70AEGk2EfOKx1YFN|https://lh3.googleusercontent.com/p/AF1QipMT4cTiXBze4bwFR9cmIADx45j055uPibWHT4kE|https://lh3.googleusercontent.com/p/AF1QipMFvvte9Lo24R_UMZ7BX3DV8U45qAU68-6_FbVT|https://lh3.googleusercontent.com/p/AF1QipMNRNsqjdWPDkBEvsbAzHWjtRh46E_Tbtly8w7o|https://lh3.googleusercontent.com/p/AF1QipMy_p2rj1oSCMzO7tBw2c5BzsqfWDvS3-haGS1V|https://lh3.googleusercontent.com/p/AF1QipNpISQaRmK8EZkwVzVIEDdLUnBJ006GuaGMNPLL|https://lh3.googleusercontent.com/p/AF1QipO9_XPHyvZ4luo_OqQdrAsNQm3K48Iy9yHB49jn|https://lh3.googleusercontent.com/p/AF1QipO3CabCXBd-XbPL9bp_ebc-_jMcZryUnjyOIxh1|https://lh3.googleusercontent.com/p/AF1QipPRCjqq2sBrTWWYVwGTs1cROpkLhY3OXeXzieLn|https://lh3.googleusercontent.com/p/AF1QipMlbkeoR_TgpSsb48DiLPqTPx5kAbOlnsR1r_X8|https://lh3.googleusercontent.com/p/AF1QipO9ZQq_R61KzcPP0r1JJQL2oXzmw0PIC66_TCcx,https://lh3.googleusercontent.com/p/AF1QipMSReO0kLSW51dA4sea0NFXw3C0SP487w6vjr6c
S'identifie comme géré par une femme,05376-27220,"12040, Temara 12040","4,5","Le Jade Spa, Institut de Beauté",https://lejadespa.com/,https://lh3.googleusercontent.com/p/AF1QipPd6fRyE4P8L34qa3dFTgvxI34HqrJ2g0y20NHU|https://lh3.googleusercontent.com/p/AF1QipOLRHPwRIsrOddAXCXAPS5IjUrD2aE2eTgqm-oB|https://lh3.googleusercontent.com/p/AF1QipNa6RQ4oD5evn16fdgoKsaWaFY06QAf3oF2aLpY|https://lh3.googleusercontent.com/p/AF1QipN4U71tiiIgK4pzqAQCsjFPChmrtp4d1YCN90QP|https://lh3.googleusercontent.com/gps-cs-s/AG0ilSyoTG0qK_knP87cU9E3pZ4WjwtypR3ndi3biuAFH6Pkk8cDNtAU0R_8tuM3V_dxyq_pKqkiY9VQRf8Z7J71WFZzgMIe-RppkqkxljGgdodi2QVLY8REoIDp5f3XIEm7cFeAjO7R6Q|https://lh3.googleusercontent.com/gps-cs-s/AG0ilSxYKf0pDtYGOT5BbA7CtZqjmgNrJlqyJQ5OyymG7bXdEikpVd4IQbwEmX8sBptBnSKUcW1WYaoGOQ2U2h0IQQN9y1iaXf1jFetMK0cxmP4SpSh_0S7qXGzMJTHH17nUE--oIuW7|https://lh3.googleusercontent.com/gps-cs-s/AG0ilSz0mE6hEiE8X3EsGrcVuKnpoxc-6i-ltOoVMMAMCT67WCgIsbdY4Jor2oS8Ow7UqLnGaeO24qp_pppgr_0-OdBj2UTDt0Y0xO_3PPennDDr4ixnhYC53XUCGut6UnVoAYW223uFnw|https://lh3.googleusercontent.com/gps-cs-s/AG0ilSzg5OuTNqwGY9IbQ2CxmMa2kk5wFU8tiTGnKPnZLXFCdEFAaSJ7GfQqvzTgXIGE4Pr76gAWNkJ_Nd4seXblnh0iVF0pnQ8bqjQFhEexwe4HcPqOwm9K9aYruz16N5Y4sLi5syhi|https://lh3.googleusercontent.com/p/AF1QipM5R_-_30rC-z9VKS9b7_qMAltrb7MK5RI3tUhH|https://lh3.googleusercontent.com/gps-cs-s/AG0ilSy3jhWOTso-KrcLDxCuEVb-Vc5e4dbHM_b5qcXIeIjZS2jivn_tRkFAqAJnV4CBbsEX7UATDaDq0wEAGgpKKE1JlRsLo41b739XCUWZ2mLjA_HvpzZuImNIhHM0pf-diVbec_P1Ug|https://lh3.googleusercontent.com/p/AF1QipOTAflbP0r833GGlr85B7SGafyn79nxiKtwPO0r|https://lh3.googleusercontent.com/gps-cs-s/AG0ilSwnswmfS8WVsOIdX7XqUHArMEN-gV0VAX8OJMm5076qgDQa4gBwmrDY2lO4PFFna34aRTTWhLW2FD5rxilPHsDKo2ppIj2T2zybH7pKvYMr1zijVPSZkKSpP7OpnTW9OgRCxWBh|https://lh3.googleusercontent.com/gps-cs-s/AG0ilSyvsL8bYOvH0D-lh0KufyOAeQbLk4NlN0RZYUj5ovPnJRouRMPSQ5D-O1GDwx2M8KYbp1UzvUjbspXqE-szvoJfpgnb8qYtR2BOrlxI2f4rE7tCl2XL1eoZzMOIDE-Fj3NcXGvUJg|https://lh3.googleusercontent.com/gps-cs-s/AG0ilSy2SwrRHwGUe5Ujc-Hr7MFSUaj6-E2Z6Yte94_JBAts2acofu8s8oBOCyx_oFvu1XY_WkMI3bf5Sv-umSTBZWCy-sRBvgIBiV6WxAtt2adUpNGtE5Mn50a5enp7Wi7d36Fz01tm|https://lh3.googleusercontent.com/gps-cs-s/AG0ilSyBp_x0xweqMCH_Dp3u-sPcUi1oD5rNgfqvYX0ZXsx6ZCUPVS04GjlmPjMwzs7ee4iqQxi4MS95-6cnE5q_6lQJgzgLrmxXx7se67Td67_Jlwb1oxDnnGyIUyiPTkDbByjZYyFB|https://lh3.googleusercontent.com/gps-cs-s/AG0ilSwIgU9GNKoE8BlWv7oBa2HLXFsm9YI8g2s8il1Ln2LTuHibCPbYM8obDiCdvCAWMxCSG6d-hxZglU1C5QRCqywBdKmVZjDz20MZqO269oAu3IquWvcSnBnh-0M67iz1JcoEMg|https://lh3.googleusercontent.com/p/AF1QipNp9oyF65clmKDzzNP5jo88N-qYf9mSJMjVYEot|https://lh3.googleusercontent.com/p/AF1QipOK-9b4NEmBJ8Q9ZqIQwCYtCjdGBxoc7aKJbL_s|https://lh3.googleusercontent.com/gps-cs-s/AG0ilSx7AdZHYmsvf1loa2VgeOdxaFrc9vVnw3mlyJ0hON9pLdIyN72ZNwQbfzqoY1B6_boL-pCOKWnTC1RtIrpT_c91qX7R36RCBSsqBmkBbylNZoUaR-kjnN6AdWdX6VMqyn9jm2fh|https://lh3.googleusercontent.com/gps-cs-s/AG0ilSxM-i_yEeecHejRPctj0ABOzb2-ErG-ohNkHCKBui2a-gX0XWGivRNUt3wNdQZutoKx7LSbJ1biLOqnCnFfHREwIB474J5c5OsV1VtQNOww6odMX9KapSQ1f4OvA11ghqGYIbsi,https://lh3.googleusercontent.com/p/AF1QipPd6fRyE4P8L34qa3dFTgvxI34HqrJ2g0y20NHU
S'identifie comme géré par une femme,N/A,"lot smara, immeuble 106 Av. Khadija Bent Khouailid, Témara 12040","4,4",Instant de plaisir spa 100% femme,N/A,https://lh3.googleusercontent.com/p/AF1QipM2EAVCS12zmrxps_-ImArhgcyXovS4LxXu2XgC|https://lh3.googleusercontent.com/p/AF1QipPqPHFyCsQW4vTyH9xvCGc_3Hr7K2OfXy7O4Akv|https://lh3.googleusercontent.com/p/AF1QipMieI3s_cPb5RjEDexpzC2fvtWmwDh6rVO-Y1st|https://lh3.googleusercontent.com/gps-cs-s/AG0ilSyKiY5jTsIjfEBgsR4kLR___W05MTsM2pGQmyqbQEssuOZSJuZ7h_FpH5T3z4EK91MI5dhTNI6kPTyWlzEUwW50A61NyxOqwa5KJZ-jyrSEi516RWwz70qsbsOJ_nQVKK3MYJ0Odw|https://lh3.googleusercontent.com/gps-cs-s/AG0ilSwjHT4hdK_EJcG8M6iaaO38q--hnv5ojfnz-UfcYkb9bnF_Y2CRU23KWr7VdVOk1CsstY2wUTYfBMC1Ko7CLn4f64FGLDoOoLtI_7qZu0ABERtfCpY16j8V_E-vnpY4ZB6IEqGgfg|https://lh3.googleusercontent.com/gps-cs-s/AG0ilSzs3K8P4BoDANZt3eobMUQfHXjXNMdpjbFm47jlmLWaNFt9ddwnpbSUx76COtYWBDaV2c0nDru2ft_fQWPgtBF6FDVD5I4gsrTl5yxnSY8WSWk-V8f6ZNiACDGgW5qkhOQ6XHUX6Q,https://lh3.googleusercontent.com/p/AF1QipM2EAVCS12zmrxps_-ImArhgcyXovS4LxXu2XgC
N/A,N/A,"W3FP+J3M, Témara","3,6",Hammam Al Fen حمام الفن,N/A,,N/A
N/A,N/A,"W32J+V72, Témara","4,1",Bath jewel,N/A,https://lh3.googleusercontent.com/gps-cs-s/AG0ilSwtcYbquM7Ti0Oa0MlPa7wpkMIcaiWPlBBCgRd3dwmOZLOMrt1BirOBuKVavZudlQO029dgRUIHoQx36iHw6M4OJzdAIql2aom1x4O-N_R8hsTCXTSnf1Q2V66I2-rbLmqh1fiA|https://lh3.googleusercontent.com/gps-cs-s/AG0ilSxr13ZRt1fs7L97V769Rrku-T5Nvp4pXJElDPWCtCbttyaZgPJGHVLUvjfMEuspPzUc7JZv60nvO26819DuB9mZCyxxGUHGFVyJcVfiNP1w7FlFpHMY99xXdZmflz_CnPCCxB-ADg|https://lh3.googleusercontent.com/gps-cs-s/AG0ilSwEuXezJkLQ9maAFHT8Bot5SfvG8gEg9LVz3SKshnKagJo4Y1aGnaYhHy8F-c08uGrn4KDTTk7XwzRXG3iHHRxrEbTDT417X1GfZb1ZjmGn-nG-v-lrCWpBV4nxSrrrkxTnVIu7|https://lh3.googleusercontent.com/gps-cs-s/AG0ilSy7hBW4I0DxiMr5jl0DxPKLnL8oLa-F74Ms-awlCLtka17vSCh9K4G7_bF9fMggRH7TjX6IbbvyaEpsMD3UnSIBRQg_slfzNNbK2QY8gB_vs8qze6oSMmbLBYZ5jwpI-sLLReox6A|https://lh3.googleusercontent.com/gps-cs-s/AG0ilSyk7VyFs6gGhRglJF6tiVON16cHRYeo29bIEzKNnzDSmy5uixP-yEN95tlulFM-_J1OfNM8C5y8fNoxwqgsqxSfwjI2xMp121GBC2EAl_IRMm_JfJfFIp06n7uc9mxw3Wi-JJlr2A|https://lh3.googleusercontent.com/gps-cs-s/AG0ilSzV7bXxBD7wj8NIimn8e3l_wYXcljN74KJ00wyChhWoh68C1sVa9z8eP_zguq0NQJkT04z2koFrAwyYTP8E7AH7LlIOexNekEsXr05-woA3RDXCfTILdYPCbkdv1PrgaxV1dBI|https://lh3.googleusercontent.com/gps-cs-s/AG0ilSxKqHHS37YmNR0NWR54bP1um9lpcHamt2J-Mn3KR3Afh3b0z_LTKXx6Yf1pLuBxQPAerN4taeTR7ZV59wYCuC3uKGx09lPBRASbD_giswqfp9eT6elD6VrCYs7JF4AVeSu9tau2|https://lh3.googleusercontent.com/gps-cs-s/AG0ilSwId8TW8FC-nSedZTOJLeutn1SsUTpJ58xAJdDaTEPxBlxa3DRJwBjsg-zDJt_vBFvemwRGaj_XiiHFanMvh7PDSrE3Q7OsaJLQGmu4osy_xfnszjZUKuJDmbmkZa-Hsp4Af34b|https://lh3.googleusercontent.com/gps-cs-s/AG0ilSxY4k6O0Xkys83RgFMXsc7R8UVLoDuGVc0t29P9M1AiMTki8kz8VuN2GAkXYZ0y-g7EkC_VjeUeAS1krBMP9rcNjchYD7NHEuz1peJMvNg8ZW89y5rLaeIxcXKt9dT8RlPaqj1B|https://lh3.googleusercontent.com/gps-cs-s/AG0ilSzwyBZa0oOReXEp_4Vu2uINK0rtcQ_yJarxhlT6ZA7ni-SoUf1-VqkqOoUZ2vW-5AXrHV91NOymLwXiuhjVih7oOf_ABlhDi0oRIv9pZmy-XKJdzm5_viJr_bKAozbgBS8ZgcpJqg,https://lh3.googleusercontent.com/gps-cs-s/AG0ilSwtcYbquM7Ti0Oa0MlPa7wpkMIcaiWPlBBCgRd3dwmOZLOMrt1BirOBuKVavZudlQO029dgRUIHoQx36iHw6M4OJzdAIql2aom1x4O-N_R8hsTCXTSnf1Q2V66I2-rbLmqh1fiA
N/A,N/A,"W3FP+J3M, Témara","3,6",Hammam Al Fen حمام الفن,N/A,,N/A
N/A,0639-204014,"W3P6+P66, R322, Témara","4,6",Nil Spa,N/A,https://lh3.googleusercontent.com/gps-cs-s/AG0ilSy18z7xxGKSUlF9XN1XZsO8aAbxiAPqPd-Lm3zJIM0WJIyZu4_BM2PeZMOuQc-ri0QJkvfbFaq-K1ni48NSmk9H-XrcUPaWFunsG6VQb17WYxHs9NlMYrs0r0xZTU33HVGSBsXNTQ,https://lh3.googleusercontent.com/gps-cs-s/AG0ilSy18z7xxGKSUlF9XN1XZsO8aAbxiAPqPd-Lm3zJIM0WJIyZu4_BM2PeZMOuQc-ri0QJkvfbFaq-K1ni48NSmk9H-XrcUPaWFunsG6VQb17WYxHs9NlMYrs0r0xZTU33HVGSBsXNTQ
N/A,N/A,"W32J+V72, Témara","4,1",Bath jewel,N/A,https://lh3.googleusercontent.com/gps-cs-s/AG0ilSwtcYbquM7Ti0Oa0MlPa7wpkMIcaiWPlBBCgRd3dwmOZLOMrt1BirOBuKVavZudlQO029dgRUIHoQx36iHw6M4OJzdAIql2aom1x4O-N_R8hsTCXTSnf1Q2V66I2-rbLmqh1fiA|https://lh3.googleusercontent.com/gps-cs-s/AG0ilSxr13ZRt1fs7L97V769Rrku-T5Nvp4pXJElDPWCtCbttyaZgPJGHVLUvjfMEuspPzUc7JZv60nvO26819DuB9mZCyxxGUHGFVyJcVfiNP1w7FlFpHMY99xXdZmflz_CnPCCxB-ADg|https://lh3.googleusercontent.com/gps-cs-s/AG0ilSwEuXezJkLQ9maAFHT8Bot5SfvG8gEg9LVz3SKshnKagJo4Y1aGnaYhHy8F-c08uGrn4KDTTk7XwzRXG3iHHRxrEbTDT417X1GfZb1ZjmGn-nG-v-lrCWpBV4nxSrrrkxTnVIu7|https://lh3.googleusercontent.com/gps-cs-s/AG0ilSy7hBW4I0DxiMr5jl0DxPKLnL8oLa-F74Ms-awlCLtka17vSCh9K4G7_bF9fMggRH7TjX6IbbvyaEpsMD3UnSIBRQg_slfzNNbK2QY8gB_vs8qze6oSMmbLBYZ5jwpI-sLLReox6A|https://lh3.googleusercontent.com/gps-cs-s/AG0ilSyk7VyFs6gGhRglJF6tiVON16cHRYeo29bIEzKNnzDSmy5uixP-yEN95tlulFM-_J1OfNM8C5y8fNoxwqgsqxSfwjI2xMp121GBC2EAl_IRMm_JfJfFIp06n7uc9mxw3Wi-JJlr2A|https://lh3.googleusercontent.com/gps-cs-s/AG0ilSzV7bXxBD7wj8NIimn8e3l_wYXcljN74KJ00wyChhWoh68C1sVa9z8eP_zguq0NQJkT04z2koFrAwyYTP8E7AH7LlIOexNekEsXr05-woA3RDXCfTILdYPCbkdv1PrgaxV1dBI|https://lh3.googleusercontent.com/gps-cs-s/AG0ilSxKqHHS37YmNR0NWR54bP1um9lpcHamt2J-Mn3KR3Afh3b0z_LTKXx6Yf1pLuBxQPAerN4taeTR7ZV59wYCuC3uKGx09lPBRASbD_giswqfp9eT6elD6VrCYs7JF4AVeSu9tau2|https://lh3.googleusercontent.com/gps-cs-s/AG0ilSwId8TW8FC-nSedZTOJLeutn1SsUTpJ58xAJdDaTEPxBlxa3DRJwBjsg-zDJt_vBFvemwRGaj_XiiHFanMvh7PDSrE3Q7OsaJLQGmu4osy_xfnszjZUKuJDmbmkZa-Hsp4Af34b|https://lh3.googleusercontent.com/gps-cs-s/AG0ilSxY4k6O0Xkys83RgFMXsc7R8UVLoDuGVc0t29P9M1AiMTki8kz8VuN2GAkXYZ0y-g7EkC_VjeUeAS1krBMP9rcNjchYD7NHEuz1peJMvNg8ZW89y5rLaeIxcXKt9dT8RlPaqj1B|https://lh3.googleusercontent.com/gps-cs-s/AG0ilSzwyBZa0oOReXEp_4Vu2uINK0rtcQ_yJarxhlT6ZA7ni-SoUf1-VqkqOoUZ2vW-5AXrHV91NOymLwXiuhjVih7oOf_ABlhDi0oRIv9pZmy-XKJdzm5_viJr_bKAozbgBS8ZgcpJqg,https://lh3.googleusercontent.com/gps-cs-s/AG0ilSwtcYbquM7Ti0Oa0MlPa7wpkMIcaiWPlBBCgRd3dwmOZLOMrt1BirOBuKVavZudlQO029dgRUIHoQx36iHw6M4OJzdAIql2aom1x4O-N_R8hsTCXTSnf1Q2V66I2-rbLmqh1fiA
N/A,N/A,"W3M5+CRW Centre commercial laayoune, N8, Temara","5,0",moutaa spa,N/A,,N/A
N/A,N/A,"12 Av. Ibn Khaldoun, Témara 12030","4,4",Hammam Rissani,N/A,https://lh3.googleusercontent.com/gps-cs-s/AG0ilSzDtZutFZsCHFwi4TiwWMW14TBh9AwtaYEHAsaphZpxRIAXhlUyxm2urgv7br1qV_bSipEaSQ-7ctvy0TlX79QfD9aA4EQ5ziVtVBnzQ4F8RL86A5K9NuCjE9t0IhcEM3BzOUHh|https://lh3.googleusercontent.com/gps-cs-s/AG0ilSw1c3OfOOmqNpAqsURGWy12aXqChJkpHloRTiO2A0Nh_zwk-DTlhuGvxFwJrBuF4ZgF3KZLsct-P_uz0uF4F88M5fDn2AM5mhYpA2Y99KWlBDeEDRALydVCC06R4zA6NavR0fVAwRpT4ub1,https://lh3.googleusercontent.com/gps-cs-s/AG0ilSzDtZutFZsCHFwi4TiwWMW14TBh9AwtaYEHAsaphZpxRIAXhlUyxm2urgv7br1qV_bSipEaSQ-7ctvy0TlX79QfD9aA4EQ5ziVtVBnzQ4F8RL86A5K9NuCjE9t0IhcEM3BzOUHh
N/A,0660-858584,"133.RUE N°4،, Av. Allal Ben Abdellah, Temara 10200","5,0",Malak Premium Spa,N/A,https://lh3.googleusercontent.com/p/AF1QipNYR-sGZDGC1pazPh4u3H687befBczv3BdZVze_|https://lh3.googleusercontent.com/p/AF1QipO-IKMRWeQC3MoP03sG67hEyCbU_0IgnAECOexr|https://lh3.googleusercontent.com/p/AF1QipMZbK68M7Y35Gvpz7RzROVM-zVBKrIVMtV02uZ0|https://lh3.googleusercontent.com/gps-cs-s/AG0ilSxrPz_bieMv645uELytQZfqIJL7pmxWZGwT0goylDv4oa-eII_cLMzG7hNwO8Jba5_fFMyz95AbPdg4wTKJa1A98HepXoycyosZSlhNlABYH8KVtQ7fktQ_nL3PTSKm97JqRXk|https://lh3.googleusercontent.com/p/AF1QipM1pTBUToVcoeTgkk4mOnKnt8wY758OsxqYg5tp|https://lh3.googleusercontent.com/p/AF1QipMVXfhwrE2mUJl9JoapkSTWwqMOTCXqg1ZpUGum|https://lh3.googleusercontent.com/p/AF1QipNrzQIX-B9iVG2305qHWKLbIGbm8uhZJMcKeBX5|https://lh3.googleusercontent.com/p/AF1QipN1oskjsGGDeAIUdM_m0I7Y7uPeZiaJUoAkRHB9|https://lh3.googleusercontent.com/p/AF1QipMXDpW3-GNLQlZ_EYb0wBwhSqJ02jPufCksOuhE|https://lh3.googleusercontent.com/p/AF1QipMB8rve7I65_l0FA0SCdF2Yz-6SWNb44oxSnJU2|https://lh3.googleusercontent.com/p/AF1QipNCO1jNjEcfxY4r1s1bOKSzoKN1QhOUe9R0OwL7|https://lh3.googleusercontent.com/p/AF1QipN77MSUMLbIqxp-oLKSL4x7u1d4iSDrILiuObNo|https://lh3.googleusercontent.com/p/AF1QipMDac1WDQKwlF4Yw52PHmNejRjUHKB7SUNZyHPk|https://lh3.googleusercontent.com/p/AF1QipMeCiJ0jwgD_5JGG0hdYl5Eudnjo03SgPyHCAAW|https://lh3.googleusercontent.com/p/AF1QipNt-aUZnIrZLCXhuNSQtYh5RLENUAzfeZ0m7_oD|https://lh3.googleusercontent.com/p/AF1QipM28PKQxTosGXuEr_cneq5s1vkSA2thsT4mrkrG|https://lh3.googleusercontent.com/p/AF1QipOHEWw7PTVo9_fm-4HFPd9w1IQb_PfCYGMatQWJ|https://lh3.googleusercontent.com/p/AF1QipM0Qshr0iBJHE_jYvRE8iwlUCNsJvPpigUASAee|https://lh3.googleusercontent.com/p/AF1QipNwAxnFJXHPY5q1Q0sLB7CrXmSsqQGAzeuPu-38|https://lh3.googleusercontent.com/p/AF1QipMWOBegJtODhvlwTpR3XREHOHsr1QKUyz1SrBjP,https://lh3.googleusercontent.com/p/AF1QipNYR-sGZDGC1pazPh4u3H687befBczv3BdZVze_
N/A,N/A,"Maroc33'926135-6,891192, Témara","3,0",Hammam araha,N/A,https://lh3.googleusercontent.com/p/AF1QipO1D_dp-0yVe9uNJl6sU_WxyRpQzJIH_tFomcJP,https://lh3.googleusercontent.com/p/AF1QipO1D_dp-0yVe9uNJl6sU_WxyRpQzJIH_tFomcJP
N/A,N/A,N/A,"4,6",حمام الخير,N/A,https://lh3.googleusercontent.com/p/AF1QipMpxF_PA9zIp2prktSry7OFzFPjUvRoy6AqaPs,https://lh3.googleusercontent.com/p/AF1QipMpxF_PA9zIp2prktSry7OFzFPjUvRoy6AqaPs
N/A,05376-06929,"W4Q3+4P8, Temara","4,0",SPA HIBA BEAUTE,N/A,https://lh3.googleusercontent.com/gps-cs-s/AG0ilSxHIPHdkrACbCimh3rUwo6iygvZ_aqILxKiDZvp5cYV_6gCn44fsFG4REW4Q1v_68C5VNNSgl0x98JCcXWnmWkKMsa8f2lK7tY65681GronB0uh7qgcOwglqX2U-YnMBX56QAAo|https://lh3.googleusercontent.com/gps-cs-s/AG0ilSzoJtByUT1VvTvSP9H47EEnvXyBt5jrtg1QaKbRfHEVwJcgFTLCa1ghc3lAZf3IzpitoC4IzbFll6zvvWxK5le5v9JZsl-APjR46m8a4CqJHSV6WPM3Vgtledi0aptT6kNQV-K2|https://lh3.googleusercontent.com/gps-cs-s/AG0ilSy-IGxnComkgw9PLYDiBeI2DG0Cd5GAubJh_GinpGE7kIfPSs4-z03DADK-g8WF5yhPQOuEYDhbPD3sZ7Qm61nf-fOF9Zuhe5WV5Li9ElgdaQUNCOX2PzTkakMjthW2c8Si8Ss|https://lh3.googleusercontent.com/gps-cs-s/AG0ilSydblJx7sbMd5ZClcvQdHbM5_IPxvaR_80VFA-09Jo_7yQ63R0W8QDvDn2B2HnqHANzdlW_-vCFp-4hS-NABAPzbfwXsUvZ449h_AsI3AkaoMQBS7C90sRnJ-92FiLzAXuKLTvl,https://lh3.googleusercontent.com/gps-cs-s/AG0ilSxHIPHdkrACbCimh3rUwo6iygvZ_aqILxKiDZvp5cYV_6gCn44fsFG4REW4Q1v_68C5VNNSgl0x98JCcXWnmWkKMsa8f2lK7tY65681GronB0uh7qgcOwglqX2U-YnMBX56QAAo
N/A,N/A,"Rue Sebta, Témara 12010","3,4",Hamam el Houda,N/A,https://lh3.googleusercontent.com/p/AF1QipPAXUGA17aOR2pOWkcn8_DexlNO-9hNnsalG_P5|https://lh3.googleusercontent.com/p/AF1QipMQIzJb5YmyIBKhs9Y87puTSfyPvbVrh1TCvjY6|https://lh3.googleusercontent.com/p/AF1QipMIeqQfrADhQjjQ4GW6mFsrrT_w_eDmi5dgCc76|https://lh3.googleusercontent.com/p/AF1QipPjc_DiV9t2PiRUnfL-cErNtIzk-AbFSheJ7ZxD|https://lh3.googleusercontent.com/gps-cs-s/AG0ilSxU0JOsirPJF-qLJ6Tep4m0ApHIORHIZBdaJNNUqyNiroweZi1_A9JEMUZzVq3KutOXow4sNDDbINbigIPjTxaN48lLXawdl5cjMNb541_yNA96ch4oGnnxVAIRpJiEIrsqneSe|https://lh3.googleusercontent.com/p/AF1QipMfG0EKb9BQlT_PwOkLCpN0Rhfe_Wk1CjvRnbbQ|https://lh3.googleusercontent.com/p/AF1QipMjrg_8HCJvUWO1wIIyrEUn1t9Cz1QfuLsQR-PH,https://lh3.googleusercontent.com/p/AF1QipPAXUGA17aOR2pOWkcn8_DexlNO-9hNnsalG_P5
N/A,05374-04231,"Immeuble 4 RDCH, Guy ville Plage, Magasin 2, Résidence Islah, Témara 12000","3,8",Majesty's Pleasure,N/A,https://lh3.googleusercontent.com/p/AF1QipPwEe2xJ0wTXrEvcVDPqXYPnLZQnoCYQECm6mHD|https://lh3.googleusercontent.com/p/AF1QipOq5UZV8mMQDKx09A_DpuMClMai9emkBWLt0uiE|https://lh3.googleusercontent.com/p/AF1QipOGkwNT8fk-sATxSZqgeZ53TTJXhjI9p-ezeyHq|https://lh3.googleusercontent.com/gps-cs-s/AG0ilSxGZRBBYsCtcaFIncSeBGtU01BC-u0ENear8c6UCHYw-2wpyef0l1tcDVA4mSXiMm4h26DNHm_-scN7xsr8Dipst9BBvarmbpr5zolaO5y004yDLDAOqT2ItT5pJk9Rw1DpmfiG|https://lh3.googleusercontent.com/gps-cs-s/AG0ilSx4_xjaVOjCEIsNDkPJL1ltwd7BzR7SFJ4DnhwMurGRRIR2Y-SGf7RpbuuQTzFrO23l34L4qHZzpb1vP7Api6wSDKWJ01FkI74jpYi7YSI5FX77Mc0uByVPU0iWCczqzyWgMQyq|https://lh3.googleusercontent.com/p/AF1QipN51cJcahD4TGgSJEiBWgQ4rygztW1MmHcIqZvq|https://lh3.googleusercontent.com/p/AF1QipNoDNsYdPGu1xqy84wDl76dOGPNN23R3CZvlcCd|https://lh3.googleusercontent.com/p/AF1QipON3qG8k-JX5Vytrw1DDkFa1JyTs9snzEksy0uz|https://lh3.googleusercontent.com/p/AF1QipNKwtiwUWaPad5C1oT-fInasAFaxNUQJSXDiI94,https://lh3.googleusercontent.com/p/AF1QipPwEe2xJ0wTXrEvcVDPqXYPnLZQnoCYQECm6mHD
S'identifie comme géré par une femme,0762-626864,"N, 1425 avenue abdelkrim, Témara 12040","4,2",Lilian's Spa,N/A,https://lh3.googleusercontent.com/gps-cs-s/AG0ilSxWvEnDEGhJ7CcDlH4ssoftkiTdTDeoyUjRdYd1xQirND_-XLHbAY61S5vXl5oHqBnr_SzJokJia0oLSsTxAjvKJNsyi3pkiqNeDux79Lb4zM1i3ymQ31tTQuycbWSAgSfnZJqp|https://lh3.googleusercontent.com/gps-cs-s/AG0ilSw5TJIxxK3ByvSySB4XoirU9p_oGRtQa1mhJBuNP47A17VBiodSPSg2tMalErY4AyEZJvQ_IAkErqgDSt5CWGgaVunxrOoOcw93gHdlHy5JJ8JwjST-ZYadDF2IoOcmuJCdEjl7|https://lh3.googleusercontent.com/gps-cs-s/AG0ilSxV_7mjvB5gmS2Ez9p8UiI3w70k5Xzdy9WejHsZZSaFAddSOWW2dkxYqwLBR6vMKHxPIeWXhynn1YFfz9voTd9QtPff6B7-dpedKmgLute7kwwv0p1jS9TqvFc3NFHao052eHis_Q|https://lh3.googleusercontent.com/gps-cs-s/AG0ilSySSjYK71ueHJZ43bHP2AY0Fl254Elcd-7H8N4SX5UCA9DJG0AuQ3iuZb0mvyki9EarppCE_CszOsiqPxD435rmmY4BRAU478lxyY1KNfSTQwRmRoCFDE4LnXN9XHWd6KutPVgu|https://lh3.googleusercontent.com/gps-cs-s/AG0ilSx97OCdX6XxniPeGNZlu2ouxUfkYj20z5efu5_sIrR6GxBviNUpk0FWHrDLrET7Fl34fk4hyS3sD_AvYecNlrHRGJSgHAi85vvCr1Bsy0sT_VucwZ0H53zm7yyMzq0yP0XamBedEA|https://lh3.googleusercontent.com/gps-cs-s/AG0ilSza38kycTY27YgFm-oBykaOrXrCk1B7M52C8o3lcdbCsbArLud-x9osVC92jMxyNlhjVKVp6fFYhBF0m5pAP1DTASRYGKBwuno7Igtvwv-pF5tvUAoWqBcVipupIRE5FHyDglw_CbSWqOYL,https://lh3.googleusercontent.com/gps-cs-s/AG0ilSxWvEnDEGhJ7CcDlH4ssoftkiTdTDeoyUjRdYd1xQirND_-XLHbAY61S5vXl5oHqBnr_SzJokJia0oLSsTxAjvKJNsyi3pkiqNeDux79Lb4zM1i3ymQ31tTQuycbWSAgSfnZJqp
N/A,05376-22269,"N°1, Av. Hassan I, Témara 12000","4,7",Divine Wellness Beauté & Spa,N/A,https://lh3.googleusercontent.com/p/AF1QipPVU0DyXUa253kf2_8VDAKbYyA3-os8HYxtHd1L|https://lh3.googleusercontent.com/p/AF1QipP4RfnyoEqI8BO7Yevwe3Zr1U6KiuTlfdSwOGxO|https://lh3.googleusercontent.com/gps-cs-s/AG0ilSwL6HKYZeMX9obfo4J4d5G4m85295PtR7H27kp7jHlToWqMqDMPVzZvYu_dWdWVbWUfINNxaQFCX_xVgnnRdPg8kaLYYjdWTD-b11Fg0PJoOjOlzRHq0EnG5eN-d4dfxK_x6_M66A|https://lh3.googleusercontent.com/p/AF1QipOlFxd-JBWHzsV-kjuC8XfhUHGnIcYGlcrlStNC|https://lh3.googleusercontent.com/gps-cs-s/AG0ilSxiqu881roYd_gEcB5psBWUojZDs-WTXI-TDSjXaBKyrFlsOjC-Q4_cNbZWRYOBPWNUkJTWUgVssh1dHo5jipvUFafWo8duubKZDFUIpDIlhuNN5YYw8v8bvOvxIsMi2l-TTspb0A|https://lh3.googleusercontent.com/p/AF1QipMmyLnLfTpZATlvMuvxXiaFoEdDt9h7tfelQGQb|https://lh3.googleusercontent.com/gps-cs-s/AG0ilSy58a7v83Zx3SKGqnR0_FxfKIUvJDyILk_xHSq3G0F7v7S-0iny-uJ2MPOuujx6CAr7iEkLl3g8xFJB444XSJLac_asC1D2-aeuCD9woCsoFpvN18KKwXZvWUbB9WeLDNCJ2SSsLQr7iRSn|https://lh3.googleusercontent.com/gps-cs-s/AG0ilSzQkT562dUJFP7PP8H7LTj62h-yEd4cHAOTPAUVpeakRUrm7dMAhcKM-ST18AVzm_xPyHMfopsFuBnux6ba669Rt-WavirG3yy6Hw3Gd10DjHd_MdPR-U554KFBG70IpQfhqNPm,https://lh3.googleusercontent.com/p/AF1QipPVU0DyXUa253kf2_8VDAKbYyA3-os8HYxtHd1L
N/A,05376-45859,"W3PH+VP9, Témara","4,0",Al Andaloussayat,N/A,https://lh3.googleusercontent.com/gps-cs-s/AG0ilSxw-vKkY42CORDCt3PFotcLWT5-U0_o9vllq_PvzdGeucennDoEYzOkEyrQHBmw4cBIYfkH0ctCcuNayFNpv304h_7PH_yw4j30iZ1XgDdRXeI6ss_7wMCpldJQH2oXECRaEMWo2g,https://lh3.googleusercontent.com/gps-cs-s/AG0ilSxw-vKkY42CORDCt3PFotcLWT5-U0_o9vllq_PvzdGeucennDoEYzOkEyrQHBmw4cBIYfkH0ctCcuNayFNpv304h_7PH_yw4j30iZ1XgDdRXeI6ss_7wMCpldJQH2oXECRaEMWo2g
N/A,N/A,"W4G2+GQ7, Témara","2,3",حمام الفردوس,N/A,https://lh3.googleusercontent.com/gps-cs-s/AG0ilSzLWpE2JnLUqaEdFWvzsm3-hJuc9Cf9gku9pIVjNfpQqRDK-r0p4h9KEXQlP5nJ0VxuV7JxZ2Bjpwr7W1zMKfzn3PbI-EBeOT7_IyHd4oVbnhGKV7eXubr8N7ejxmuxUJbDkq1v,https://lh3.googleusercontent.com/gps-cs-s/AG0ilSzLWpE2JnLUqaEdFWvzsm3-hJuc9Cf9gku9pIVjNfpQqRDK-r0p4h9KEXQlP5nJ0VxuV7JxZ2Bjpwr7W1zMKfzn3PbI-EBeOT7_IyHd4oVbnhGKV7eXubr8N7ejxmuxUJbDkq1v
S'identifie comme géré par une femme,0662-342535,"453 Rue Arfoud, Temara 12000","4,5",Hind spa 100% femmes,N/A,https://lh3.googleusercontent.com/gps-cs-s/AG0ilSx7pfmrCpuooi1CxDBG_ox5s-u7iTZMAezecagc3yrzBCxR_hsP5lWawVaH_c0BuPFJcK9jFyj5smt_rK1gJ8sFFzy7MTnlEsdow1e5U1-F1VnkpLk-AUD5Wp59nKxfeFI6sSU-AQ|https://lh3.googleusercontent.com/gps-cs-s/AG0ilSxkdMBkfXPiVjrinRQhy9S9sFFad7ReW9V0J-6w6RzkutRaMIhc83rC0ylaJYbVGkL0Vo7Qywv9AvnwD6ydnCQxadqRsvPv4nUTbN7IveKL7lyBep9IjdKrpdk-terikwzYJRFQ,https://lh3.googleusercontent.com/gps-cs-s/AG0ilSx7pfmrCpuooi1CxDBG_ox5s-u7iTZMAezecagc3yrzBCxR_hsP5lWawVaH_c0BuPFJcK9jFyj5smt_rK1gJ8sFFzy7MTnlEsdow1e5U1-F1VnkpLk-AUD5Wp59nKxfeFI6sSU-AQ
N/A,05375-82237,"LOT 3342 SECTEUR 3 WIFAK،, Témara","3,8",relaxation house,N/A,https://lh3.googleusercontent.com/gps-cs-s/AG0ilSy72kdGwzHa1XldcBTlUsKxVvS0nKwyvB_1N7I286SJOevIE7NZE0wRSxhfNc6s-VaIWjcS4YHS-ZLPjPpcOQFjI2GU0_FRoC_qIj6zaAWwBgxMkHMPod8TXU6KvyEM5YS0S4wb|https://lh3.googleusercontent.com/gps-cs-s/AG0ilSzZtmRD14v9XBaZq8WqKY4cFXZd96VWJlsoruDarbqSEcExqmDV0Ei8j4rUeEd3qqka0czmr3kWlPQMEOm_SEHLdwEdcLflLQtcnyAenY8oRsZtn9qLSoYgezk_2CuFIj-u4_-8|https://lh3.googleusercontent.com/gps-cs-s/AG0ilSxw18KCJN6DqdsfMDP4--vierzdcQm1sNVc-pbp-Nn73rlreq-WcrncAhU4YslSUqXdiJCq-g_s62JqOjOZ2DzIlJZq0sodcpnwcBmk1WP78GhjBU8D1afBEQrUMM9dK9U5VrCqOw|https://lh3.googleusercontent.com/gps-cs-s/AG0ilSyDVewJzTxD6JF_f_rBaMomybAdDYye9OarsabhDW0Sv1VjwSoEuADHYh6nrydIqqSDKk_EaFDe5BpquSWGXUf7qiWsNb8f6ZOhJFsPzL1amYKsMhnN5l1XPIrl8fpxvdVKRZXE|https://lh3.googleusercontent.com/gps-cs-s/AG0ilSyYW8i6ykMrSx__e9qOCus_lJFEa6QzzwkrhiOrIW5eLtZODpQ3IZn7RVLJUBIkc77OJgh2huycCVTcdRBZM2V4nSMWE_IolPK5BDc8idoN4-G8MV5o13zJ9jA2llghF_4bu-pifA,https://lh3.googleusercontent.com/gps-cs-s/AG0ilSy72kdGwzHa1XldcBTlUsKxVvS0nKwyvB_1N7I286SJOevIE7NZE0wRSxhfNc6s-VaIWjcS4YHS-ZLPjPpcOQFjI2GU0_FRoC_qIj6zaAWwBgxMkHMPod8TXU6KvyEM5YS0S4wb
N/A,N/A,"W37H+QW7, Témara",N/A,Hamam Charazat,N/A,,N/A
N/A,N/A,"W38H+3RF, Témara","3,5",Hammam Al Ikhlass,N/A,https://lh3.googleusercontent.com/p/AF1QipMpxF_PA9zIp2prktSry7OFzFPjUvRoy6AqaPs,https://lh3.googleusercontent.com/p/AF1QipMpxF_PA9zIp2prktSry7OFzFPjUvRoy6AqaPs
N/A,05374-04452,"129 Lotissement SMARA Imm: N° 1 Hay IBN ROCHD - Wifak, Témara 12000","5,0",HADIL SPA,N/A,https://lh3.googleusercontent.com/p/AF1QipPJq6Hc501k8v22WKaFkUgLwCdgWYF4asu8ABJy,https://lh3.googleusercontent.com/p/AF1QipPJq6Hc501k8v22WKaFkUgLwCdgWYF4asu8ABJy
N/A,N/A,"Comatrav 123, Témara 12000","4,2",Maison de beauté Taj,N/A,https://lh3.googleusercontent.com/p/AF1QipP2b3ILFI81W8a-e2uw2WxlVsn8tDvjVK9Pocvm|https://lh3.googleusercontent.com/p/AF1QipPb4u53iF9m8hPnR18xCMAylT7IDcInjPriYlIN|https://lh3.googleusercontent.com/p/AF1QipN3mplaSdhnqQMcDC3qoc0YVMNy63LdNxAJw0vO|https://lh3.googleusercontent.com/p/AF1QipOm7OVAV06J0bnlnt8e-4QbkrEKH6c4ePggwX-1|https://lh3.googleusercontent.com/p/AF1QipMaHpjf5ZVo14Gf9R8JKqNgF-OfOn_jGiSboAw1|https://lh3.googleusercontent.com/p/AF1QipNtSxHByrP9kbg_O9m9oK6gLh6ToU6G_XzWEW-8|https://lh3.googleusercontent.com/p/AF1QipNFirpuU9h3M5HKDyty1YZBnJT9MUdii2afET3x|https://lh3.googleusercontent.com/p/AF1QipMXwShPd1-roICp1CwD57xy8OzjBh3d2lcPjsuT,https://lh3.googleusercontent.com/p/AF1QipP2b3ILFI81W8a-e2uw2WxlVsn8tDvjVK9Pocvm
N/A,N/A,"W34C+HFR, Témara",N/A,حمام [قاعدة الرياضة] مومن,N/A,https://lh3.googleusercontent.com/p/AF1QipMEpkTvHLRvZYLjUfw6WhkDsLDIqP11q6r4esjd,https://lh3.googleusercontent.com/p/AF1QipMEpkTvHLRvZYLjUfw6WhkDsLDIqP11q6r4esjd
N/A,0700-877755,"IMM 815, MAG 2, Témara 10000","3,9",Mimi Spa,N/A,https://lh3.googleusercontent.com/p/AF1QipNrO7VVlht48rvOLAZbH6TMyjLxkiXLFtByGM4T|https://lh3.googleusercontent.com/p/AF1QipPipi0SkjzICcF41dMAyTyGsk2HmHWhjO0aR6RK|https://lh3.googleusercontent.com/gps-cs-s/AG0ilSw2RKwNcB2v38Jawgs2A-ede9cto1r1vEQ0PI1WuJPcwKTpK7uXWzjC9-NnaxcEUoc4ZArdPEPVvhrbaheG7IdEroAmIf6CXycj47LeUtTys0EmVgK5DWXjutk2QOhQb6a7ZK0diI70wwLS|https://lh3.googleusercontent.com/p/AF1QipMdl-Vvfy2Gk3yDqVDBHuhr3gwZeg-hZtS_vgrg|https://lh3.googleusercontent.com/p/AF1QipO_t5sdufTLyMEQiTC4kyU5X-r5cuDBm9i706pV|https://lh3.googleusercontent.com/p/AF1QipM28YQm6OI5u5Xi6_4TjoGGvfKCo_EKJQmaQwwb|https://lh3.googleusercontent.com/p/AF1QipMbc_KEOdw86AH10g9ZhY_tQotV00E00qkziMNM|https://lh3.googleusercontent.com/p/AF1QipOkPKuEghsbcoo_i8NUdDHY3CUMsjTbH-ORHlUq|https://lh3.googleusercontent.com/p/AF1QipNOSpcNB643Fjjm9YUbW40XUcZShaBFFe4hxuk6,https://lh3.googleusercontent.com/p/AF1QipNrO7VVlht48rvOLAZbH6TMyjLxkiXLFtByGM4T
N/A,05376-14215,"W4R3+Q72 FRESH BOWL, Témara","3,9",Eyma onglerie,N/A,,N/A
N/A,0661-996915,"390, Lot. Oulad Mtaa Secteur 1 T/123 MAG (123, Rabat 12000","3,8",Camilia beauté,N/A,https://lh3.googleusercontent.com/p/AF1QipMBCO77yubOMR-_Sj7LGcUmNIwzqa82huwa_PfG|https://lh3.googleusercontent.com/p/AF1QipNX6-6UnVZeZYz8GLAXuTb2NfUs8sapTwa0roeT|https://lh3.googleusercontent.com/p/AF1QipONdOIco012A7AtiVViXR3YhhvglY-YUjcxpMJW|https://lh3.googleusercontent.com/p/AF1QipOvcmaLYK3JWOXl1V-OzDet9a3aykM61Ci5CgXE|https://lh3.googleusercontent.com/p/AF1QipPFlyBMuin8eZt_UyUawIThShtOK-sSdnvM8Sis|https://lh3.googleusercontent.com/gps-cs-s/AG0ilSw6Apoa80QKxzTpgxisqQ7YTjDaV2ytnfbNSuRJKhUrBK-Wd7SNK13-QrLDEtDrrSKJIMksTeypoYJR3n0io9RGZLHJBdTWSWG8sGrpgaIrZqA1hNgbgwl4ATViE6hLwJ6WxWukgA|https://lh3.googleusercontent.com/gps-cs-s/AG0ilSyN1zkcYnhlnqPWe9zFZ9RPKjNFg_JR4oyJimYpG5bRSO0mmf5E7f-E6G-Vb8_dj-6FoQpmHPV-gBoVICI2wCz-O3pNOpMmeVkhbLSMtCQhnmIWnzYFJXT4QZWsDQtbiZoHmSA|https://lh3.googleusercontent.com/p/AF1QipOhoEfmkTY-d4c32bOMu4zXivABe8O0HSVWOLOg|https://lh3.googleusercontent.com/p/AF1QipNS57SY7eP5oNw_9SeBov_MK1vcKxBOz5G9vHzj,https://lh3.googleusercontent.com/p/AF1QipMBCO77yubOMR-_Sj7LGcUmNIwzqa82huwa_PfG
N/A,0667-216694,"W3H9+82X, Bd Amina Bint Wahb, Témara","4,9",Glambar SPA,N/A,https://lh3.googleusercontent.com/gps-cs-s/AG0ilSzQrAJAwRpU9F4kZfhekzcDCsreOVUlG4epTudwDXpM9krnzgJj4x2JMX60cMeXu1X-3flztnjq4LN_P1xJ6yF4vpnY1jAf75ZjO2B_ih8Cne9Vr05Ok0FxinhfZKgVMOrgwTOF5w|https://lh3.googleusercontent.com/gps-cs-s/AG0ilSyTKmJgMy5wKwTnL3LsH-sfBr7BeyVkNfKNcrAhXeZ5EiiFloVzBYRx0POcQYjwwB0HuK-4wCDXB_9ryGpMaV_JaJ3saagF4UsXEWFUGhQsAQnUNql30FFIFvLgbvRGPo3roactFg|https://lh3.googleusercontent.com/gps-cs-s/AG0ilSwa8USZvhI-dWf4ys55dEv6Yy61x7KD3MwZITg5D8-OmWYMaXRSJpb19ZeH_anTFvwkwTqBDe_UYD8WyXl8d5AMQBb8QP88ontBSp_9AsrINplzQJ83BvNSQ85sLfDSzTt1qnO9|https://lh3.googleusercontent.com/gps-cs-s/AG0ilSzJ6uZCvXlXJWO5NPhwP9ns40gdGPSy6_MLfX3YJDHBYydg5y19deOaAU0E00c5DhVWUsS9vAIGgKMcHGk7DZjbt1ALHkf_K4rX4R6PMezRV3t7YmrtJeer8RPlB0z4qGhq8Ufr|https://lh3.googleusercontent.com/gps-cs-s/AG0ilSzatLtdMz8f041D_gKtwZMxm-XeqW4ElrZkx0_Bp3ugeK5LUehdoJCEjAKHEM6I9VeFF5lkJYR2A2T1d3cIMI60cBREAGhTFM7LMorOK2zBDwxGHU7AWYAu4oHfyvqTlMAJd--A|https://lh3.googleusercontent.com/gps-cs-s/AG0ilSz8_N112VPiWLb6Xa29gJTKGXIS00twCiA9QqzVE5CS5KmNezbqnuZmVwnDebBNenHBdLNuAtUMOkyuNwBvabXm8nfjiEvLxhVfrfb5tJGAAQDlpYTZayfum4IyUUQ6d8UR9e8cUw|https://lh3.googleusercontent.com/gps-cs-s/AG0ilSwQoipkHmFkKnHDVxmMoopqDnVcpfuHSnaYb0Kz5oxHIGw99AEc_tHYXKFQ_6xDap1sOc9BibmcvO6IsJqH5iPWXzpIM3F-ur7xfJKRQ-uvEAzhk3Hbm2nE4noBF0V1TvUspzcdKQ|https://lh3.googleusercontent.com/gps-cs-s/AG0ilSwYtDuwpo3ah0FpOFq0JL9RNi_wWSR7zcK9XAil6ynXGyB095HATGL6pXbXaKVO81CoLeRLjAWkTwcccZyUPOp9BS9vXdG3sQz_Fwop__1IVJT4WzqD1pLBAtxD9R9OuZJDUIeV|https://lh3.googleusercontent.com/gps-cs-s/AG0ilSwdev-XQSaCpoWaZRZONNMTx931sp0lfmFcM1acHFcIxKvz6naicSLuNPtgPYRmzxiIPGa3-itf52uwNvcvqptklBs7OQrJA4oozJhH2MlKm3sgHmm-jJnNutHk3POoBIDfIKQa|https://lh3.googleusercontent.com/gps-cs-s/AG0ilSxrA9xU_U6qgiTGC0BPE8_WKILBfrYrLeatoBxn4oKx6M0WZVU2NtCcjqIeKSgKj2VX2uaOHNpvwsXVt6Y1hwR7ISapStyPtCmzXMIqddcos3s3YvYXCVeD4diki3iDi6PztjJa|https://lh3.googleusercontent.com/gps-cs-s/AG0ilSzH3SId-A3KGN0Q7YakONQQfH0fDF_ClmndgIPyqUrcu7WF2hw08_lT1YSvuw-38v7unanUAiqm0oBB_0aZtHgJtYWg1e5G1tp8FHnR-Whs5u_pMTJ7v9lFyrIv3SgBTYai8J5M|https://lh3.googleusercontent.com/gps-cs-s/AG0ilSzOvNiweGjaXYftb2PT_QdAT4HBbECpJVj4KYKsK3sAzLXOO3mXEf761wrivsaIf4PCUdgOngVWWaZDmcqsvsmn-cCNWC3rC4oHzUCK09UYl3SNK7NNYfV_-zEsldBYWgyxPIQ|https://lh3.googleusercontent.com/gps-cs-s/AG0ilSyuzwGEFc8wynQcU185Zcy_IEzfasnMjGGm7U-SONa_gLlgr_h5kKD50VWOLBiQZJ0RJmj3fPkBW-bXtQofuM7AC2n1R2_hyhHLtzt9_9v2MqZYNXjS9YxJA8j889NgAQjZ0MIX|https://lh3.googleusercontent.com/gps-cs-s/AG0ilSwibubzME5E2rAypokMZzBrTMrq86ohqCaKhuBAVpfJGO6HagZi6WjW-vBcM1wxnx6-TwAWsKUCQgSy6CyqZKUUfMvOJZf-MNuBfiVy2ZM5CrpbVv1LJCfjI130fGNDt9DBDinmdw,https://lh3.googleusercontent.com/gps-cs-s/AG0ilSzQrAJAwRpU9F4kZfhekzcDCsreOVUlG4epTudwDXpM9krnzgJj4x2JMX60cMeXu1X-3flztnjq4LN_P1xJ6yF4vpnY1jAf75ZjO2B_ih8Cne9Vr05Ok0FxinhfZKgVMOrgwTOF5w
S'identifie comme géré par une femme,0670-044222,"NUMERO 4, RESIDENCE RIAD ALBAHR, Témara 12040","4,7",Joudy Beauty Spa Harhoura,https://joudybeautyspa.com/,https://lh3.googleusercontent.com/gps-cs-s/AG0ilSzS95MABmVZpwBM1ZZUSQ2rEAR6O4gL_HxsEAaP6ZuNr2_oOP0Vr07NjEg6Z7K8UerYX6d7993Q1B11QpTHg_wana7nQGVGdsMCK50o3AJYuko108s7t0TvQfArMl8eDHlrDB8C2psxi6yj|https://lh3.googleusercontent.com/gps-cs-s/AG0ilSwAlBqeFb5sd1dm03cRIxMfh31rqQVB3iWk9VcSjiYMZRYiQC9GV0j00yxK79OqQEa4_PulWzieh4dVCyUSb4L5OAvONY9BNhhvEtPlP5EwPZfpy5xFOtjUhOH04wO_6200zBexIw|https://lh3.googleusercontent.com/gps-cs-s/AG0ilSy_W02mKLDbNLLttl-ZkNdWuwA_mHOsnL8seJEwndZtFxf4JelDGdVEpjAaCeSThHR0pdBpQ4P0RBQdJ3nl8GROxZwaS3SQi9XhCfwIxfwg3qnskO5QF_bUbO6zm5rErLunDuJPOAR3zbNM|https://lh3.googleusercontent.com/gps-cs-s/AG0ilSya79tc988utu9REf1aaZ4N8FvEKTIZ4y3ooF5DkPs68Fdi5pVs2wzvXsz6bZ2lVraCuULbS3rr1YVjiuEFibjiCnU8plRsLbpN34E-WaNDPAlrSi5eoS11VW63f55IrEprE6WoFg|https://lh3.googleusercontent.com/p/AF1QipOElpyxDKaK-F_hqab4TVF9P7bOuR2mndH36lQj|https://lh3.googleusercontent.com/gps-cs-s/AG0ilSwPy7Ro0cwNq28eluGEhU1nQMFMkLET5bw2HFy5fm5t3sWeHvRyb6LZ1UcGSAtX8t522VQ0EDr0UTpjr5jpeno-Q82GEmIjPkrhUS1gC4QFD-ogXmIc9z7e4leCu6tuMJUykq4f|https://lh3.googleusercontent.com/gps-cs-s/AG0ilSzRyrf5wiaNAkSgJONVBiQbRebvNcfWWrwcR4J34RvgaYHkBWebVdntwdvVw5MH4fnHhZQ8BXoRr1ZJRvRWbkXgEiO1yIqVBcnem2Ffwxg3RFgv7YKepxiW_pDkmsXvHBkNdBwYhCvRbRlb|https://lh3.googleusercontent.com/gps-cs-s/AG0ilSy9Gob1KXemTyAYBfEACkAFtJ_6I2Op7apJn_hnnambtDNThkHx-8Oa9bbHfsxa7yWD_L77MvPGq7BfDpQfYEyB5BpJahcp8i1Wp9qNh79t0C9ocnWl74aFmhk04YmrNKQCCIXMzw|https://lh3.googleusercontent.com/gps-cs-s/AG0ilSwylQn0VGR3GBfJQ-bpX8-wLse_Q0djgGsZyDs_1Pii-JZpm7dzbvDaRalRWyeXIAwGI1utIk3BoeJe4WzvibEW-FtfbrYjJB0FczBW1hUZVMzc5-tRAeHbPnuXKOey8khL1tiriGNJzQYa|https://lh3.googleusercontent.com/p/AF1QipOkCf0VniBwNipJEx4gJzleb4TnWI8kdHb5Gu2T|https://lh3.googleusercontent.com/p/AF1QipOiQ8o-OfEuQvmsU9D14NoIHkP6udEioZZ9Ay69|https://lh3.googleusercontent.com/p/AF1QipN9DQ07NL0LlFySISP7y1bHMHC0P4KlGGFaJUxn|https://lh3.googleusercontent.com/p/AF1QipNwKos-2StojIC_rMKZaFCC61xGFTCM3oU0xKDy|https://lh3.googleusercontent.com/p/AF1QipPCCvEMxvAdVb25qGWAaKycEijD1yfS8gQ3b6hc|https://lh3.googleusercontent.com/gps-cs-s/AG0ilSwjHYZVbONny4e6N-sU3wwvUXl-OeUps5UlZAAyAxjrGZXrofyDnVHuUBaERuPlr8p_IkV1-rggRdNd94OYgpl202a9LpDEi6ETmmTiqNL1qJTlQ3HxJrp5ggLVFltj2t7TCoAl2Q|https://lh3.googleusercontent.com/gps-cs-s/AG0ilSyyFOaHufETymbbfcZvdc-oiS14t_BqJKJs6WnYrFkxyY_yHS0H4l-aM-1vbRoxlt4oDh0A4bKETstkEdAuXege9XTp1JM4Eq380XmRDoFbi2RMxonj1oZNq8zrkslldn-0Kfl0bpnjjgbp,https://lh3.googleusercontent.com/gps-cs-s/AG0ilSzS95MABmVZpwBM1ZZUSQ2rEAR6O4gL_HxsEAaP6ZuNr2_oOP0Vr07NjEg6Z7K8UerYX6d7993Q1B11QpTHg_wana7nQGVGdsMCK50o3AJYuko108s7t0TvQfArMl8eDHlrDB8C2psxi6yj
N/A,05376-17282,"Avenue Mustapha Essayeb Villa 36 À côté de club yasmine Guyville Harhoura, Temara 12040","2,7",spa marjane,N/A,https://lh3.googleusercontent.com/gps-cs-s/AG0ilSyJHTb5AEzNJ6cRuw44HVDXECbeX0qRbUUFOubZR3Dsm0lM8MJIBv_O7vY7vba_YYyjZJisJ4l2ScXKU7oJWwypbtzFyHB2FFuBj3NpRFrK9zZdtf5lBtZndr3mJo4owGNoRfzjEA|https://lh3.googleusercontent.com/gps-cs-s/AG0ilSxSyCjRTaviikRVKRdk6oube6eww4Rl3QvX_pjlxHDWZJ-SutGSCr9VAFJGpgNzUjB1UNrmfBstC1UYy6Q5lHm3WGdnBuHRLA0t6Z1R0p63D6Rh3WUnB6Pd88WFvd7rxFE_TPTw|https://lh3.googleusercontent.com/gps-cs-s/AG0ilSyL0RCJyQV7gfCIr_4fyxuBm-2k5S75-1MWzjIoRpfzRerfGidK5AlLSFEoTiJVd9M5O-du3VGXQx-Y_2-brIa7b4UAZspJ9XW86MG92_0rpFBHP0_g7Auih2kpu4fiSgSQ986Ncw|https://lh3.googleusercontent.com/gps-cs-s/AG0ilSykrTWsCK9yaAqY0TLUPu75zK6lIg71-zHhHuaBCeTcDLGtB5FGpAXFoMhZmZrSpykp7OEh2e0c6-EWsWfnikki8mvetZlf894QjennH7g8EjlRdug-3v4iO9npzEsfmVyDdOM-YQ|https://lh3.googleusercontent.com/gps-cs-s/AG0ilSxaLjkhLt0q3M_ZmjAwuw8sxC8loXVhDTNWc9KY1b5Sjlxee5jlbz8YJHi9Ons0l969868uZhto41J57A3keniLmRG_3j_pafI55oQi_fO1OH3elgTC3onivW3ItGz58uXyckg|https://lh3.googleusercontent.com/gps-cs-s/AG0ilSzp6ZHXX-LCi4nMRJPUpcgoHz9_BCCqYsvMMT5DHIRtdyizB6Jtc-jyi_6XYHTWuXmSeNFTVIcsJ5pA4KvFtwBKSca0aT-_p3FukZmEvPAHFiMz74yOMteEjkp51HRqvPq72YmA,https://lh3.googleusercontent.com/gps-cs-s/AG0ilSyJHTb5AEzNJ6cRuw44HVDXECbeX0qRbUUFOubZR3Dsm0lM8MJIBv_O7vY7vba_YYyjZJisJ4l2ScXKU7oJWwypbtzFyHB2FFuBj3NpRFrK9zZdtf5lBtZndr3mJo4owGNoRfzjEA
