images,phone,rating,description,title,image,website,location
https://lh3.googleusercontent.com/p/AF1QipMhYb9BOAFV-cpkzeWGPIcBBoVS0-0aZrQCYhnt|https://lh3.googleusercontent.com/p/AF1QipNm9QdDqa060ryHolKX6eWmty9y9r0QNBG9L8fd|https://lh3.googleusercontent.com/gps-cs-s/AG0ilSyZPgH16RM0DWTot9smB6TCEAHNG6elgzDxcXYwk50Jm44WRNYTlz2dADYnsnARIyc3HWKsZVHHULP6cYcrEnWYPufnN-7G_REohquMkkaSMekqfZ1y8JRUUuTLbGKXSM23cZ_ItqtArmT1|https://lh3.googleusercontent.com/gps-cs-s/AG0ilSzmHdJyxuK7ivgbWvdtImErjOUPFgrh8I1xVSKH2aNkA_qffeFkgalwfFyJ9fQ4U13ompLUdkRZKsNUOnJTXYTvlFvZ9V_QVfJHdKM6da1EUtLHWZsU44BUBEbhniRQkATSdPns|https://lh3.googleusercontent.com/p/AF1QipNUR1LmHboWPj_KOwpoLwKCJUFuLSc_h8TxWbZA|https://lh3.googleusercontent.com/p/AF1QipO5_v4HoLtf3ySxjNIcFVqH4j4NUoR6TuXL7UJE|https://lh3.googleusercontent.com/p/AF1QipMugi7l27mB3iOz-pG3PreP12aFv7zYwnudHtKt|https://lh3.googleusercontent.com/p/AF1QipNtozr-fImtOvJSheTFLnPE4_YVyHcEGN-4pWGD|https://lh3.googleusercontent.com/p/AF1QipOK6NSD1JlIrOq3zM_5FEqWg8VENrJJ-5bAu5-1|https://lh3.googleusercontent.com/gps-cs-s/AG0ilSzoTcb2Ef3cF9iYPyxtDf1uaQVcT7Jmkt5nXhWqbYxFIuAqFC4DkQyvXfudxtmm5Ikjny9Iz9wdIfsbCtIeMKW41eYgJ1UnGg-dwM45kd4wPeR2Bd_bLjTabsrVU_vFDyeEUbec|https://lh3.googleusercontent.com/p/AF1QipP0qroz1EribM7ttIu1ig4MbAw4SqmKTIHFrxXU|https://lh3.googleusercontent.com/p/AF1QipMaHrQEXq1HiALwr-k_ducYgTGeqJ3wmM6y-mhR|https://lh3.googleusercontent.com/p/AF1QipP8KrkzQY3xOlHKPvKr8CM7BLH5xC0t-sBj8dkp|https://lh3.googleusercontent.com/gps-cs-s/AG0ilSxlibQZ3wimYl9CqRvbX4rgPpR1dombMUdIo78fNElSyIV3TsBy_RscbF4ppq3Pm78Rqog-a3_1eiiCi5Rqo7-1LPvRwTxoOXlKZNSl8l3IvXkAFcozitsY54JbfV9zMlruB_VUaQ,0662-626320,"4,8",N/A,Barber shop YNS salon coiffure vip pour homme,https://lh3.googleusercontent.com/p/AF1QipMhYb9BOAFV-cpkzeWGPIcBBoVS0-0aZrQCYhnt,N/A,"366 E00M01, 445 Rue Al Hassoune، Rabat 10052"
https://lh3.googleusercontent.com/p/AF1QipPmtQkRjqG9fxmyd86a2yRnTNb2Q8eBFTy1uXA|https://lh3.googleusercontent.com/gps-cs-s/AG0ilSwK3ccdibOfShPy9PKTmXhWWu3pqSsRpjLE2rl7qTEMa1KbjduIvybF3U5Qbmd6MEU1bhtt2c4SU0lWowyY33Gstnb1sld3ZlgSL737AxksarApIwjnpQRzcwXpITwFr-v45b-O|https://lh3.googleusercontent.com/gps-cs-s/AG0ilSyKoL24RB4aPlAslRYEoPq3PMa0WxttyhdqCA4r2gcXAQ8fl2nD0SE7YnSE4SZzdIhar4YqtY0xsPLKgkxXo8dd9vy2XEnb2zRVcI4z08g2VQLaxsuv9vRvYCFQUTrZinMZ_LA|https://lh3.googleusercontent.com/gps-cs-s/AG0ilSzaJ7YDhs06TDBYWdvqQCaDz6gnxinAHk8cOvx1xlh8mpfdXopKi-FKzUz1A_w2K1gaTZp0soSx92uR9HJJ096qUpkCW0tByHqIeqfypRZzApyMi-0r0AF-sk4NuQ88An7_RQxx|https://lh3.googleusercontent.com/p/AF1QipNQqRJ7cbSwkgw5Qa4jBZnWa3b_osOSVDhENgM|https://lh3.googleusercontent.com/gps-cs-s/AG0ilSxMWU08sogH0eMFsrul3Fmo5oUyDBpayHyzu_PmTVCYFHDVFpbDmSGF2O1-3duwBSIC6mcm0Iw98avSlpY4i-RGz544K8yk7w5-qm80kZ8Qt-IAxZlf_op2H1IMcVidMOMtqfJF|https://lh3.googleusercontent.com/gps-cs-s/AG0ilSwM8jfRp9OrisSjjHItkAI4Mlz3M_8JChdWdybxVh5uG-w459XW0t3SmI-i_SFpcT6KbQ4f0--M24QtmxwA9LHGs-naaY7FPt2SuXaMHClPHbuC63S_FtU0aJudm54_zDjmQBns|https://lh3.googleusercontent.com/gps-cs-s/AG0ilSz4IdUxm1jTXq3vbLKBNqAYRdqltgMxqVVvORxQnXi0Nf2uOz1j7PrL-fKb-CfQe-EQTymDRZzBvj1ovRAHa1B0WEnDPYJf_Psf1hsknZlF43I0Vp0pxvyibrUd9viJ7iV01W2c|https://lh3.googleusercontent.com/gps-cs-s/AG0ilSwDrx9y1p9OnunFFhxWZT7afEP_kT8mO86FinF6IsC7FB3KYgATgCjoa5SiKjuJze5lEwstHaTVbjb8eknvrZptTU6xe85lMEnaaCHnIyzj-j8dLlw3hx3RAd427l7fTgTFDUUtag|https://lh3.googleusercontent.com/gps-cs-s/AG0ilSy8n_E7JZSvMdh-cmTyKr4Wr64r-ZiVPVr1vpp1eOuWyL-yKQca2vQgbIJRTYFLkbyvvxXzX-2ORYqcagWtCqGyk2NOf8Ejpm0UQVOpLyaMLiDou9zIXf90lxEuyiIMBzH2n6-v|https://lh3.googleusercontent.com/gps-cs-s/AG0ilSzeDXZ1YSbsHohe7LRKLg-7kQrvpBW07Iv6UARB6lykHFYu10jG6FeNEhhKHs1AtCUZFFaXflKwO86Mn4Jsns41aHpKdOWZEmQMYp4wLgQWQe71X0HPItvfCkggpYYeEXvMI8m_|https://lh3.googleusercontent.com/gps-cs-s/AG0ilSwRWeKCZr1eXM4phTUGrwNrVzbRRS0aBOGpyyZxDdCTLA_YxjOyB6DZdRJfZRNRMTwc4LfMBEjU-lg0iVhwfXk2GeiHstPNXdubwAs2cmHLL5qbh5jFrxi1_uD-QwesI-suJ-Em|https://lh3.googleusercontent.com/gps-cs-s/AG0ilSx8YQpvBlFO0TZ90KAcwKXxCHXH1zjt0ZqO6CeOwz43Zjl3cDiopRDAp9KsygkP_tJHSoaazau1ti67oUPddazNUpz-J83bTxqQg8Hh2edMJunJvzpnsgoE693S1RVoyAhxyyqD-Q|https://lh3.googleusercontent.com/gps-cs-s/AG0ilSzgVDtNzgbzcSogqbndzkTJKHTeljW1M-GNulJNzGlYOsiVk0nh7yLTQkYz9VeztaUJFrbJVz1znJU7anxnQEzJdTSKRrqWmpKQUgMFQ7pUbXrtQzHOrF-SxG0222I0Jk7qNZi81brTedR8|https://lh3.googleusercontent.com/gps-cs-s/AG0ilSyyn7v-srHHHgoHZz36CLiegusC-xCV_gbqJ0qOCdTtJVMA6TzkfHjDS9NQcmoSiREC5garkcfUlamEvTsFFWPVwB2e-USNirjZ8yvtFDqBzbn7BsjY52Cd1z4vkbrw28NAFK6x|https://lh3.googleusercontent.com/gps-cs-s/AG0ilSw8eGEGy3coVl0idvYCp8H217nlWp5tCK84mTTGALkzF-cUHv6gPJGNZFJ5vHo4Tn-xvPGp-MtLOGg5NTFQX-nfhF-LiBz6cUeJoZkdH6g-FxxcIcwhN_MnWNGfnSQ7uCEXy6f2iQ|https://lh3.googleusercontent.com/gps-cs-s/AG0ilSytpy0lE4v9Sztck5rqmjisFRCcY8F2hQwLZ_1ofnW-TKTd31pTAC5vkQix10gnLm_6HG2qErkkMcvTNXBC7MFkKr4oGwSwgZrCaAG_kTZiOUFkkMuQkVzZQGJA0A_QP6vURLR2|https://lh3.googleusercontent.com/gps-cs-s/AG0ilSySY3cLA-H8p5lwjdRnowJ6v-ffJK4AAYtH9rmd8iQM8HjI5nYsVOuzjOv1lT7bVYdamtT9d8YvlFQEG4l6MBla4EN3qZkOgPzkLhFs7y_FqNPp-Z-owqjvuNGl9Yphp25YdpM|https://lh3.googleusercontent.com/gps-cs-s/AG0ilSzgvuVAcX78owFiPwwkpVKYCb4vppCVUO1KisSFg-CLrSBbiUWgkZTJtiVhJUu_S_eLv5M4VYfc5QGXx7NxEyeC6mVhrabUPwRKGChqeuysL18ttcfpuYTXI_CKn31wNuiP9aBXhg|https://lh3.googleusercontent.com/gps-cs-s/AG0ilSyWCK3yeUVBs4DKSRAbyILOPyj_8eGxAbgZRVKDPfQ3AZNeFTjSzP6XB7prMduaLBqWf1XkAibEz4DKZ7iU65gx2CCbkEKZWWYhGIL_e4iv_njRjjZznTKRA_ciA5kpLoDp4kk,0626-849245,"4,9",N/A,Jouri barbershop,https://lh3.googleusercontent.com/p/AF1QipPmtQkRjqG9fxmyd86a2yRnTNb2Q8eBFTy1uXA,https://instagram.com/youssef.jouri?igshid=MzRlODBiNWFlZA==,"Rue El Fassi, Rabat 10010"
,0659-814004,N/A,N/A,Barber Yahia Vip Coiffeur Homme Rabat,N/A,https://linktr.ee/barberyahia_vip,"Rue Alboulboul, 1162, Rabat 10150"
https://lh3.googleusercontent.com/p/AF1QipO3adDWQJdafv_20gp1XcxW26tAZ2lpj9k5WUYX|https://lh3.googleusercontent.com/gps-cs-s/AG0ilSyC37DNQ_caynIaH-aMp_bS5DphIM_u06SiBqe9Z4sfmfDXVZh11ilcXbEG-EUcaL5PNHEg0uAJVSZ4-zz4v45Us002CnKXg3naMfqGVIaZjZUVd9Ujdh8dQxSLt73NvA0FHtImu-5yYima|https://lh3.googleusercontent.com/p/AF1QipNmEp2DNJThu98vDUKyZ-qOT7hHPPFI3kej2Ckg|https://lh3.googleusercontent.com/p/AF1QipOUA1FydRu0z5_8i1ktfoukWAFlJm0A4pcS70f0|https://lh3.googleusercontent.com/p/AF1QipNTH2fKjN-z1gQ_e5oqRWoPQXkvEbcK_IK04DjJ|https://lh3.googleusercontent.com/gps-cs-s/AG0ilSzRg70ahVBjy6G18ZqamqQABjlbf6BSlBvrOdFc75zTuC0Cxg0Mo-nbB8u5gBsEvqYHAeT6WOcQzxw4ivomlcRkPcoAnW5An5-DBXCvG1aeGdHCrDRrvs-xX_t9v0cej1f0zlS1Gg|https://lh3.googleusercontent.com/p/AF1QipM-zewPwWKPZF8xRaD1DsrE_6p5ZEgvXgWZSKs2|https://lh3.googleusercontent.com/gps-cs-s/AG0ilSynUUq10HPXaSOx4TOhlV4xF-ifr-MBGIcEdzZnPStwMa-rYpfPMrBH_KvJaWohQ-Taa8LO9anW-qMapWXmlAzE_8HsiFw0-ojtFsg1Hqe8gNXWqn1pl7MpDBgXdwIASB8COVUFNg|https://lh3.googleusercontent.com/p/AF1QipMWYlNuSOb33zvOG7qa84k5nnihANrIkD17x3oY|https://lh3.googleusercontent.com/p/AF1QipNQG7_-3UV7bZHChmmW4BfCsPbCNeiC-jCYcPhi|https://lh3.googleusercontent.com/p/AF1QipPJKDRezAkVUQwoOm5CzufdAArOk5xde3XGua5Y|https://lh3.googleusercontent.com/gps-cs-s/AG0ilSwkkmxdM6LEGm0o6gnErBezrVo7Cgtq5jK-_drAiN1FSOxAj3HVZEFViGbtKh1LvYaFGJya5WDNkWbqaYb9rRp6TXNlg5KsCD21DE_yDtp6g0muuP1eRF_wtyXA6Rw0dSsG1BkJ|https://lh3.googleusercontent.com/gps-cs-s/AG0ilSyKhV1DfIe5G1a8ktZ0goxkwVcu2_iZTGSzGuO4AjYF6axr_pm3IVheYXKK0cc-Gcz1EliRzUet6w0wp7xvgYvSBoIQca0vQCswD3PgBEc4HDubfKBuEPDjzHmlCIRZmPL4x91k|https://lh3.googleusercontent.com/p/AF1QipPgVYdOUcnckCtg15i_01Y9XHhGeOQPK2_8PozS|https://lh3.googleusercontent.com/p/AF1QipM9F_YcM0XKSk1b64vm8m1pBj5fVXVugZWeIoca|https://lh3.googleusercontent.com/p/AF1QipPdXAapRR74uT6dNrC6Hu7o_Ngd1qPq9wQRK69w|https://lh3.googleusercontent.com/gps-cs-s/AG0ilSxBpC0gVu_e_ZdaYBLerzFLEI0WKqBffRM0Qk8ENnGkNTlpB0ZEIAtTBHBn-4KSQpIcAkaGQ0SeOlAGcC2lVYdTyt4piybFJGif5p92BZlwpNatjqvxzzJ-TNikjIfQn-QfpSWz7Juksok|https://lh3.googleusercontent.com/p/AF1QipPdauOo0Pys4R4K1tp2-OsvaF7UlpI1y_fJCtvG|https://lh3.googleusercontent.com/p/AF1QipN7vDzHwGwelL560dltWMJVYvKIEjnVChQzEWxg|https://lh3.googleusercontent.com/p/AF1QipPeuOVN7yrYb12VjPXPZUFdsuGKMymgKLI3G6A9,0662-840084,"4,8","Services
barbershoptheprince.netlify.app",Barber Shop The Prince - Coiffeur Homme Hay Riad,https://lh3.googleusercontent.com/p/AF1QipO3adDWQJdafv_20gp1XcxW26tAZ2lpj9k5WUYX,https://barbershoptheprince.netlify.app/,"1, Rue Arroz 313 Mag 11 (624) Riad, Rabat 10100"
https://lh3.googleusercontent.com/gps-cs-s/AG0ilSxplkbBErpA-BjMfkR3PcXLhNSy6xPqqvPW3oD6wsq8_WzPnKp6lmIICG5DfJwPA-JTA7zKryDmCnZmDUYsPALyCSAksn5YZDBLqYulIHXxNFGi4NSWZ4s3w3WgjoQNfZ82nXddhWnGS-k|https://lh3.googleusercontent.com/p/AF1QipMqDh2qs_5cZatJuCTyKQDtMsQPKvL1PtMcpXJt|https://lh3.googleusercontent.com/p/AF1QipN19XlbDxaxEg-sWWcsH75OaHjfB1-hnSYtEctT|https://lh3.googleusercontent.com/p/AF1QipPVSIw8jf9j5Sa9lJaIlPytXeE22wWdsKdPC7dx|https://lh3.googleusercontent.com/gps-cs-s/AG0ilSz7XZ2L_ntquitE7sltJXC-Us6nHOvJgU8xlGkvWjyTUQK-A7vMEIPW_3PSbJsK_ELG6aB16eAPv6o-vzbYk6uIK_jFK9YtEJsby2Lwlmb5BgUOMxtACitIznXTURMnc7nzKjKo|https://lh3.googleusercontent.com/p/AF1QipMLhPykmXiTMEDnb4L_zoC1UUCCT38LdHqi4T4Q|https://lh3.googleusercontent.com/p/AF1QipO1CWTMHd8f4KHRbxPI9p6WwL2gJwkP2gEpL8js|https://lh3.googleusercontent.com/p/AF1QipPFkiRpUA5KsXN3fdn3oP-tWxfyRpkRZVMRO_2o|https://lh3.googleusercontent.com/p/AF1QipOhij53d8CP6wcyYid3WOQnwHxHoe1XKxvrV5Uy,0661-758505,"4,8",N/A,Élégance Men Barbershop Salon de coiffure pour homme,https://lh3.googleusercontent.com/gps-cs-s/AG0ilSxplkbBErpA-BjMfkR3PcXLhNSy6xPqqvPW3oD6wsq8_WzPnKp6lmIICG5DfJwPA-JTA7zKryDmCnZmDUYsPALyCSAksn5YZDBLqYulIHXxNFGi4NSWZ4s3w3WgjoQNfZ82nXddhWnGS-k,N/A,"Av. Al Massira, Rabat 10150"
https://lh3.googleusercontent.com/p/AF1QipPh6kBBjg3EbWlOAFkF-Lth1-VR940mR96rBRym|https://lh3.googleusercontent.com/gps-cs-s/AG0ilSyq7G4Hh4Gz4tlaLM942NIayiMwSAPtoPisZmGr3VdqiFBg0jyQ86Q35ImpfWLdUCtkbb4Xl-JJcMRDSKQA8-lCWlt8BwUO0J7GQH_XDcKWpMqiJpurgpE0n8yQzPF7-8MV-Z7HIA|https://lh3.googleusercontent.com/gps-cs-s/AG0ilSwqtYf945sPFal8tlq-oGdfkV5X5RIbVVV6Sp92UkIzc-2hHw4ieiEV_9TSi5gv9P-_G9olgvbIXYtEteuT1yRzVm4Rpr7ycr3OBwH2LsbWN5VT-ju2r3Fia6EAwl45XptzuQ0H|https://lh3.googleusercontent.com/gps-cs-s/AG0ilSxoxfz6Krsy13jJMrNY1891iI1VJR3ck04AJq0BE48f4nLZq3n4wiMbWj1ENUDSX9PjHTUk4Aj1aTcJokdQMapPQBNVax_jbBMSIUCLa1ege_lDeJDqZHQAAOlydhbt3B8UD7tEuoH7HmIz|https://lh3.googleusercontent.com/p/AF1QipNlSHdlAmGSnZGKMwoq2tQsVJPKRjkTKPR4go-v|https://lh3.googleusercontent.com/p/AF1QipPpdxCjDugX8ukVhy4Gy451Nh9laS2xCHNhUvPs|https://lh3.googleusercontent.com/gps-cs-s/AG0ilSxr2QyridpStOQO9rqZ40te0GFlGi2xJ7shl9f2_Abpk6LiiegF7Jn3nZNYzEORpr9-Pv64zl5XNdxsNKJ4Mp8K4mqYPD1aPb6psEUEavPO1udWMYB6BYmouTwBreWsI1p_v_NyKw|https://lh3.googleusercontent.com/gps-cs-s/AG0ilSxbqMVHQRKlc3_k8ATQ32fAJRvvd0_hSso5LzSdrM8WUzTUsdJTcuF1MWvgsJsimgV3hz0G3VsBsi_jWeJUOZmHzP4_tQGQ1mAzi7BRmMT0PQFsVUTWhtGRqgk_qh3iUbS8gywl|https://lh3.googleusercontent.com/p/AF1QipMx4a7dpiEVPEqSXmeYuDzVe1S8ipFtH5gBRiof|https://lh3.googleusercontent.com/gps-cs-s/AG0ilSwSJGffeI0wS5m1YBm3_9p-UCZPmPrSnjyBun38hewUqQNrlAfMlEe23j-PUAXx7RdmkwPK5DSMBfHDOJU5DAPpJ4PkJVgD29W6ct36uVF9cACbkOGlnFLDaNOyuiTX4b6XG_LJSg,0668-688869,"4,4",N/A,Barber Shop Factory,https://lh3.googleusercontent.com/p/AF1QipPh6kBBjg3EbWlOAFkF-Lth1-VR940mR96rBRym,http://barbershopfactory.ma/,"33°57'25.7""N 6°52'23.6""W, Rabat 10110"
https://lh3.googleusercontent.com/gps-cs-s/AG0ilSxDC3P8fD2IZ5j1pUe1ic6Zx3jqu5eQBQ3a2-MR_1bt80yfQ56FdtF8rF8EIGoMkMKHixmVFQRcXE4lWXPscC24O3__eY_3DBLIbNSFqF_RXOO-7jyGnt2pvhL2shwtL6qhqk5fhQ|https://lh3.googleusercontent.com/gps-cs-s/AG0ilSzIfWozCykJ6VZIUpE7lc5zo-9JGAs4LLU_aFbAjRXSLmYJ4ftttyesJ9sWNiNsYLNs8ean3b-t96D0MFNbBmRaCnHK06ObHBJiJZ3tD2Hg_9BG3dCNpS0uywdjTaKn_G_64xMy|https://lh3.googleusercontent.com/gps-cs-s/AG0ilSxscFEWsGXzQAHxGo4PnnpERoIi1g8YTsa2s282A1TiH3E4dBDLIJ76f9XokkHFC21xOMAWtClB_sTxwh8k5H3DVluFVfuPHxvqL4e2opd5qI7j4m-Ly1VBsyY7Eq_mphAH63TK|https://lh3.googleusercontent.com/gps-cs-s/AG0ilSyuJfds09353rf_TwwHmR4Yq1a2M6dOdoF_YIEiMTZioWmF2j1be6dv3qvcc7mn-6pSp8Il-c9xPW84DjeQX6hIWi9Tzl2cgUBL_paem1a03J5rXAOPDCmUJiIRKBbliSBLzwDo|https://lh3.googleusercontent.com/gps-cs-s/AG0ilSx7Cf39W9dsYwxUfMM-1uiEturCSUvmQ8R2AN994RyokyTFMvzUUhrS0-b1ALQWWk9qrwYvF4UitiDidjaOI6GUcjF1A59MEgWVxo3j5JoUVmG4hezHdgNUcXQ_3DWuSdjmJio3QA|https://lh3.googleusercontent.com/gps-cs-s/AG0ilSyS0ub9zWyKOwNBQ0bbhuspxTwd-9kje2ljHWiOM6iBzqvF8NtmUcbDfepABRCY3AO3Zmgs1qWDcvvWL7D7bOvYB07q4hzrjU87wNDOlj_nvSSQPyQksfjlzhZk4hHRqON10g|https://lh3.googleusercontent.com/gps-cs-s/AG0ilSz6C_GNNRkH_uO4S2sbdccOrKLH22bWv4qnRM-1fZ6yF2K5qXNlFrHYUFOxNAM4n8ajfEl1qJCkIeTrjkfKmPbaZZSMuRF7JZf9raWYh2qx3FMOl82W9k0sGQ2SSYxbW4zUvYv5|https://lh3.googleusercontent.com/gps-cs-s/AG0ilSwsO7XAiaZ4r7-T2W8fPm1AbEJj7ZU0PMeDk77n4r1gh7Xmrx_H41IoIA4WxgqXLUgX1yV9Pi8OjPwR68f_tQKulgwnLd5EHf4Alg9Nw8fMnIrhKLzUKISps3IKo8Qz1yHHVz8r,0635-363679,"4,5",N/A,LE BARBIER de rabat,https://lh3.googleusercontent.com/gps-cs-s/AG0ilSxDC3P8fD2IZ5j1pUe1ic6Zx3jqu5eQBQ3a2-MR_1bt80yfQ56FdtF8rF8EIGoMkMKHixmVFQRcXE4lWXPscC24O3__eY_3DBLIbNSFqF_RXOO-7jyGnt2pvhL2shwtL6qhqk5fhQ,N/A,"X42M+5QF Centre Commercial, Rue Arroz, Rabat"
,05372-01140,N/A,N/A,Space Coiff,N/A,https://linktr.ee/Space_Coiff,"40 Av. Patrice Lumumba, Rabat 10000"
https://lh3.googleusercontent.com/p/AF1QipO5kR47CrhvaCnzgzB9t1Bo90xkC8m5Y0L92Jui|https://lh3.googleusercontent.com/p/AF1QipMNLuPlgcP4PJOEZpeBoj1GOTfBk6gXJkxrXOvZ|https://lh3.googleusercontent.com/p/AF1QipO3X-Rv_oK4ysOfwqp2CyOqNRF72WaL5gIxE8mI|https://lh3.googleusercontent.com/p/AF1QipMXWcVxGCbJOIR_JOgjJ0ewWo_2g519bGcsRexF|https://lh3.googleusercontent.com/p/AF1QipOyjvWT5kdPBv8AV1QBKMDQ8Hir_2vt08vDEfyn|https://lh3.googleusercontent.com/p/AF1QipO3yRajjkjZ_lY2O69BaqPB6KPRs6Tqi-0su_PT|https://lh3.googleusercontent.com/p/AF1QipM8M25Y9ap7UAwLoMip9WRDBwmVLMtzgHWMS-Uc|https://lh3.googleusercontent.com/p/AF1QipN90_BWPoJ3anZZNm5kwBkALWUmyM5hTZqqDizi|https://lh3.googleusercontent.com/p/AF1QipMQHTl0X6q-bLEXaxomoXms4hNDAMZKj9SUSZzy|https://lh3.googleusercontent.com/p/AF1QipMnzYbAdHFjmQmzaajspVIvoeEffjpTpH7dBRVh|https://lh3.googleusercontent.com/gps-cs-s/AG0ilSxneR__U7iI-K19cQkXgDajYcSSY6iR-vYGRCKT0su506tY-nrMjLVNcTBU-tavpQJaVKI6hMKzsVrWVoSBtNwf7UDv3vjxv5u6jat32_sEr0Ln3rqyqocj5D_h0eS0dDeK-TfqqA|https://lh3.googleusercontent.com/p/AF1QipMDhZ3f_p24r1CzFVdUOoYyDFu2MN7sxt394lmQ|https://lh3.googleusercontent.com/gps-cs-s/AG0ilSwEqCxDDk7De8jS-WyVYOx2lzW_-Ik4IKLTo5uZ_mk0elV-yuYZ3AHIAwysQI-7SOWMcZrJVvRmfthQ24khLTKMudwPEgEb72KIaYadU6CkSIPttYajRCxed-iDGkfusl9v9Yh5|https://lh3.googleusercontent.com/p/AF1QipN2ByiPHjHFlQraj51ERfP_-A7byQ_rOviYyYeF|https://lh3.googleusercontent.com/p/AF1QipO3CluggI0G8fuAqOYQdfjVvjlkmqhMnou1JQT_|https://lh3.googleusercontent.com/gps-cs-s/AG0ilSzLsEWflw_i5Gv_YtvBT1UEfngiIERcdUad-zfi2g_rVzpZixcpZ8T0Mg65W3UtyvLx9hS75K-NPhgV1jro7dSKZgnWbKlFQ_FC6lWeAO5p8C2deOJ5hNhrVVHXS5fe_6EBBJ5-dA|https://lh3.googleusercontent.com/p/AF1QipO168PaNGcHfRf_4KsCF2q4cHhLPDQ2VtD1rLDU|https://lh3.googleusercontent.com/gps-cs-s/AG0ilSxgAMnpStCOZpRGMcXH8Ii0qWOLRAj_nlYr1d4KizD1gYdNCcyAwsPWRVw3nl5XCByn1z95XOxETHxRIJ8n7WajR7rLzz4wFNB824gyORiaTakGIYikpW5fV1jvAmWip9bN2iuRog|https://lh3.googleusercontent.com/p/AF1QipNtjmefaGunlNL0dwlbC1SBuazuKsi8koHkZZSk|https://lh3.googleusercontent.com/p/AF1QipMth3_ElfCmf5p7HC4xAaP7gdIx-A1stZuD3i5U,0617-763187,"4,9",N/A,Men’s club by zakibarber,https://lh3.googleusercontent.com/p/AF1QipO5kR47CrhvaCnzgzB9t1Bo90xkC8m5Y0L92Jui,N/A,"Rue Toudgha, Rabat 10000"
https://lh3.googleusercontent.com/p/AF1QipMjH8D3vE7zN89wRjS8nwNrspGzvw-kQGz7M10M|https://lh3.googleusercontent.com/p/AF1QipODkgkWihzh8noi7s57yjnad_FPfbVZhvpcJ3Es|https://lh3.googleusercontent.com/p/AF1QipNaAdRWY1TqAu18RC8PdDe51i-w-flfCX-SSi4O|https://lh3.googleusercontent.com/p/AF1QipMBg2-NAvWojXmP4VmzFCxLIt-DNBBQmYYaSr9G|https://lh3.googleusercontent.com/p/AF1QipM-ycXmDuo63nlltgZzwnL-JuhL6lWNPhZ79L3A|https://lh3.googleusercontent.com/p/AF1QipO79TtCSFlacgYwNCDT-4ulLLOWuQ0k7BA2nRL3,0661-694326,"5,0",N/A,ELITE BARBER,https://lh3.googleusercontent.com/p/AF1QipMjH8D3vE7zN89wRjS8nwNrspGzvw-kQGz7M10M,N/A,"Hay El Menzah, 76, Rabat 10150"
https://lh3.googleusercontent.com/p/AF1QipPbMAkYDMIRO6AgQYoqW7QKPhlWDwMFur9CWjsI|https://lh3.googleusercontent.com/p/AF1QipPFo4MqINZISCMurHwWtSgSP55tn4MtPbgfEVi6|https://lh3.googleusercontent.com/p/AF1QipOLDJUqIT7mrwZzziy1L-0ZhkPw7k_Afdvxul5c|https://lh3.googleusercontent.com/p/AF1QipNBmSGQVclu5WGLCd9cfL6nzFQUV1sMiU5Qpim4|https://lh3.googleusercontent.com/p/AF1QipPblp8qRwiwUK746bB7kgnwzetoO3cGzanMOf7m|https://lh3.googleusercontent.com/p/AF1QipMS-twGNDPyOhq2mPpwt4Y0Dw3ESd_D97VHJrQ0|https://lh3.googleusercontent.com/p/AF1QipO_0mbVs6J3f-XWIcN9PTHyQMm7pPA9K4crSnTh|https://lh3.googleusercontent.com/p/AF1QipMdVSfC_VTY0X-aj9eDUQqCXtXl91zsVIUMZLFw,0648-245473,"4,8",N/A,Barber Shop Youness,https://lh3.googleusercontent.com/p/AF1QipPbMAkYDMIRO6AgQYoqW7QKPhlWDwMFur9CWjsI,N/A,"Compl 5 125, mosquée massira khadra, Cit, Mag 2 Amal 5, Rabat 10052"
,05376-81302,N/A,N/A,Bien Coiff,N/A,N/A,"Rue Tansift, Rabat 10090"
https://lh3.googleusercontent.com/gps-cs-s/AG0ilSwWHHalPpEgPHWYTg7-1nVfk5NwuGHPRuEENtWq206LhZMFPpfvpKXvKKX1uze4q5PeV5YNTQfv3quzJ-0MCD3nWQQo4dCBhSCCFAcN6-Wh4k6qw_NLZ-BCjlAz2NUHH0G9fUs-|https://lh3.googleusercontent.com/gps-cs-s/AG0ilSxBCC1DSEqLBBAFhk82U6-Z8lPtrNk1O1VJAhVwyUgKKmVX7Vovckw9eT0IpB8Sv4QmsxYwTiiNAXxIS7cxGPEZrMQsYsnoW-WK_JNW09GXxkxAyW8OgjFD6PzpQt4T-OuC8fLMbA|https://lh3.googleusercontent.com/p/AF1QipMIV7lYn3YPG_wg1jJ_FQC62Mv1d9NefDL1ddY|https://lh3.googleusercontent.com/gps-cs-s/AG0ilSzvU2VSebztWH8OelwCd-PgZa-cvN93edEXo3RJ4sqxjXtcADkebA7lHPSRbPZzyyHfy0ZVd1OWkeXc8Ki0792hRILqEHwbbQc73tcr0yNA0HyDehVsNCd-MQE6goctg4pLUHY|https://lh3.googleusercontent.com/p/AF1QipMmVyOiP2IQX8jNiw9k8lb1MKj0GlRvxZejSFM|https://lh3.googleusercontent.com/p/AF1QipPsMTn_MUAL02LEfGm55vaNO9434ytcqmB0sH8|https://lh3.googleusercontent.com/p/AF1QipMY0_F1lO47C7-y6FR0-ff71O8e5rdtSMdbaoY|https://lh3.googleusercontent.com/gps-cs-s/AG0ilSxaiOOuaqzxhFZJanUJt5ihAzaUymMSpLWNN0n0OEj1utLj0blaMCK6nDqxKDekIAKc2YwNNJ8-F9E0oLxnhmOzOiM9SqeT0K5ZEvuMg8e1d7Zn2Hqu5EVzsNBedJ6f1Do1De_fLIRT71k-|https://lh3.googleusercontent.com/p/AF1QipOs6XPPPnOtJHa4r0jmvjNZlQE5Tnm2afAaeo8|https://lh3.googleusercontent.com/p/AF1QipMZH0eY4WHmmCFbFf3C1KXjtcNDKXD8bBeXHw8|https://lh3.googleusercontent.com/p/AF1QipP5X8R6VDKPHhq3jJOm3zdfGdPy0IIkMy_QrXY|https://lh3.googleusercontent.com/p/AF1QipOlEJ2ls1hKPlqBU5MTxKxW8JEH4Ual71eWtxY,05376-75074,"4,8",N/A,Twins coiffure,https://lh3.googleusercontent.com/gps-cs-s/AG0ilSwWHHalPpEgPHWYTg7-1nVfk5NwuGHPRuEENtWq206LhZMFPpfvpKXvKKX1uze4q5PeV5YNTQfv3quzJ-0MCD3nWQQo4dCBhSCCFAcN6-Wh4k6qw_NLZ-BCjlAz2NUHH0G9fUs-,N/A,"78 Rue Oum Errabia, Rabat 10000"
,0677-982338,N/A,N/A,MB barber shop,N/A,N/A,"n 19, bouitat cym gr 100, Rabat"
https://lh3.googleusercontent.com/gps-cs-s/AG0ilSz5BE6RSyIj21qTNLam-c_vbRNZrmNDDyzztWVt86c8I4R3FBEMc38DzvQIstLANAmYE9ch0STrXVnnA4PE3HBwQ92JTDnazWoWVUPSFY8xM9t8Vla3qo5LORhCNBQuFHgftQQ|https://lh3.googleusercontent.com/gps-cs-s/AG0ilSzoxvc0xNeP3ORTbxyTb12ycrgwlAmZibQE4kBF37iuOZwflYYfEkGBg7Z8b58Aop9kaKnfYccSWJJw-AM8-y_yCWHdfslFlP2NzZGcryHor2l7L-N0TSk15-GYj89HLYKz0oT-jA|https://lh3.googleusercontent.com/p/AF1QipMb0DoadtyCujzg1kDomK7C-x-tYkmqjEvmF336,05377-25353,"4,6",N/A,Creato barbershop,https://lh3.googleusercontent.com/gps-cs-s/AG0ilSz5BE6RSyIj21qTNLam-c_vbRNZrmNDDyzztWVt86c8I4R3FBEMc38DzvQIstLANAmYE9ch0STrXVnnA4PE3HBwQ92JTDnazWoWVUPSFY8xM9t8Vla3qo5LORhCNBQuFHgftQQ,N/A,"océan-hassan, 03, mag 02 Tirana، Rabat 10000"
https://lh3.googleusercontent.com/gps-cs-s/AG0ilSzAeL3Nomyonf15dsnK0uRrb95wD-V0_Hh0diylSNkAebEoIa4NK4iJ0h2CVuDHk4_zKoUYVOOzlKtz04YMsO46fkbyCwNpNR2sAC7tqvfS1cLz8lcMclmj3Nk77Tb8VUwOQjXFe7XLN8eM|https://lh3.googleusercontent.com/p/AF1QipMFv7eWxKaZthHMFOc6de9ea68IS-MXt5G0Iis2|https://lh3.googleusercontent.com/gps-cs-s/AG0ilSwjd_-Qb2fwQYzY041VMTES7PHR3NGl6VlARM7JynLXO6BvcqoU94daFipsKETfN6mJZft_VdB2LOtqEbnq__-qQtclQJWjhm8sC1qBJfMI9k_ZUjEVBUMGJ-v9Apb24bWaRUh-|https://lh3.googleusercontent.com/gps-cs-s/AG0ilSxFCKVDH3YpC5eJeoEK-zwk9enUSmigPq-lryYDBUG0G6Ffn62a9EksOJEToq94Y9S9NOFuVM7BiBCRzMRCn4utR3rpAMSnuJ2DJXPoCxxbWfJbmNEKoCO_OJCFhEjLsn8tHG7huA|https://lh3.googleusercontent.com/gps-cs-s/AG0ilSw2cyZ2kVKAxTsQ-POXrvyScS86rw9tktBpHLkzdpzL7RTF7YPw3dOxJOYr_t3v0UgEbiLBzlCvBxudA2v2gX78W5_QBeb8WRqh9bp7PbSfPGyWSC4hb8DQTs8fpbG1PUA4Wm0Ixw|https://lh3.googleusercontent.com/gps-cs-s/AG0ilSz8H6vnDXntntS0rnuHaH1980Z029cTCmrVag1uWzn5WlAvSCmAKhuzM5EdMVhdHwABHAMPJN86oWbI4MYtO-_2BG-JztRTnYYv2L1eBsUntdXsqsCY_wDQzKfW_vUKLL3oFD7E|https://lh3.googleusercontent.com/p/AF1QipPxJaK5vRG9AeRUGvUrBH4mTfvE-1mD6Bu9v3ze,05376-83504,"4,1",N/A,Gentleman Coiffure - Barbershop Agdal Rabat,https://lh3.googleusercontent.com/gps-cs-s/AG0ilSzAeL3Nomyonf15dsnK0uRrb95wD-V0_Hh0diylSNkAebEoIa4NK4iJ0h2CVuDHk4_zKoUYVOOzlKtz04YMsO46fkbyCwNpNR2sAC7tqvfS1cLz8lcMclmj3Nk77Tb8VUwOQjXFe7XLN8eM,http://www.facebook.com/pg/gentlemancoiffure,"5 Rue Tansift, Rabat 10000"
https://lh3.googleusercontent.com/p/AF1QipPRRDc5yZdAUmC3yTx2UlxdaShHqkc2KkEy0-XU|https://lh3.googleusercontent.com/p/AF1QipM2UbINDpRLRdyM_1W4GsR-bneOi3OlUlHRf7P-|https://lh3.googleusercontent.com/p/AF1QipM7OKtu23tlpvnY4SWfNV1dnvnEXQd5r2DZD6S_|https://lh3.googleusercontent.com/gps-cs-s/AG0ilSxmcanxxmR0lUxdNb1xYHuAj_82uBZ25kfMitAWuveDN9d4VNe8xeoO2KuWU_dP-lZN8uz4kCqGLwIslIaYcu6YoXWDye31h1Of5VmDkJviuwLA0AI0X9UnouVKPkLqZrZQC-pPvBDdOefd|https://lh3.googleusercontent.com/gps-cs-s/AG0ilSwSVTKJT7Zz8Q04AJbu5bplaqd8yoTavtl5T1C4KFlC598mNpZowL5ZMj_uSZpaej6CGLP9Vj7f3UmWEKj2H_5OTXEADIGMUCtWH9C0Hoc0A26h7mwWgmpTxUjY_CLHjrZ98FRUtXXf1JHp|https://lh3.googleusercontent.com/p/AF1QipN3Jlr-sh8J3rTN1x03R6R0RRMN5t9vw6Bxq8qx,0661-217511,"4,5",N/A,Barber Co - Barbier & Coiffeur Homme Rabat,https://lh3.googleusercontent.com/p/AF1QipPRRDc5yZdAUmC3yTx2UlxdaShHqkc2KkEy0-XU,https://barber-coo.vercel.app/,"1 (703, 421 Rue Bani Jaber, Rabat 10000"
,05375-63958,N/A,N/A,PARIS BARBER,N/A,N/A,"Ryad al Andalous Prestigia 10000, Rabat"
https://lh3.googleusercontent.com/p/AF1QipMQGkPlRbo7wSe23RX-z-2gL7-TONIHfW4j69IN|https://lh3.googleusercontent.com/p/AF1QipP9NztDad_2ub5LR7eV3Ao3hEPiSEMXdGnf2_F7|https://lh3.googleusercontent.com/p/AF1QipO2CkM7cNpftgSWYE8k2vdj7g8sUbpBt9vN-1dD|https://lh3.googleusercontent.com/p/AF1QipMZZef78kQBzTpacSkn1xgOybYmNIBwKBcb_ptQ|https://lh3.googleusercontent.com/p/AF1QipM2-4PJkN7fmCOrWO-WHnZKxKkEeW4R5AJ_DCEf|https://lh3.googleusercontent.com/p/AF1QipNwDsQVQieyhkhBXS5QJQqTrPZp_sGJnRXWO2m8|https://lh3.googleusercontent.com/p/AF1QipMh20mDLWNRpOQOB4eaMm9zxdPKN8kl0gIopz-Y|https://lh3.googleusercontent.com/p/AF1QipOK4O7Wnnjs5oWf3D4zzMb8Fz5JTQtSve0b-moU,0530-453030,"5,0",N/A,Abiro barber shop,https://lh3.googleusercontent.com/p/AF1QipMQGkPlRbo7wSe23RX-z-2gL7-TONIHfW4j69IN,http://abirobarber.shop/,"N1, Magasin 155, Residence Assabah,ilot 1, C Y.M, Rabat 10000"
https://lh3.googleusercontent.com/gps-cs-s/AG0ilSzWNPitCFNQCz-R_poIZRYLgqVGjjhrsZg0geKhEQaczoXPP5EtqbsdhzsUN51L-IEtirAddyj2dcKeqEzxH2LoCNPWEPdDhHLrbhwMcEUxEpH4vQMcaHAHJOPukmdpt2wxVvM-Nw|https://lh3.googleusercontent.com/gps-cs-s/AG0ilSzePqqR56Z1sEozLlgfxRL-X-n2p32Y1k1mmJqx-IgSHF7ambRzKNwsxHnB2hwNIw8YAJ8PpycP2TSNUHNF9s0FmDDfkSGqCW82KSjU-h1HO9pSCFzBIXw8pTFIuqKMxEcZ5AvXtA|https://lh3.googleusercontent.com/gps-cs-s/AG0ilSxMBjQEt0PD395ysRNcNYer99fxL_4BE6k8T_Hw-tpM0QPSaDMdyfeMcWbO0hy7bWIb-hrw_8QsfGa0GfHrNQ41hivFKJQJKZhVl0rK5zSHTtC1T7ZQGnxHPIsmSbQjpB4tJWOmDQ,0613-506771,"4,9",Situé dans : Siège de Al Omrane Rabat Salé Kenitra,Tarik Barber,https://lh3.googleusercontent.com/gps-cs-s/AG0ilSzWNPitCFNQCz-R_poIZRYLgqVGjjhrsZg0geKhEQaczoXPP5EtqbsdhzsUN51L-IEtirAddyj2dcKeqEzxH2LoCNPWEPdDhHLrbhwMcEUxEpH4vQMcaHAHJOPukmdpt2wxVvM-Nw,https://www.instagram.com/amine_elouani_barber?igsh=MTloYnNrdm1xaWlq,"377 Riad, Mag 10 Rue Al Kharoub، Rabat 10100"
https://lh3.googleusercontent.com/p/AF1QipNuCKVfQn6EeOuOlLhMVnfgz5eCF230LLSyrb3C|https://lh3.googleusercontent.com/gps-cs-s/AG0ilSyfvYrD67zS9vnDYDznAt5-lAvCHv3Ii9e5mtS9kONH_kHHJb2IFEZi5LvJWL1qLpr-wcFvkUkIZ81R1Ghk-QPk_VVotkFgYPR-md71rhLnsM21CCPE5hxo32EwOO4jv1-7qi_j|https://lh3.googleusercontent.com/gps-cs-s/AG0ilSx4QmHNWK0WiV37Is2a3oA17hERaq0t26YBJVey-_4U1439o5KCu0claJNsOzf6umfgDQ91qONyYe8iHal1KYr7cwFvbY0sICnKfDraXt6AavxBOk7cYdurb6E1rAPZSDI25oaANH6Nwow|https://lh3.googleusercontent.com/p/AF1QipOsPKJcwYB9vGvkzNwNZ6KzvWBYY0ExgSloZxmh|https://lh3.googleusercontent.com/p/AF1QipNvofumjdAZyOM0SxmG_yXrAkViz3aXARxyMs5G|https://lh3.googleusercontent.com/p/AF1QipPfLS3DULtj2-wdK4u-Neqm8ssHYcB3Kj8itn2M,0649-257240,"4,4",N/A,Salon Coiffure Chez Rachid,https://lh3.googleusercontent.com/p/AF1QipNuCKVfQn6EeOuOlLhMVnfgz5eCF230LLSyrb3C,N/A,"5 Rue Al Janaa, Rabat 10100"
https://lh3.googleusercontent.com/gps-cs-s/AG0ilSzuVsTcGIRuCOXRNB15SLUZ9SrEsomwIOAKOrPdOiyOvSBaxlV9IbeR-lzrYnNvCX7Lc4ww_wLyAVJSNUy58uwpSCJ3p6a6H8C96Az2VToQp1AlYcZ0rZMk7aCKabNfjbDv-Nqq|https://lh3.googleusercontent.com/gps-cs-s/AG0ilSwtWl0CyPJQBhTYpyxMbU9VRQJeUy08B0q7AcZrHTHdI0OQyXZJlvuFXaqRO1Ejq13WcBKzcL3Jlozw7CRCXJfQ-Ga4w_d6eVo_3Twol7u4uEJ6mBrFpKWYo852IkDXQiCggnxPyw,0665-112242,"5,0",N/A,Medina barbershop,https://lh3.googleusercontent.com/gps-cs-s/AG0ilSzuVsTcGIRuCOXRNB15SLUZ9SrEsomwIOAKOrPdOiyOvSBaxlV9IbeR-lzrYnNvCX7Lc4ww_wLyAVJSNUy58uwpSCJ3p6a6H8C96Az2VToQp1AlYcZ0rZMk7aCKabNfjbDv-Nqq,N/A,"1 rue lalla henou, Av. Mohammed V, Rabat"
https://lh3.googleusercontent.com/gps-cs-s/AG0ilSwzDD7rB1gmlozKIZo11J-YP9G0TYwIjMje6qrZ71etY7MqO97JbpzryTgpyZ5qAe2qBu-WYNqTbe1lzik7hxly1IbMdaAAd11FurkVcKzv29tfQi3upKfRxTopHCLxvooimcCm6G8hzHV4|https://lh3.googleusercontent.com/gps-cs-s/AG0ilSw25lBmCJ1gO-Css8Et0IiguftV6oZdjPT2nrXcLELJER1iNvLWO4231gnKeG6pk0J4ZGcAmx2GznlqSnSocVCazTe5ZXyRz7AG48e7pe_IshmmGgWTskRKaqwXCMSnrSIjFrcCrI9NYto|https://lh3.googleusercontent.com/gps-cs-s/AG0ilSxvV_FLr26YWgefhsJixIE1U0Wp73-f_wCM3vxQAQqo4j-O6pQq5wrorRMzWSmUao9t3hMI5-bemqY054Euq7830XgcpBCRmScfKgp0V0Rd-11tbesdypPUIFBz6pfL2xUgisyurRb0XX2x|https://lh3.googleusercontent.com/gps-cs-s/AG0ilSwhb_CylLAu8L4WUkn1dAsn_yJJJl5C2AsDssLFWr3PJMBwxEWCtaLUC37VoRIO73LToCw5cjkvS6ytGT8KZHm-3-pezErkA4CAXr8zhqeLHyTO6hBAyXZYtRhV1WbnsUXrN3RSrjB5Cgw|https://lh3.googleusercontent.com/gps-cs-s/AG0ilSwdNqu38tL7M4ACb29SVirMZKbPrn11LAaLtdq0DfhhK99uJm423HL0kHAP977J9m4x8zuW_OlhTwtmszNA1V0uF7A_1wJBcwO6VxHib4N3QmzlPEe2Lm3L20SAw31boVhgE0vR5_cf6UQ|https://lh3.googleusercontent.com/gps-cs-s/AG0ilSz5GdYBNbh5bSBmsnomKWfZ4EJc7pT4gunaLF40ULdDovL-u8QABuMZL2e54zQc2GOayWM7CquDC_zs8JPWC5OyIWzChwIcb7DdiDmmG6kSPVu_Fbf_KjdwIwbrv32iXMHmt-ydO-2sfShL|https://lh3.googleusercontent.com/gps-cs-s/AG0ilSwieGk9e0xtcbkpDM90oizE95oLwTgATmHPzTQZhhQIAWjXCV7d9jvb2pB4oyV5Qsg8h0eSLZZc5RQ5RnAkwle0b59fQ4DqBI4juwt-PZ9tcVcB6IZbY0LjEgOiAthnAVfvUptu_o3T_fA|https://lh3.googleusercontent.com/gps-cs-s/AG0ilSwCuLy6-BUx9bOIyZsqco1RgR7T2Ic043joBJM-Aq3znTbYdM1CBzDR442-dA8vsVYnU9uxm8zff8jky43MYNSQ35PBS6IivJtym4uJLvp6FuATJdvn4td83ZKwenidBeGCRsxZd3bxLaoD|https://lh3.googleusercontent.com/gps-cs-s/AG0ilSxq_VOjeXSIb5XTUqmcJz0Lr_TY9t3-p12rVrk1jz2QjnOs1XQX0x77C4nrC43FeJeF9V8cvbgxhcSuxJeMSVkW3BHnDoissB1Z3ObMe3jaoi1PdKkRiXiqD1Y925rbb5oz0pphMgQT8OGV|https://lh3.googleusercontent.com/gps-cs-s/AG0ilSy9-8E8yrFn1QqVt8DyCF_yIef3JUH00AfFP-gfd8G38TGbgNOSqfSVmxO9zxvMM3c5mEZMZJ0P782PNDbWOvvDGZQTZeakgjc-A6TMus6RvqhEW52B5RWYsBx2FFJiPSbsKQpv0AVbdPPm|https://lh3.googleusercontent.com/gps-cs-s/AG0ilSzHiA9xHElPQ68Hcua0CrG0z1LLRR9vsM6TGxFR0bctGf6BvgBrUk-VC9esMMDSKL1o6PTSb__SSGAo5Wd7kjwofDa9KK3ywqC7FXRxQHiMRuIrb9g3JD196A6TVII0NkKbufpEYqmadQA8,08085-95966,"4,8",N/A,Chicmen,https://lh3.googleusercontent.com/gps-cs-s/AG0ilSwzDD7rB1gmlozKIZo11J-YP9G0TYwIjMje6qrZ71etY7MqO97JbpzryTgpyZ5qAe2qBu-WYNqTbe1lzik7hxly1IbMdaAAd11FurkVcKzv29tfQi3upKfRxTopHCLxvooimcCm6G8hzHV4,https://www.instagram.com/chic.man.barbershop?igsh=MWZhYjN3dTk3cG83dA==,"2522+7Q5, Rue Oued Fès, Rabat"
https://lh3.googleusercontent.com/p/AF1QipP-W8oe69G_UU0vHX4jiVkfTaHxyP28E0gSNZm4|https://lh3.googleusercontent.com/p/AF1QipPrhByVImBX4SSb7puTEmkg7SBG78QJ3w9D0KLV|https://lh3.googleusercontent.com/p/AF1QipPgrL3sSlTKNRlxYYtJLUf9RJniMmebKywauuU0|https://lh3.googleusercontent.com/gps-cs-s/AG0ilSwMnICMaMtgkBLMUOUz7fC9cQrJDoc5BxP9j4i0pUzTJHJ36uBDjx86NMwwlb5_bJhVEalpnw5j083w6JYkZS3iOCz07_TZ_SxR0dX2Gr2BTuM9s5onP-yNOgeVpOgpb6s4er8q|https://lh3.googleusercontent.com/gps-cs-s/AG0ilSxzDEFYhVinG365cGPaN_SwUA7dY2jc_2wTW0Sm6YeYsTWHS0PyxC8s3tdjf2gdGuOYq-e6d81b2mfuUyvl5iXh3NDTtNyolMn3xXRqff7ULD-i3NO38q9tffyekkrzJxPUx-oy|https://lh3.googleusercontent.com/p/AF1QipPTyKmy25w7pxQ6VcbDAe80mBkS6MPubaFwTW02|https://lh3.googleusercontent.com/p/AF1QipN7JR801TRxVBiPDGbH1ACfGNsTIWxamK8MsF8f|https://lh3.googleusercontent.com/p/AF1QipNIw9_LLiMsEVUfmDYW2zz3zT6eiO8szb7gvL24|https://lh3.googleusercontent.com/p/AF1QipPon0ZYt_3NGb1cfLi7j7rKzDW3Oo4F4yRrXunU,0662-883520,"5,0",N/A,Salon Said,https://lh3.googleusercontent.com/p/AF1QipP-W8oe69G_UU0vHX4jiVkfTaHxyP28E0gSNZm4,https://app.aio360.ma/beaute-bien-etre/coiffure-homme-entretien-barbe/barbershop/rabat/salon-said/,"Rue al Hind, kebibate, Rabat"
https://lh3.googleusercontent.com/p/AF1QipNhVfF58jhCPzzdtSa4ic9QdsRM9L1VLXIyUayu|https://lh3.googleusercontent.com/p/AF1QipN1ZmOiu438ill3AQ60wPtH3SsZnTloRjkFSGCo|https://lh3.googleusercontent.com/p/AF1QipMwUMmaARgq2uxfYooxdLPuDLO15RrchzjXfMCL|https://lh3.googleusercontent.com/p/AF1QipNF6CJ3SemnPhr_CNBskHm9CW0NPOroyp8OMJA_|https://lh3.googleusercontent.com/gps-cs-s/AG0ilSwrLNw3WFhko90BKgk2Kb4U4bCdC1wcqSGrjOc4UBln6-LAFy-lRHMMaiDu8CUURKw7KkOHF-s0G0L33vtr0OE-WpuaYlc8T2Ni4DjLNk4sjq1_4QEovYNtM_vmQmf28KDfnPbskw|https://lh3.googleusercontent.com/p/AF1QipNUulScgBTyoYwI0obyqmSqsSHEVy7E_sioHj44|https://lh3.googleusercontent.com/p/AF1QipMy2EMgcWO3Ksy42LGKcQ6qGnzRA-5_f2U6hXtc|https://lh3.googleusercontent.com/p/AF1QipMOPOi4FkjDPMZZVROksYXQ_159vzJpxAAHkwV7|https://lh3.googleusercontent.com/p/AF1QipPZQ4kPVh3vL-M3HvPznxX74I0RDnoD_nrNr-Ai|https://lh3.googleusercontent.com/p/AF1QipM-0jzLHydzejlSK-Uz-0hFl7OTjkbwVgpK3EBK|https://lh3.googleusercontent.com/p/AF1QipMNfaooTq68cRzIVvtCJbMribf36ZzN07qH96fM|https://lh3.googleusercontent.com/p/AF1QipOC7PXSbLjctSIUFJvrxNy86wQC7U2ispg6bieN|https://lh3.googleusercontent.com/p/AF1QipOpHAgsr1m063YUaz4GqN7es_qH5Wqt6srOBYzn|https://lh3.googleusercontent.com/p/AF1QipPKs6qq26nN2hNjvFEDdHS5LZK87jFHgJquKAMu|https://lh3.googleusercontent.com/gps-cs-s/AG0ilSxRbFCWFiGwMhnPvoLntm291aDWY_F6myHezTULn8nrW-Q1-0KegcddEy7mnQi28qkfqr9HKTX-y6jbQXoDuugaAV_VrECy4yT8RnJTQ3U14n1cITiiOrvQbPaLeACW2mrCQ2U2|https://lh3.googleusercontent.com/gps-cs-s/AG0ilSxMSrfrbNqsJb31vbGWKlQbFhUa21GeGoBuqsFF7WmU1rWYGLW31WikfMY5K_sJ5hJHG70xFb4ahshkboDDoVVgRrlz_BDj_3TfAqZOy-lQtBc-y9iOP6pbp4n2FAb26tK00Wtrjg|https://lh3.googleusercontent.com/p/AF1QipOD1hsxVKroKVzeDzqBLPFkxYCdACT3B5gCaBaE|https://lh3.googleusercontent.com/p/AF1QipPJyGn9COP0LH9oNFAsswRtbMNkwMfPe99xjT5Z|https://lh3.googleusercontent.com/p/AF1QipMKgXlgbzcIMCKY-samg7LahKa0cZlCUHspGB1N|https://lh3.googleusercontent.com/p/AF1QipMpje2b-zwAXr7aHy27kMKwnm4UAFsHcqBMl7un,0670-794584,"4,5",N/A,#barbershop abdellah,https://lh3.googleusercontent.com/p/AF1QipNhVfF58jhCPzzdtSa4ic9QdsRM9L1VLXIyUayu,N/A,"Rue Oued Daraa, Rabat"
https://lh3.googleusercontent.com/gps-cs-s/AG0ilSxznyZGU_e81YT1oCp2nwUEwQdxvBmNe-4Pbq89Yv1IVoIRD6fImtnhNiYQERPaERjuS-l_jG0Wfd63UDfzjN6Ymk1oqI_YExWzdrrpM5uLamWSw6DNP3BRxOJGzxNQbPsYFFEL|https://lh3.googleusercontent.com/gps-cs-s/AG0ilSxo0g0x57G0Hg9YtEl8O0m2rbibdsWU3Bv4zsMzUDKyu0tZhhR2KxX10JvWBevUfEuZcZ_azLN7ZLMsA-yVirDt45HeQ8RvQoIjc3xNu1HkYhJLs2eC3s3OJjpvwGUc_iEd4fSMNw|https://lh3.googleusercontent.com/gps-cs-s/AG0ilSw901us4fZD0EXGB5AxvZzW3wWbeepvEoTEZ-fwGJ7TUMIyjVYt7PMsJOAELusfK9s3CSxsLzc6NO6IUcxCpizluJbIrelBBRUvMmv0v6vKSql-tQau3Gi9CDbWqLxUP_bSDg08XQ|https://lh3.googleusercontent.com/gps-cs-s/AG0ilSyFOOeElSONT0N3EsxWqGjg4Ms4BPmbBpJrqsHN_5o-Df1GpVCwIHE-KY9RGAbxNKVEYHhBFEjqzwmd97NUo4UhrPSqT5QI83b9olYW2rk1GMVvwImMbKrrqCCZ5yuO630pIa_6|https://lh3.googleusercontent.com/gps-cs-s/AG0ilSzX7WcnedG-yn9dA8LlRSH9_XnkQW1JfZ3ammcDMA8K33fYwMevY89gYjw2eA_9yNI_SnQuZ654kxs5hPBPS2QecmsH0rt4n-pXX0YDeR1DXMtoxhkNdJApFOVt_fLsWvIQltBNOXbOn_w|https://lh3.googleusercontent.com/p/AF1QipMHIRll9us8Qi3IV7stRiOgMhuG_5k1y-O6wmH1|https://lh3.googleusercontent.com/gps-cs-s/AG0ilSymEdlHEilJ7QTl__UpcTdnQq6RZEFz8LYzIxBxfbv9tLcAC4Kl0Dt50fIb-4vM0fVI0379Tt5fDEa4BShyjq8hkYHhzHQG3uDZVYGMPvucxIRqBYL5HHIGIUA6KTiPa4vJKUOhlXPEFGm6|https://lh3.googleusercontent.com/gps-cs-s/AG0ilSxMBXjwjuaq3RuU1kYlZcJe-jZObl52FhhMdNYxqvWTot2tXzhxV3dGVAdmJBEsjFbmB3fj3sx0pg_n9be-EsxC4uds0pVDp_oTLCN4ScWq-T1v2fvyrxqx91gycD_pfPpTMNwY|https://lh3.googleusercontent.com/gps-cs-s/AG0ilSzREakIsH7hXxF4N3Miv7K-zGFHYz9S8qTVKzoaqh8vnb1nG3fT4rLc0kt0hXQCKpByY_371yfG6zQw1MHK4ss6FTS5wm_UHqZVVfmUWUK2D54VGFfoUOYZqy-FQ_fFHnxjwm_78p2m6ChJ|https://lh3.googleusercontent.com/gps-cs-s/AG0ilSyiwdzw67WJzdynL0xmWDdTHUt0YFM7TmaoliOC22H8PXdRmr6IA2-icai3u85_bUuCQrKH2k6U6uIb3AK54rjaPAYOgqRFBv2WPqoSY4RzQeO9JYh6y1eCdy-fxqkLTN5tlLGI,0661-381346,"5,0",N/A,George Clooney Barber Shop,https://lh3.googleusercontent.com/gps-cs-s/AG0ilSxznyZGU_e81YT1oCp2nwUEwQdxvBmNe-4Pbq89Yv1IVoIRD6fImtnhNiYQERPaERjuS-l_jG0Wfd63UDfzjN6Ymk1oqI_YExWzdrrpM5uLamWSw6DNP3BRxOJGzxNQbPsYFFEL,N/A,"4, Rez de Chaussée, N°2, Avenue Okba, Quartier, Rabat 10104"
https://lh3.googleusercontent.com/p/AF1QipOrXw_sNdNZQ-LN8Nph98JunE7NU3fkh-MSWmPe|https://lh3.googleusercontent.com/p/AF1QipN1Cx7F4wOsF1j6eAjn-uk99FnIFY7pHr4HbKsn|https://lh3.googleusercontent.com/gps-cs-s/AG0ilSz20N_5xmjVLwnz4ULXTWLiNtyJgLRMoFmJSZw8inkv94hE-5iyN4ZoIlRdPRWNfWwL_4a-99dF8rCxJU6gbbl4J29OcHH7I3EYBGlDItDAda7quIQSYO1V0lfL2ndgf3K4AZf6|https://lh3.googleusercontent.com/gps-cs-s/AG0ilSxB1Am2Yd1XYFXjH7asdwvYojWk2FxhEjM4plVTbFDw5TeqdwB-tWLyKMhscyJHlEBdqFYhRK_TO8qiDVybWFAswEWaJJkiAZVvY8GyYRgDXzdPYoSgCtsgZUz8BgsvGEXfEOMPkQ|https://lh3.googleusercontent.com/p/AF1QipMuxvpt_S0eWOh4QpiRfAVJu_3FXkTgIt8VTDQg|https://lh3.googleusercontent.com/p/AF1QipMKnzDekC86q3SnP49dL5jL6mJeZydMmzw-I7M4|https://lh3.googleusercontent.com/p/AF1QipO7HC36ClbzcVQJRXSeoRqENs_Gjd2qlGCIs4Ym|https://lh3.googleusercontent.com/p/AF1QipMOjuZtzvIrSrank3jOvmOsxForbxwv5KlZlrZk|https://lh3.googleusercontent.com/gps-cs-s/AG0ilSxQ1DITEs32raTSNG5rOZulJj4oTvBS3XFL_8rCYgfP7YLYgd-0kEyhOlnKFLj6p88qO8t7mDNsgVCUYREMUTOvzhY-4-lqplrafphVra367NfNVPHx9SiEeiZTTybtdF185sutxg|https://lh3.googleusercontent.com/p/AF1QipNa2c1EAZejBz0A159A0ru60Fpgwgrc3eTzONp4|https://lh3.googleusercontent.com/gps-cs-s/AG0ilSzj2a3tvZQnSuE6A1DlODpSlRRr_SLGHjHmQ7sQVZ6mAIWq3RrZwe1A7uaVr6vPyiFMbK5vvd6O3QPZ1X9z-pOg9kOctGFLizmPcZ9054FhK-yo_DVH_5nxsQYgKJxT0arvk0lw|https://lh3.googleusercontent.com/gps-cs-s/AG0ilSznWZ5X0V5sIyRv1Bu7ykDQ2ZQ0zGW1IUDh1XWr-BnAZqF-HfHPNoTrYrp6uX34bBxbu-5zDhAK-gMAsTaOvu92LXE7GH57tlwRejuJCuClMKPmC9_5ZcNl4ffexYraMSge6EIy|https://lh3.googleusercontent.com/p/AF1QipM7QOZ0_whnOFK2BgsYw_XHjORrfh7JylHsQLG5|https://lh3.googleusercontent.com/p/AF1QipNa07IbMbai7MGCASl5oH50zw0E2UCm4yDmhq0y|https://lh3.googleusercontent.com/p/AF1QipMz63dgKdiWxtNuYBF6sQK92X6c40hcJJv7wjPl|https://lh3.googleusercontent.com/gps-cs-s/AG0ilSyKeYguhk1bOI3eJOrlNNi6oALP3erHhAfXvECgCxLV9BAGyxp0cA5-BiBoyy8XTB_x2xsWbLu0CSpDeX78I2flysDqrO7sc3x2UQlVTK1bxk24Afou0jjW4Wjc3K-LFB6aOBkw|https://lh3.googleusercontent.com/p/AF1QipP27gu9lC1DTxfDRnnvzsLXsWe7bYyxsqfO0TgK|https://lh3.googleusercontent.com/p/AF1QipMS4FccMHoLYPVL3XNvMkCXJSFZLBI24NvHqkHm|https://lh3.googleusercontent.com/p/AF1QipMM9wpP6j1RH6W60zf_1BibqCPrKj-cJsuRdSn_|https://lh3.googleusercontent.com/gps-cs-s/AG0ilSxC9QPsdRlIlIsrF3OiiDg2G2lt5-0w8FDuD1-Q9gvI8-362LjuAM9xYF5nuTQG2GSQpOowNZuzgAQTWxTdZL8OKa5D1jjhrUx2SuRT7mDwBAttaiT0iPArwgfZQOefC9O8fJcw,05372-92945,"4,4",N/A,Coiffure Anfa pour hommes,https://lh3.googleusercontent.com/p/AF1QipOrXw_sNdNZQ-LN8Nph98JunE7NU3fkh-MSWmPe,N/A,"1001 Av. des Forces Armées Royales, Rabat"
https://lh3.googleusercontent.com/gps-cs-s/AG0ilSxARWQPcSjxr0_baFAVGduAYINW4pM1GV7APfVT0KpPGhUSyGCRexn_YTRQNP_mM3cmWc8yLJdP-ozZ2j340BlQO0KyrUMspqxokKhnpWIDcRdi43DmblePZWqFAMU8NRdWnMW_|https://lh3.googleusercontent.com/p/AF1QipN37pxDF6p4gsW1uOvfY4fU89aHOJoshpGPBo2k|https://lh3.googleusercontent.com/gps-cs-s/AG0ilSxhQZVsfXW9ep9z43SeXh-DHJFQ4cQsbyQY5Q-8b368LF1x1Nb0zivT7ZSuATGBNpXzs8unqEvs8RiSCsPGzFfO4SCd6OBdar8xltLC7nlSRhTj_uaL3vzENjAUnxwgTZZEGEqP|https://lh3.googleusercontent.com/gps-cs-s/AG0ilSzXUZw0v4VYYuWyu5IMbIPp7F1hA09dZNimuSpxhSNfJXy2tlDA9UIWFio1Kara2_jQB6rL6btIGzko98FdUM3e3Y6hi8t4l0y69hheR72u5yR70TLGjl_X72hzK7BWQ2m_53Vt|https://lh3.googleusercontent.com/gps-cs-s/AG0ilSyAoGTbUiRpnZ_S1W-99uDhc6i0flNoVVzx-2wuUPO0UblaRP5qEnHFYxNzaH4Piks0ESGXFtd-5WUqTNx_NZUf5ijZom98dfXRbPsGQhmhDzUHtxbxf-bNTr0kBx_tDa4V3SBeZQ|https://lh3.googleusercontent.com/gps-cs-s/AG0ilSzyhUqpVuLCTcn4mZJtt9w4IWvGQmDWYbUyBB0wOFBoCdZfGCD3gE2C1Y7VezRKJ5YlBbNYLM9ijp0ALz0uxlzLQqJMr8nxh8Gxh3sjTo-O1jKb5E8el_HXRWZrO5ATjLdYcdul|https://lh3.googleusercontent.com/gps-cs-s/AG0ilSyZULHS3Ef6Q78Z4QPTItQ9_qi5y2DxvbqH1NLyzpCA1ozB33lHLw89r3shKe29J6Pqu5tzmMnA_KojKqNqkoXlCpZnrdJ8EZMRoyQ9FYQ9xmCZVXRJvPJwFoSWp7Sx4iQYKzsO|https://lh3.googleusercontent.com/gps-cs-s/AG0ilSzFeIEZEVd6jvJ0ZnSnNIa4gm4kqxVAe68xshwsUyaIMXDm2L69rjWIrTkgkawPh0wDA2p0OgGzTNdD9m5V3nCyq1VxQx0hIKuhN0iteGlR6jIIwUffepnPs3k3S9QfA2zJCGsDQg,0666-296262,"4,8",N/A,salon de coiffure barber LE MAITRE DES CISEAUX,https://lh3.googleusercontent.com/gps-cs-s/AG0ilSxARWQPcSjxr0_baFAVGduAYINW4pM1GV7APfVT0KpPGhUSyGCRexn_YTRQNP_mM3cmWc8yLJdP-ozZ2j340BlQO0KyrUMspqxokKhnpWIDcRdi43DmblePZWqFAMU8NRdWnMW_,N/A,"Rue Bani Meskin, Rabat"
https://lh3.googleusercontent.com/p/AF1QipOiIP-rV3y01jCqhfS0SDUbDaFfu4fNvqdIvqTV|https://lh3.googleusercontent.com/p/AF1QipPhAcRyyyQxM3rlNL8FRBZ1UWj7ybv-LwWBW5xa|https://lh3.googleusercontent.com/p/AF1QipOL9fzNgUwfgMzzk2qAHwQpRlDlPte_MMkMq-kI|https://lh3.googleusercontent.com/p/AF1QipMJ5miKESr0qM1FSRBNm7lAqttd2BuwUCQ1RxMW|https://lh3.googleusercontent.com/p/AF1QipMfyPPnaeqs-e4dJoRDwtEx-kNjBxrrzX003A7i|https://lh3.googleusercontent.com/p/AF1QipOxSo3SDXi5_Q-GJnOuXQztJTkny4xNL5Vy_USE|https://lh3.googleusercontent.com/p/AF1QipPQhJqCJzYx2nX1oIA_g_5S0IOdXxS0mGUvxNh_|https://lh3.googleusercontent.com/gps-cs-s/AG0ilSx0DRFuYuZLRXVrgBfNzD9VNQ40TJJFGx3MUjR2VczumnmCbMKebRV1rKI4zYX8sSP1Xmi36vfuVNfTom6-6KcnkSErovZJZvbFdkdxKvcnKeXDO-_Ieu3Bd7MKr2Q9lEoY7PRDow,0630-620892,"4,8",N/A,Del Bosque Barber Shop,https://lh3.googleusercontent.com/p/AF1QipOiIP-rV3y01jCqhfS0SDUbDaFfu4fNvqdIvqTV,http://instagram.com/delbosque.barber,"455 Groupe Al Ahd, Rabat 10200"
,05377-97113,N/A,N/A,Labichi Gents Hairdressing morocco,N/A,N/A,"Bloc DT N 52 c.y.m Kouass Rabat, Rabat 10050"
https://lh3.googleusercontent.com/p/AF1QipNSbP7CvHA8QAORpmgSi8N5GsTobsxe1FTijePK|https://lh3.googleusercontent.com/gps-cs-s/AG0ilSwkgAjrECWkb2SEfRBhJ1JJQY0jBqWAgxPCrefhoLAzA_lOG2gF0UfqUbc6qOcdwh8ePHgIr6vf4GijsP760oUJnF9sD4kyoeWJ0IN_WQj1CkV9L-BAKHgHzsf0dmRUEfmE-_Nf|https://lh3.googleusercontent.com/gps-cs-s/AG0ilSw6lq8DVmm2ZRu4xbMs57thN9wgRI2O40yHPEgnIVBTBy1R20c7CUjUAZWrE7prXRpZ6-bGbt1C1D5KvOqPl7Ygpw4gMIUImgxlBb6Gdt554Tex7j3CZM5CD09nAgZF1THCz1yfgQ|https://lh3.googleusercontent.com/gps-cs-s/AG0ilSwxh69ndEK-GQQGRJhjVnjnvGSMCLngOYVISz2jYKkVcR-rf0jT2twB8p5kBV6Im6D-rp40z4-oh-ZHaWeitlmhBL-TdhGnT7dIiPZHULXbr7V4VM7ct91lERjyMLth4myqKVw|https://lh3.googleusercontent.com/p/AF1QipMDWxj_N0c5zGlxUWTBhvCqLdkR3neg67rPT1Yp|https://lh3.googleusercontent.com/gps-cs-s/AG0ilSyf4sTW4DsxHdP2FO-g4jPT6ThsHF0_kbde_tjzWXolmkfhK_wddMKc5rdcvSFpBeOcjmrd83e5dRPIyxHNkM4Px59hiHGSBHU50R9L8LZb2zX3FpBNdh7Ndatqr-v13XJfDmh7RA|https://lh3.googleusercontent.com/gps-cs-s/AG0ilSyKaZBHl-uLPcpvt-XrswzO-VSRjQ9fP8Jy0YzgRNkqZlNk54B7zVFx3Xa4jLemqStQ0FaTrCa4FZyu2c9H_eodNoHwKZG2z6091xQtep5bNaRun2rhfzmmIag0faxZz5iQKElw|https://lh3.googleusercontent.com/p/AF1QipP3gXtRW4Pfp6534GnOCz2peZuOLECg2UmFItXK|https://lh3.googleusercontent.com/gps-cs-s/AG0ilSxY2mbKPL_J-XlLl6oZFz1dcO4DXJ-Tu6U2pSSLiRg6Kt3iL_HTWRrpDa8LdH9cyXD3fnPejQAo4egkgfchMu1_UOfSTCFoylpSeuuI4ZhQuH_bi8CO7u9F4kPXSnLHuLLnzXNw|https://lh3.googleusercontent.com/gps-cs-s/AG0ilSwfdBMG81xlU_YgSR9Ie3VJCT3nr5A-DOtJL9IzCQLA6lsUt1J-eD0pkdfhOSKPGjFcdVAb8GrNnnN-a6P-KFeYC8m3A1IPQp1mQqcfBER62iMLKfeZB3GKEIEf9U12e_sazSU|https://lh3.googleusercontent.com/gps-cs-s/AG0ilSzANY6W-GxwoJLStDD1PnziNMnGNDr1F307PbZ9Au97Y1oiltf6huD6Uj_hKGocSilonT_4mgQYdOuQyE9C2cCyCkSKwmN-fFbJVjaQRNqLbq_tRKuf0B3rv8Nsyfr61dXBiB8-|https://lh3.googleusercontent.com/gps-cs-s/AG0ilSy7jCr8A-TrVER3kYBSlIfZn91o2xZKBGCZii7-aB_YtlEKWGRuJ_8vm86NNNe887SMpemhu-O4eRfuDItuXoa6o1-QB9cUhZgzIydtzJL-7ufN8XImQo7WI7Hh5wbv45zfbtA|https://lh3.googleusercontent.com/gps-cs-s/AG0ilSwlhCk0s2UNkGWpGXVU0XEVhG1ZUfMO261deuUI6rN7dOXJhH6JX5zvL4LK24uOw7MrY_pvh78Ly4vQmnaVz_8qMg4X78ylGqkZREYQJXhjZc374ddJDJaxssb3XyPcoAfULtQ|https://lh3.googleusercontent.com/gps-cs-s/AG0ilSxOlUmemneAaHMIKXQJlfCKiiVdn8xFKJIjfsQH_zmKIWj7Xj42nWUz_rHbv_4-ZHmyd5SOs0QeWGcCiB8gkm7Swxug8Nxmgjf15U09c47Qw42rwx2bg7D8ti025_upBR5Oxy0|https://lh3.googleusercontent.com/gps-cs-s/AG0ilSyEIwJobsns-5EI9ICH1BwQiweZGr19i6nS4gKuE6ogVXVPWq9V9V4oaTopiffRyePs5uE2-V1GJxbOji4nCLiSAuU5CV0obuESHDoR7nLN_TuiaBEEIQyqau-04GyEA4acaEw|https://lh3.googleusercontent.com/gps-cs-s/AG0ilSwslKxWxsfbHwqyreNOTl5t7KhQueqbrfuqax8wEP2u7NtAAkV0ksDUr_W1_YnTWmWLKV2PpnOOSTmWv6aZNjRiaJHMEAXhpKsuC4eJPhOrZIsNFV_-jtf7vUESTkDoaG_sr0EK|https://lh3.googleusercontent.com/gps-cs-s/AG0ilSxj6GGlSnc6U9SncBSi34PMHuRLmLPxfAtQVDpNtVLB6fc0OnBKEWxUgTTHRyDC9ynGj96XMtceSRxQ-qbBxMxuAGz8PA5HaBMTItKjcS-jbtitTYdZ9riSQGGBEUCzeC_b7xg4|https://lh3.googleusercontent.com/gps-cs-s/AG0ilSzsFQEVLnSBg0DB4j2COu3PmkTORAKxhgJnp7OD6AM6bpBpDqXRc65wpfV8nRlsCY6aj4MXpDYyUIzy9Tfv6yr3itBFYwnAOljVlV1OUjb2gzmL1aew9RctwMGrGHoZGS9ooD4YmA|https://lh3.googleusercontent.com/p/AF1QipPtDkfSPJmFfve__Yradcw8l3fP9NdtCB4aqBmJ|https://lh3.googleusercontent.com/gps-cs-s/AG0ilSzcK0YaN2vpzQGD8OcTRiFvObRK_MR11B9yL_SWQxowfEGhsaJVPY8xFQhvJlVSYPPQOXYyFIFFJIShptI8KIxK7fk94MvVz-Ng7Z4ZVKa89SXVDL-NUIG9Jrl35hb3oMyrjN_d,05377-70951,"4,4",N/A,L'adresse pour lui,https://lh3.googleusercontent.com/p/AF1QipNSbP7CvHA8QAORpmgSi8N5GsTobsxe1FTijePK,N/A,"5 Rue Oued Daraa, Rabat 10000"
https://lh3.googleusercontent.com/p/AF1QipNNE5NIxi0PZK51XuKjKO0CJcVKIX6hHNDz6jgg|https://lh3.googleusercontent.com/gps-cs-s/AG0ilSwldyp4wQPL5L6FL_ss5_QVh6AxT0q_0lY47mbXHFFAR9A333ZzIbQ7sjAq1BN4dE3B_n_6t7n9WGkRAztGm2gXEvlQA4FKkh7ns_sVPPegamDhx3CIZ8E05xssvL5MWsoLCOb_|https://lh3.googleusercontent.com/p/AF1QipNkJTK5n8GT2SiYPiIz284lPOn6ellY-l6Ti0_F|https://lh3.googleusercontent.com/p/AF1QipPZyDfGrFaU2cw6--S4oKlW-8VaHEqnJBV4rmbb|https://lh3.googleusercontent.com/p/AF1QipOHo8mA8-qdXdQq2qzR0s4lWPPufpruSLdVhknm|https://lh3.googleusercontent.com/gps-cs-s/AG0ilSwTvXHuQRrcnQcfs4CtcTXQC3wmq7w5PLlFBKnfpOfgToF3NcthpxDWeGb2S6YkbHhXgBK7nEn-jvgIZVPX6U49q9vCDttIAidMI2E3zpO6wIfNS8_lr2uk3KCtPpPVM2WOOC9rzQ|https://lh3.googleusercontent.com/p/AF1QipN-HnxVPobvIo9TeFdmzVl3sSU2XDUx6k8lFNWB|https://lh3.googleusercontent.com/p/AF1QipOEPUTKlWP3yCzmtBDUbrCRPmMCY4pqhsB-bS_p|https://lh3.googleusercontent.com/gps-cs-s/AG0ilSwY8vT-q5MNJurP-ueHWUrEL15Hpbd8Qqb-axk-Bt0UmOKCDZcTOcjCHjDSlb6I2WWtbxwjQsLWRvt_kAPZxqm-g5jxosfP1NUxq5Yj0MHOLtjfWhggIVDeKNxtBAFl1EHNmoRI|https://lh3.googleusercontent.com/p/AF1QipM6VfP6fppB-YkuLJf6IUftn5v13-4w_MWHQmQl|https://lh3.googleusercontent.com/p/AF1QipPm2syFOFEddB0UOBHGvN12Yoz6IzLCkua01yr1|https://lh3.googleusercontent.com/gps-cs-s/AG0ilSyhqmT3G2CQk2q7PJan8hw4oJVdkO_-IqJBVHrW1zRxQc8aLVjQ8SYF-rlB_C26-GTpUyJyIIhqmawEqDrEHhhbsSXnaIxll-WnvO3zrw6lCSh0T8RoXbq26mSb0VIUYPImU7zlzg|https://lh3.googleusercontent.com/p/AF1QipMYyIitbQct91-VKqxy6arTYpTIvq7YGXw6HsXa|https://lh3.googleusercontent.com/p/AF1QipM20-tD7W3cLgwf9KBNO1w9igjFIqyLCz_Io-7-|https://lh3.googleusercontent.com/p/AF1QipMgE66cImHiBHeXU5oqjtWAwKHvCIssSrlbYw46|https://lh3.googleusercontent.com/p/AF1QipOwT8sEkLtEnDRM_sKCR0_Fx_1Ul1KUUjctoRGO|https://lh3.googleusercontent.com/p/AF1QipP_NYVQKmjTGW4rxU1jHn7v7n23hBXuVnIz_HQm|https://lh3.googleusercontent.com/p/AF1QipMMVwMvil3mSeYIunVzIuCyvRDK7OjQYZzQKJDh|https://lh3.googleusercontent.com/p/AF1QipMo8bmkrf95JGRMAxuQCqYvmDBh17cyL0lPXwnd|https://lh3.googleusercontent.com/gps-cs-s/AG0ilSwOHJsgoL5azu6LDCaCJYa1ocikH1d5IIuzz4PFzxiLY0epEdXQheigyVpKLaJkb9pXiJH9H7hamplvepEk8AtJTdvFCByXR309cGWh-FMGuiF4Lt0YXA1_FTnbZ1SGIQA-d1SNuA,05372-01052,"4,8",N/A,MajestyMan,https://lh3.googleusercontent.com/p/AF1QipNNE5NIxi0PZK51XuKjKO0CJcVKIX6hHNDz6jgg,N/A,"Avenue Al Marinyin, Immeuble Marie Françoise, Av. Moulay Hassan, Rabat"
https://lh3.googleusercontent.com/gps-cs-s/AG0ilSx8FWTtKgXgPK5RnpM8tlL9Qb0jA-nf3IM68ximSR37KblpagEnBA1M3IRD_brWm4g5rgHJAuzCUAy6bki6NZFl29X0cDMUV65krQjXiVqzrAowZ96R3-4vXSX8-7F1ZA3IWtnfbg|https://lh3.googleusercontent.com/gps-cs-s/AG0ilSyC6zxrW4Poh1jj0RIYlLMw1Sd7KB9a5NvgJw8tmG-_slen-ygjLq1sl7Vdwmy0LR8LIymWmW2ZK93G4j6-QDcfv4mawLKe7g3ElgKMpJ7c6syirReEgO9wcgqNH5ygUz8ubXQbyw|https://lh3.googleusercontent.com/gps-cs-s/AG0ilSyqmXsQWj5niuT8doiOg0nmVDOk3aYvw2O-6scXt8Foav7EPMTDmOcDZblV-c_Kc3VVm375tX0lGKRISARhx2pLpp-owtWzNL-jRPHxqeE6GyM3vr-6mT4VPlKMa0pCvYVehKF_pw|https://lh3.googleusercontent.com/gps-cs-s/AG0ilSxQzog6xxBuctLes1X4G0wKN2O1KPRMsUImDdlTAK_dsyrzZH3pm4PfghdMuBUg_8qYLrpqqp21hl20l5SZ7bujQAV2GzzZk0dQw6gKm3jtYiQIhTjj-WcCC6AvIiStltnePyOb|https://lh3.googleusercontent.com/gps-cs-s/AG0ilSxHsBf2_dDgho74N0UPOgWqfaDbYa9Y2gCzzchp0BwJzhxZNU-QG2n2dYzLeaFxt_3708Y59Awjh0WBF_c6HRUs7mSS5TYmJlQ5o9k2nva9oVUt4MwxB0JzdTlrpEJ4CT3CjXKViQ|https://lh3.googleusercontent.com/gps-cs-s/AG0ilSzOM20jYjWKQqzOT9OdGh8s9sgFSF5uN0zudLchRuJJVB_FfphjrsSLXkGQ7Da1r-RWMBPkO-j_NvVtvGU0_Nlxt2BlTHaLF1Rsie_Yq7AGxe-2EAkFsLrXYZMsMlK_SnbLEuY|https://lh3.googleusercontent.com/gps-cs-s/AG0ilSwpGUBKNQJGLOMQdAAmNHJxb2AWvGofnwusj1bA-hiG54aalUmTPzhm0Xxh7Oo51J1a1lgfe4ldJwLl-ZQwF5EeKhQBiRqBUYqm6uEAfUC2pVUfNi11u-U-LqX7GheHZL5nHOcrVg,0684-444052,"5,0",N/A,Barber Shop Hamza,https://lh3.googleusercontent.com/gps-cs-s/AG0ilSx8FWTtKgXgPK5RnpM8tlL9Qb0jA-nf3IM68ximSR37KblpagEnBA1M3IRD_brWm4g5rgHJAuzCUAy6bki6NZFl29X0cDMUV65krQjXiVqzrAowZ96R3-4vXSX8-7F1ZA3IWtnfbg,https://www.fresha.com/fr/a/barber-shop-hamza-rabat-avenue-targa-izi5oml7/booking?cartId=2a551f0e-f80a-4f15-893b-074b7ab54b41&fbclid=PAQ0xDSwLV8tlleHRuA2FlbQIxMAABp0_c9WypxAJVk-GnRaG3bsEKZHkze3QO6g6ruRXrYYZ6QHD2vCadqQ-Fbdzc_aem_cu-_9HhOfI0rgrExGjPxUA,"Av. Targa, Rabat"
https://lh3.googleusercontent.com/p/AF1QipOCadbBWdkagcnYlc-bg4uWS0NJSlYer25CNDqp,N/A,"5,0",N/A,Barber shop factory 2,https://lh3.googleusercontent.com/p/AF1QipOCadbBWdkagcnYlc-bg4uWS0NJSlYer25CNDqp,http://barbershopfactory.ma/,"Av. Annakhil, Rabat 10100"
https://lh3.googleusercontent.com/p/AF1QipPslJLelUe6-BM7q68qxAAl-pUY9jkdu6cG1dO0|https://lh3.googleusercontent.com/gps-cs-s/AG0ilSy5K_FBxYVvB1JVwndKZlh-0SedImB6_UOMt8fhLVpvHJbp8-rwekKRHsw9CW93M-56xLRUKU29kWkL2RFGwFwlIf7ezty9ksr6C_SNmhyEUwLp-uhSVEzyh8S7e99tQpIVcSU07Q|https://lh3.googleusercontent.com/p/AF1QipOF4uV-RIzEZXpcBypQaqaR30bth_o1nj3d3DNX|https://lh3.googleusercontent.com/p/AF1QipNoBB2SuYNPZmIyole73Ubg8AS4l-deBt5yjdL5,N/A,"4,9",N/A,the barbershop rabat cym,https://lh3.googleusercontent.com/p/AF1QipPslJLelUe6-BM7q68qxAAl-pUY9jkdu6cG1dO0,https://instagram.com/the_barbershop_rabat_cym?igshid=MzNlNGNkZWQ4Mg==,N/A
https://lh3.googleusercontent.com/p/AF1QipOY8SPv2qh5Zxuh7eeRVMYr2WYOn9Anz25CxNie|https://lh3.googleusercontent.com/p/AF1QipPXDwXnZtpNxnVz2k1keAvs_cA33Hjg8RAZ9x4J|https://lh3.googleusercontent.com/p/AF1QipPSVudMnRQgueGSDPydyjK58TSKr7EtBd8WlMFO|https://lh3.googleusercontent.com/p/AF1QipOfFERqFEHM46Nwov4GHoUR_IQzpvG9OyxEVaiV|https://lh3.googleusercontent.com/p/AF1QipM7UtbUpWZ-Kn7_cZR6lwj7B_PDk1_sMANut-MD|https://lh3.googleusercontent.com/p/AF1QipM7TnwsndQm2nhzzyMNm1auEKuS1FnC1tp0st2d|https://lh3.googleusercontent.com/gps-cs-s/AG0ilSzpcZ9rkIqjNxq4IQHYDGV0Vrr2yj9YLyNyocmlyrLlul-IM_84-q8PA2qZQrVn6OAgla4nujsGCkpkQheYXd369nMqxEq0S3RRqg6OBluyQvINIeZ59yI83q9Tq1fBB3BKwCA|https://lh3.googleusercontent.com/p/AF1QipPiW0qKRNR-C1zJFc9MSp7Fd3JO_GlIcZDy84GU|https://lh3.googleusercontent.com/p/AF1QipMjfWzTEiYVQjjiXRgAzvajGnVcs2-q39_70Azt|https://lh3.googleusercontent.com/gps-cs-s/AG0ilSx_U_w2i8_ILmHsCqsGf1HnNRJW8xWrVWb81ok_faLeXtuUU43EgvmtdWDP8Mh_sbJT-L_AjZph62gAHTDWefXP8LpNGDUx8nwvtw6w2cCCNiJYOpz_M1DVT7nHe1bnFz7gP0CW|https://lh3.googleusercontent.com/p/AF1QipPEFgqxpd5_RGZzTvB4dW51D56EBn3Uud4CwfaR|https://lh3.googleusercontent.com/p/AF1QipM0Kwg8rlrL2vUCCRLQi-gMNmrycRpN5Tt54LI-|https://lh3.googleusercontent.com/p/AF1QipNAhmM7CH_s5Ro9sYpqdpSM3hPmR5v6OQXfa_07|https://lh3.googleusercontent.com/p/AF1QipMNeGVYRrZA5uOuT4oo_9W4-z9SH5Or3u6lb3lp,0601-384475,"5,0",N/A,BARBERSHOP ZIYAD,https://lh3.googleusercontent.com/p/AF1QipOY8SPv2qh5Zxuh7eeRVMYr2WYOn9Anz25CxNie,N/A,"207 Av. Al Izdihar, Rabat"
https://lh3.googleusercontent.com/p/AF1QipPFPfIE-jsFsJFGoTDM_EsQ-MF7XmTIR2DS4sE|https://lh3.googleusercontent.com/p/AF1QipNeXN2VFHxdldghp_7go593qwEQzNzRE3YOl3E|https://lh3.googleusercontent.com/gps-cs-s/AG0ilSxi-T3jCOCcPHQvYdVJ2ohGCoZ95xpU0_rz8SFi-cGCP8WGCPPi8Tvb1lcS1FqawuES0GT7VLn_jH1mYzp62K0THFPZKZj9bto-8NflZgaKWpYtpmCB5hmpnY8xduozuHutfwFQ1mgDNSE-|https://lh3.googleusercontent.com/gps-cs-s/AG0ilSxTX-0qI5ssVH7k3zzlz3MINBrS03AA3h_ycPYxRhaDiFd573hjI6-fmJ4aEMvb7RSr4jBz6ieDI8iFjeZuOAUpgpM5opplhhGyg2IZlSC_DXDsMZ_Ina4AW_S_pM8kbTbZjr0GiaoQ7O6-|https://lh3.googleusercontent.com/gps-cs-s/AG0ilSwSIL4xuQMA-mz_T2EOGZ5e2ZAoEumebMZv0sa8Xw9TjS640rbAO_-UKhyI5q0K3wiO8_xLKideozd6nAIeENt544YSG18S1PdyAhUGzcECTVwGhHWtxPfDprUWBFprJsOxZw5qMLucQsQ|https://lh3.googleusercontent.com/gps-cs-s/AG0ilSxJjPaZglZAcTzLja7r-9hC7quLjO8Yv7bj4dna-qjqaEaJGQ0lvJdY3bgT3qrf8HZ3pZDG8HFqWrC5t7IDd1HEEmg2osbUSCBLD3OJn9nAlksicdsoDM7sltVsMBXW8p4OYU2Y1jjTJ4ZX|https://lh3.googleusercontent.com/gps-cs-s/AG0ilSzglyFU6FYtyUNhGGwPf620uliClZEcvhw-Yij_-IJ2No0eO03jB8koI6KKnWXUWjZ_lZr72NBJ0Sa3ed1N1x6AlCqRrLb95dn8xXolkmpOCLPVijlUvYIUkzIXq1bMx8Pk5TMuJhJlv03F|https://lh3.googleusercontent.com/gps-cs-s/AG0ilSyQ2P-ckmNjOKphyJ89MZAEVrBs9D6AuhlJf1dPim7nHKkhPTZgVaa9jtBYDCRsCH3BrgqPih6a7aPpB04b91XK4Rh-hwS4hVVc5oIgPd9IyDyvmGEFdbTTqXYRixnXciNQCnCBrLMuPnAR|https://lh3.googleusercontent.com/p/AF1QipNCAFwWBXFTr35az2rVYDiL9rXp_wDCS4ILiec|https://lh3.googleusercontent.com/p/AF1QipPv2_Pvr0ii01dYIV0Oa3GubOWoRr49PJixKOE|https://lh3.googleusercontent.com/p/AF1QipOewHW4qakodD-sk_PwSjG7k-V-0_JMPel4Inw|https://lh3.googleusercontent.com/p/AF1QipPuPAS_YABGE0rWXtiXPlOZUPU0HdaTe8mNzvQ|https://lh3.googleusercontent.com/p/AF1QipOdPhAr1L9OlfIl--vcj3iw-nilESNCymN8ChU,05376-81843,"4,9","Services
prestigelacapital.netlify.app",Prestige La Capitale - Coiffeur Homme Rabat Agdal,https://lh3.googleusercontent.com/p/AF1QipPFPfIE-jsFsJFGoTDM_EsQ-MF7XmTIR2DS4sE,https://prestigelacapital.netlify.app/,"6 Rue Oum Errabia, Rabat 10090"
https://lh3.googleusercontent.com/p/AF1QipNCAFwWBXFTr35az2rVYDiL9rXp_wDCS4ILiec,0661-610434,"5,0",N/A,BARBERSHOP MARASSA SALON DE COIFFURE,https://lh3.googleusercontent.com/p/AF1QipNCAFwWBXFTr35az2rVYDiL9rXp_wDCS4ILiec,https://www.instagram.com/barber_shopmarassa?igsh=MThqZjJrdWc0cnZ3Yw==,"12 10060, Rue Kobros, Rabat 10060"
https://lh3.googleusercontent.com/p/AF1QipOK6NSD1JlIrOq3zM_5FEqWg8VENrJJ-5bAu5-1,0632-835006,"4,5",N/A,Coiffeur pour Homme Chez Ali,https://lh3.googleusercontent.com/p/AF1QipOK6NSD1JlIrOq3zM_5FEqWg8VENrJJ-5bAu5-1,N/A,"X5PH+32G, Ave Al Haouz, Rabat"
https://lh3.googleusercontent.com/gps-cs-s/AG0ilSw-7dxGRzyPidjcNR2O1ode21Y_HrH20JMKtRD36GChWgwoUn-v451vVvxhfnVgTPqIPStvK4MhYA0YgHgeYf0ZZ8IOkmUOy4gCqX26-9neNU8w4sisM-V25nTWySJJ5eU_UfWOsg|https://lh3.googleusercontent.com/gps-cs-s/AG0ilSw6iAluJWgoE7OEh61tdZrQshe2EOD4COO-ImCpFrKfstf-OPSHHwB52emvBY7Cnv5SMhQ2ve66m7eM9MMOOSf9PMaPtWOtofLYsrmD9vsNimPQx8eakR034Qo9ar8yck1XP_h-AA|https://lh3.googleusercontent.com/gps-cs-s/AG0ilSxe3XWJPhv4aSYjkuFVvxGNjei8u_yfYDM8fKStSW4dmcm40VIGVQAAUsF0ADZGaQsTHHsDcwUX0hy1WooqTCWhFRGuqynjJmCmIqygacYoQ72QTelyOVLxd45EzzfkIVlujj_PMIIPiWux|https://lh3.googleusercontent.com/gps-cs-s/AG0ilSyK9R90D4-NSUrBc9roNcFR3M_3yIp6_wgq1mng_Nh4hdmV4GybLLATbx6Gn3dsjdrhtfzCgaTnf-W6inLNwQ8F54Bc33k60DN7ZQbyULn43vCkHHqacj0_9bLZwkTEZ6Z0qjUp|https://lh3.googleusercontent.com/gps-cs-s/AG0ilSxK9b8QQUD-7clBJ8YeA16BBxzmm-s2zj9juuqCzQwYOU-sdk44Fw29sS5oV5wzwQwS3odFftLxYX2q2M3v3MchE-3-DtglaJ-ADovGFjPTZHVR7fi9Xcv-AIbSyKkOUURlQeo2ijUqsz7h|https://lh3.googleusercontent.com/gps-cs-s/AG0ilSzx6rGG-W717-bBZ-EfxHptbdiE02ThWvFW4F0UV1apDkJb6YXV9F0l_s8hGygT2xF-m8AjHNrR0hk3QtGR_tMtvWtZCgT33L2C4CxJvZjjms5de8aYMIuvFkQ7LEDXo-rZr5z-|https://lh3.googleusercontent.com/gps-cs-s/AG0ilSzJDR3jeTDisExLTA2F1dhtUtPLm6f3-J1dmp5nbQAcrbsMD3mnrRuI2FocgIEkmZ-lJs1U7TzU0kLWMexYNlTaIsUGPyY1uU1qN5lfotp80VSytBA9JklC8Pv4lbgv_VL3NprR|https://lh3.googleusercontent.com/gps-cs-s/AG0ilSyfrKv0IuShrIIgEH3zhKnMAQq9oHtOlw_SL18VPsIevdyXM-doVI3HLv4CASlLTG6nG3NH3VWPZFdmN_XVJfU3Tl88IJp25mw5_JYpkkxPrerpo4KC63OGOM-TLgKRDPdG9bg|https://lh3.googleusercontent.com/gps-cs-s/AG0ilSz-DN69ewWzQw_UNlSIWNjkeza_e1ZV-Dtw_3QmVw4eHmG8816Iuz8oPVxClXuUifjpYrzipazAMmAe89dz4f9U_VCPhswWt37jJcKx8hle58uMeG0Lb3aWE8pHUi3ng2neqGc,05377-13131,"4,2",N/A,Mr Cut,https://lh3.googleusercontent.com/gps-cs-s/AG0ilSw-7dxGRzyPidjcNR2O1ode21Y_HrH20JMKtRD36GChWgwoUn-v451vVvxhfnVgTPqIPStvK4MhYA0YgHgeYf0ZZ8IOkmUOy4gCqX26-9neNU8w4sisM-V25nTWySJJ5eU_UfWOsg,N/A,"X46H+26J, Av. Annakhil, Rabat"
https://lh3.googleusercontent.com/gps-cs-s/AG0ilSyDE4kuMDGko-g_ZrQMd541zWmAZ5c9VjcD0a-Lz7xHUbSyXiL7CyWcGC7dRlW7O6W7_WHqw4-eiiD-aAAQuvgTntSWSGSdx9WyyE17bxTon4baDYtMxPEkdlTGFMjeLSAF0gCk|https://lh3.googleusercontent.com/gps-cs-s/AG0ilSwUhaCgAV4-N_D_aa79XJRal2MgDCvlmjpDP158oIFubl8RGx9VLCqtl5xFtZWzJpwjM9GonEM2kqQ1oAVlmFUSLbKEfK9QdPlrSKYIf5QKYarW6fwIfCWJy1GT8xHS4EwokN-g6w|https://lh3.googleusercontent.com/gps-cs-s/AG0ilSyOVLgNuC8eyh1-6Gm2C7ZF1sJvm2E88cnMyp5VNdWfeDSWqsp6Bfn8EPzuQd4bpaAXmXvJ_1zhE2GE_SSeP2j7gAc-armnyawFRS9nEmnQq9UyUhWMX0ZPFBSfp7m-Q8jLnC1m|https://lh3.googleusercontent.com/gps-cs-s/AG0ilSzfhC1eYkFawtHEUBxOwiTLw5nyLEF2B1_1KrM8o9iga2GlX884rb5sFBK5kGKEw5L65SXwR6yF_RDoH6BHg0wmTli3GM6In7cVnz1CDL9Bo3Txb_e8Sk3DT-BNAfbzzuYY8zD-Kg|https://lh3.googleusercontent.com/gps-cs-s/AG0ilSxodUxhH2qLTR2c710G9DXZkIHT4gAvl_73nlggX_HJU1HhFE0QeMsPpSn92IrZz0tJ1MCsrQQLww-Kbk5sLG6qbRckfXNaD0_d65Rbu6fjsOUsXRGqvhrq_iRnDx58c7OuETcUoQ,0649-981117,N/A,N/A,SYA7A BARBER,https://lh3.googleusercontent.com/gps-cs-s/AG0ilSyDE4kuMDGko-g_ZrQMd541zWmAZ5c9VjcD0a-Lz7xHUbSyXiL7CyWcGC7dRlW7O6W7_WHqw4-eiiD-aAAQuvgTntSWSGSdx9WyyE17bxTon4baDYtMxPEkdlTGFMjeLSAF0gCk,N/A,"X4RF+FCV, Rabat"
https://lh3.googleusercontent.com/gps-cs-s/AG0ilSwUhaCgAV4-N_D_aa79XJRal2MgDCvlmjpDP158oIFubl8RGx9VLCqtl5xFtZWzJpwjM9GonEM2kqQ1oAVlmFUSLbKEfK9QdPlrSKYIf5QKYarW6fwIfCWJy1GT8xHS4EwokN-g6w,0766-313413,"5,0",N/A,Oussama's Barbershop,https://lh3.googleusercontent.com/gps-cs-s/AG0ilSwUhaCgAV4-N_D_aa79XJRal2MgDCvlmjpDP158oIFubl8RGx9VLCqtl5xFtZWzJpwjM9GonEM2kqQ1oAVlmFUSLbKEfK9QdPlrSKYIf5QKYarW6fwIfCWJy1GT8xHS4EwokN-g6w,N/A,"Av. Arrahma, Rabat 10120"
https://lh3.googleusercontent.com/gps-cs-s/AG0ilSyAhjlhcSXh8XeHeJAGX1JD5oWIY_MoOSPTEsjvYnk6p53BdyAKJVJyJG79z1rlQhPHR502Pw7YvKnN_PIOZQpEYBPRFXLGXXeFVlLtn1PV_aw3XgkoYXBhfObB8XD6GHDD96j0|https://lh3.googleusercontent.com/gps-cs-s/AG0ilSwU75biuRGpR99tSMSCwOjZyTDGImH1P3UaLQ5y-t2IPIcu3eWZczOpr_mLgc0Yapu-At17AV_TRa_aVPdjxSC2d3nlHPaNXZfmF00ZwOXFHj31oinGH_ld2zGSlPNJ8izyGSACkA|https://lh3.googleusercontent.com/gps-cs-s/AG0ilSyWmHSQmCdQP0lOqmOhRFRyLOuCYzIpyP-NH-SPqfOzbyB0dR_p8LBNunOOG8wCr6zBeU0bbPJjyAXrQM6HoZPbyvHvOhSAu7QqPNensJAqiQLMOSSSHT7Q1dCGMlh83pYKqNwA|https://lh3.googleusercontent.com/gps-cs-s/AG0ilSxI5w--lsU0cCCzEgBZC1moWxLXq4SzJ4WI4djXMXzpWrirETLF3chO1pJP9_GGBrgip3-tm_ApbEdnC5NAEhphBH5p1wLFI4JTwv6Qprk3rtAbQaOyFS1H6GI2cWqemSxCZdM|https://lh3.googleusercontent.com/gps-cs-s/AG0ilSzrvNzhndkWHAOkMEhT0DQb8G0zbJcPu2KivtH41YTYWa7oRwQYzGYldt3a17ekPlz3MK7Znsg_WUWSZQ1oua47HV9VlkJKM-oYrH5UYcrMH1aFJx49xtXZgBkXf41vyb2m7zHW|https://lh3.googleusercontent.com/gps-cs-s/AG0ilSxOmqM1IMK3d-WGYxRIpQKDc4CLSKpjV2HefjH8L2YK99qlDPo8EdhCcKM3uYu9i__FdGOwHjDXjzX3xk-VQaxA8MfpyOPn8iwnGa7Zh5iuMyG0NIs4EvjGtNV8g0n_HYrtdjD2|https://lh3.googleusercontent.com/gps-cs-s/AG0ilSzqvgLd8xVo2MJN60PBMOj9WSpdDeVcHBfRLpu7PcpIHdHLF6rrohvXs2akhzeImkyKZ0HTsyvR7KkrvczRRlVdLXViOxkYUon4F26QQhkulHL4HAdJ2NlQYK-z-CxGChkw3qipcA|https://lh3.googleusercontent.com/gps-cs-s/AG0ilSxxN7ENgoKQVSpn0dMDZ33DZiAnGFlvWuprtWtObTv5wDw0PoqpOzR-p-7qxMTsP5t5YjTRqX_KP94Lq1p2FvEWmXgGe__MDftqz1X8MAoe46gCnb64EPHwb0GvBITXK8R-wW7p|https://lh3.googleusercontent.com/gps-cs-s/AG0ilSwNiROrBtX8REke0fsTJQcVXkjt9EGxK9fi-RJ4Jap_vHVbXbxUEHbXu3aWJkmw4DeZ7Cf6q8jnyJ-JBplYN1d4lwkWV7XOec4DQV6e4n8lY0x1MH5L-sVpddZZDATo9kVbTqA7,0774-463208,"4,8",N/A,Salon Alnakhil,https://lh3.googleusercontent.com/gps-cs-s/AG0ilSyAhjlhcSXh8XeHeJAGX1JD5oWIY_MoOSPTEsjvYnk6p53BdyAKJVJyJG79z1rlQhPHR502Pw7YvKnN_PIOZQpEYBPRFXLGXXeFVlLtn1PV_aw3XgkoYXBhfObB8XD6GHDD96j0,N/A,"CYM, AMAL4 Avenue al izdihar Meuble N9 Magasin, N6, Rabat 10140"
https://lh3.googleusercontent.com/gps-cs-s/AG0ilSzAhSMomp5kZbmsJcfknER9VD_QSEyQHEQB_Lzx7R6eDbjAbwLg64zXymazMSWloapdD3Nm095lMkL10TePkiKAs11j2Ld-Qr8bMk4e2QqbWAyhwQosSraPgd51neq3dtcdotFc|https://lh3.googleusercontent.com/gps-cs-s/AG0ilSz3KrmrKrIvAZIaECY9caF_nrpdLI2CBDF20wPRkAKJUO8wKwfUmraeLt12kTnMlsfK19O-1fzzdDHFMESklpM9jbnkIP7UEVBd_X0Kb4xRVGOAORNblfXycmJSIyvRo6KqO1Pw|https://lh3.googleusercontent.com/gps-cs-s/AG0ilSwAxa2ksYCmASHpaeNdCwwc26VcHZIZfIDQ-N1mTpMREgI7Fq2Q0QRFe98QqszG4T3BUOJmKj8mSlPiUxjLBO6dAqCZZYiaYbauiGIooH9Nw8Ii1nybb8uis-4XD9w_IQT393vhpA,0650-758355,"5,0",N/A,The Glory Barber,https://lh3.googleusercontent.com/gps-cs-s/AG0ilSzAhSMomp5kZbmsJcfknER9VD_QSEyQHEQB_Lzx7R6eDbjAbwLg64zXymazMSWloapdD3Nm095lMkL10TePkiKAs11j2Ld-Qr8bMk4e2QqbWAyhwQosSraPgd51neq3dtcdotFc,https://www.instagram.com/the_glory_barber?igsh=MXY4a3EycGhseXYydw==,"X4RG+HXF, Rabat"
https://lh3.googleusercontent.com/p/AF1QipPy0UNYYq7pBEMwCtUwFZz4HgbnpAQlQ0YYYKw|https://lh3.googleusercontent.com/gps-cs-s/AG0ilSwsP5tnjZDnkJexLS_KILmR-vdUk4MZ1NulsyqodA9Gp1Wj2B4ItMnlbc39OEy3yhB9_kqiqOCYgYbgEGBjVZX6dFA9wlQdOubfvvruzhf1LvfoFOyro_DRDYGebo18ZL2ih-yseIHz9OOP|https://lh3.googleusercontent.com/gps-cs-s/AG0ilSyVzTzTEGVoheCXWOCf7ru57jqk1fAwlMJipo99fd9hTp8LWVaIa5p3AXlGUhW8coIhkGaNLh2sIxWNhpykd12AmnoRL7SVtvgjbwYeLIwn7ao1CC9nSzad57aTRI_JbhRFu3pH2E1uLqMh|https://lh3.googleusercontent.com/gps-cs-s/AG0ilSx3j2HZXSoqy0GPMJCYJRnOnlKi5xNMt9Uo6uW5V9K7D3d3wcAuYurYsNL0waIGSe6K5GlAjp0FMhHFB1bhIztN3Zd9MPfDew2HJ1HZJpGNSJBIJjMOPpgzmlov6ZX2QxLIlyMM6jKFhhQ_|https://lh3.googleusercontent.com/gps-cs-s/AG0ilSx-pSJxCn9WQTHCJHfK7RujLxEPipR6t-in_y2nL2av91a5QKXFY7av0yUDdkPti7C9OPx5ShJdf_H6S1Cp84-o0SAzErCfy8YdV_Z53M6BS1HnxNxeE5Ertr3hobLuVPcjWjOa|https://lh3.googleusercontent.com/gps-cs-s/AG0ilSzWrReSHqw-ezRBvMX5bKPUl3bdzd5Dl6asxDemG8E8cJ4ATSW3h6Nd4NWLicTlHxD29jUBPfu0qT4e0BIktqRoZuSOi1IT1poTh_wtUsZAdO3o1ezbxZxJZbH_5CpgWd79ipVd|https://lh3.googleusercontent.com/gps-cs-s/AG0ilSyWAPs2SsCKidCosBnOauMyoqAyJvn8MLNN2--oL0GmclzSk161WQ6qYhNC8S-ya7M4woFHzGbnj9zrt8_4sIEGBLtQb1iPTd8UVnj81A-xGSEthIuLwuuEsyAEViN16yfny9pMQg|https://lh3.googleusercontent.com/gps-cs-s/AG0ilSxrsA-r7O4cqZ9DrQ9JAjWMYA1ryywoNXpTCVxf2YRmFRYXT8oQjSa09ef1gRJWwLSxrZqiLHh2aYOXrkiIAtr7GL9IKArALnUfvPh8rzVTC6t4yr8zod6u4czKTCuQkOmtx7_AURQT5Vmt|https://lh3.googleusercontent.com/gps-cs-s/AG0ilSz22EdEtUA2uVvgFyxwl-5AwVLhvqa9in6IoXSw_69-XTSCOjYgJbETm6s0CQw3peCfSK-h0z9zDDsQ2coFfRTusQJTDBSwS0wpd4w994kTfNz_o4rusiJEeQj9RtmLqNMpvqxvtUS8Kgwg|https://lh3.googleusercontent.com/gps-cs-s/AG0ilSwM7LlXZsC4-dOHYYjX32MwtNqIUtIeaFHj_5sE_pQjyBbBNWlrliPXVQns41-SdS2EPPv3_nWO_n4V7HuNqsO9Q7DAHpCxLsTxJrZs96Rjmh7B0zxwv8C2nZNVdd0GohhH_zdWxQApZDT0|https://lh3.googleusercontent.com/gps-cs-s/AG0ilSzwF92bTJtU_ZFRns0lKOYwP7KRnQBiI7fnYEsVZFsJdULyGn0krgMcWYa6sXGrM5PyK1rE45OnoWB5H0rUsS8s2GNAVwleE4dt_IFh421SFZP8LGrKmwlmYoJtRFBo-5SnAfT-Uc_AGB5l|https://lh3.googleusercontent.com/gps-cs-s/AG0ilSyPoJE0MwfuC9Pkjif10CBzCJg6iwkV__7oHMboWSqhIrZIFOVB1M8p4KGtFnuOqLZc8Iv54e9x-oaP1yN_hxR7zk6sTflfYhUBNRY_cCoCd7v8VrrwLe0gdXciAY96eVW0dQ3KWyF9k6XI|https://lh3.googleusercontent.com/gps-cs-s/AG0ilSyLEOmjhEP_qdUkWoXpUsHQ8FrpY2Dc6ZcTPHlRdMLjmXpwOc9TizMPiZ9qzdsjl5BjG8fFlc_LXyDTtV_m9IXEHO0V2vliNxYEC-zNV63Y-3ishGP07wRLEhPRpAnos9E1tIA9|https://lh3.googleusercontent.com/gps-cs-s/AG0ilSzfkB3AgU0lN6SWZL5sBDF8jfYlXh9yeKc0BvIXlynPZSy1d0FtO4s_iabud3vragfKRuKqm37WQF_3__13Y94A4m1T2-rkiiE5Z_iItqYM3xwvLNKamiXRYqH_UVX7H2QjGu7UHg5qreA|https://lh3.googleusercontent.com/gps-cs-s/AG0ilSy06zDBSQLI3GgEF41iP_lfdqvChKd74-lVfTA9BPUWVTcnb8Om1uRDbvSR2C63wSdzcv2aJ9gQtPvjq4SkuKRfybsfiX-QSgV-LRJWwqDHYeHSxss6TS37ST5PHu4IqXw85YhVOAuQZ1xD|https://lh3.googleusercontent.com/gps-cs-s/AG0ilSy7N59EshWlouBxsPiKQ7Pk_b044WyiVlSoKUk82J1FpnW8VnXezX96Z6htvz-kyJiUnyRHeVMhrJ_aIPw2jbDwLCWR9Rg0OqCw0WNphDkV2l4NbigeSvedKA-sR6W0HVHje8M|https://lh3.googleusercontent.com/gps-cs-s/AG0ilSyoVGXpRyMiKqS3KciIk03RWFjyzg_d9KtLHlKrUZ6N1Fq41E83cJoUZPWgOseaXAP0r7bMYCuZcRdTxQdCfXI2Dt6-Ohb43lo87ezGwHO_-Gm1d3pMEz7tvsl4DAubXVE2une1Vw|https://lh3.googleusercontent.com/gps-cs-s/AG0ilSwogzKs9NQ4Yi96k5o3KI2au-bP8HpxGmtcnCAJ-VVqd62Js8tqsWPrUfdAUMqaoyKeDN0241EwuCoNXVMqsCwQn_Rlp04sJKOmBlNBNjx5ZSfXzWMyE4DsYq4NNda24mkAttOMGQ|https://lh3.googleusercontent.com/gps-cs-s/AG0ilSwDCdQyGeEb0hz1a1ZB8hCqHby6gglUyq29GhLAibq3ucm8al2SwW0In2CFfIt6WishfXpCdWfEsbpo19KRrsFNgJsYIBZoTb0Hg8qZCHNe0FrHPwd7pP3c-77zNlpnrOQk1_qTFH4kxaNu|https://lh3.googleusercontent.com/gps-cs-s/AG0ilSzHLH0--E-VaY7aRminEwssk7ZzmS7grO1s4k_ZXmXUrd43SdX97MIuFimfyp35j84iq_QgnSKzLRmH_3ybh0Hb_s7pITJRi5kn_dbsy8FYPZzNCZthXjKm9LEqiRHqoxUVbgVAM8HsmNIi,0666-690668,"4,8",N/A,Salon Ibrahimi,https://lh3.googleusercontent.com/p/AF1QipPy0UNYYq7pBEMwCtUwFZz4HgbnpAQlQ0YYYKw,https://ibrahimi.ma/,"335 Av. Hassan II, Rabat 10000"
https://lh3.googleusercontent.com/p/AF1QipMW6pXpVhskej471yUFJbVHD5PjCGSCmJSbmmbo|https://lh3.googleusercontent.com/gps-cs-s/AG0ilSzYuDii_Ti0tsFytejYtlnlvhUA93W5vSMvaH95q3XyoEaVpfjwAsNVVEzK-IlLYqlBeMm8daaAXxgHG33CZ-a4Ggw-WCF7cQvaU_0fyT6wVISjCXh62tjO5XLL1QPPIrbWfbp7|https://lh3.googleusercontent.com/p/AF1QipMtKP0FyJ5RslyvXF7DKedM2-q24XL9gSX5wMc3|https://lh3.googleusercontent.com/gps-cs-s/AG0ilSxr7posDnClnxFSzT6Ri_tVxR-PoTMchx9H-Zx9jgbtOOsxrluOYknVz7T1S9gKdilQaURif0vMrkimJ_yjknOoJ6d7Toh4-ebsrm-srZwO4sK0h6B871Fte-wybz89vR0pCiCmlG3AqRU,N/A,"4,3",N/A,"Barber shop, salon de coiffure Homme صالون الحلاقة للرجال",https://lh3.googleusercontent.com/p/AF1QipMW6pXpVhskej471yUFJbVHD5PjCGSCmJSbmmbo,N/A,"N° 6 Rue Nador, Rabat"
https://lh3.googleusercontent.com/gps-cs-s/AG0ilSzjVEHZW1iNyA_3NhfaazzIFjWycFouJgv7qfboNhItkcaxDoLAheE6z6B7J_6EKS8ILKVPSSxszk5rfPrymM1sRIojigpurkyBfPAY-k0HZHC_kfm43BXhQL_397rijM_qdeK8mQ|https://lh3.googleusercontent.com/p/AF1QipNsxZ9QcmAeQ4oL232Uwfp--DGp7LwiBwdQOLLh|https://lh3.googleusercontent.com/p/AF1QipM55uF8OxUqFDEHy9t8rSBqV_aLJ6XY7DOpoI-j|https://lh3.googleusercontent.com/gps-cs-s/AG0ilSymvQiH2KPBcEG4K5F7yohSaG04TJ0MGOSMQpKqgegOIzZE6T9hJLl6RZAs2ukE5qddiWA6Kh-rDoB0peLNAzFSAaXa-OivaQtyl8hC_ihet2kEyOrY606PoxbT76mEM7KO5ts|https://lh3.googleusercontent.com/gps-cs-s/AG0ilSxKIPzqoyC1J9jAochPL1Ax0ZqXB2Z8aoC5r8HYWxcei6w-d8gs-3r7oV-QxHjxcg4duVyFtBaZUdksXoDCOA-sEabAP6-ex8SSpELyr85MILjxOK3VR7R9eNBGPwCZ3m8sUuU|https://lh3.googleusercontent.com/gps-cs-s/AG0ilSxF5dQG0ASRirh20PJaZI6PPkebFpHnZQwg_WAzxpDr9Q3yohOR7WNuNMYW1sOgVUrkqW-X6YXpGDiuXYI7ShaRekynU1pShf0aMmdruXCQxkBgmwO-oZTgO1dXKaV-n49z5fu3|https://lh3.googleusercontent.com/gps-cs-s/AG0ilSypCN4isk7wXIXxK2mfqzSnRD0FwkmJ5TDAwnGe3Z64EgOS7FjwZKIJN5exOwjHFkOo6EjH-xE8kfXgFV3g--BACT3N3iyMcBUuArCdyIHHiYX59OndrBKVUe4i_wCQVmq9Xlpf|https://lh3.googleusercontent.com/gps-cs-s/AG0ilSx1E5_ijWUez4sOVdvF41KomPQAwaILvY9AL5-e_S008qHhO98lcums7eYwA5kUPxKawOyupXGN_Lv6wme7OxC8mmJY6tnWcW3PNUQViFylrONfu-C0oqyEQZ4IB5PVjz3fLP9sdA|https://lh3.googleusercontent.com/gps-cs-s/AG0ilSwgGftLnkcd29nBVoiqbh3sJA1K5Fg77O23xw_yGZYDp0CM5ytXiRgbjQa4GVD6HWVu367wDPR81P3NXygWOEiDDNGXdEiep4b-6bpNcnHkyNtzRQJtiF5_fedQY9NJyd5p6FdM5g|https://lh3.googleusercontent.com/gps-cs-s/AG0ilSw6WJqgeCfaQ7OVyvn_mnsBlQ5OIy8nVbanZWklU4xrA1Yv2NQ_HNNLFxlPaDFTeoWe8BdS4hh_B3Mw1m-aA4iUemrdcuoRiNb7Dh1mWPyHDNn1lRWPACnTSSxXN0phOQ0SwqW9|https://lh3.googleusercontent.com/gps-cs-s/AG0ilSx15f9qK9X9OBSXLsBQzWOGNzJ_kIKHfrlfogNHAZxmxOTcVeLSP75Nh7YfeqHxtIJbSwUI8DNhZomlH4rX0PdXYcALnozPvuHzynyDwCNct4-kCDOV124BcpwIQnIsnwZeTUMiVA|https://lh3.googleusercontent.com/gps-cs-s/AG0ilSzgRYtfi_cww53HJFTWZiNdJDHqFSB86SbJiwoeErZOspMVOS4XX3vjZr14Y5L6LLUk1qg2Npf8Yj2bOzcaAT1R0C6Zw5GtYW0pGaRg2_jco_w29CSLFKsPKg5akPQIsmoqk8m1|https://lh3.googleusercontent.com/gps-cs-s/AG0ilSxHerDgOXJ-EziepdDTDby4f7KPcDvb3glDonfiEfq_oqiQBHf7EsZxNXN0r6YenC4CcLRL7bIQf-KyIyUMsiaD0_Z9kemhLNGPZlEcNpqxtDGR1rSSPBr8zmQRE-h92WfAXr8u|https://lh3.googleusercontent.com/gps-cs-s/AG0ilSwd2LyfFU0DnsefFIfT71JM8dWFVidJ3D8bPPozTXVG34w6crGDF1g6eCgpjNyUTRjhYXcDzs1X95c176oV3M61qS2NtiPi1aFruMneC0xMECxf8g0xH362gFysgtkQGz7uYEEw,0666-296291,"5,0",N/A,Barber Shop Hassan,https://lh3.googleusercontent.com/gps-cs-s/AG0ilSzjVEHZW1iNyA_3NhfaazzIFjWycFouJgv7qfboNhItkcaxDoLAheE6z6B7J_6EKS8ILKVPSSxszk5rfPrymM1sRIojigpurkyBfPAY-k0HZHC_kfm43BXhQL_397rijM_qdeK8mQ,N/A,"Rue aliskandariya, Av. Mohammed V, Rabat"
https://lh3.googleusercontent.com/gps-cs-s/AG0ilSzo4-VPnZbS3N4nolkO-iiM4NUoj4zz--72F_9ux3qW_jPC_A1BQk39zzFDvcW3QD58iHH_-ck_OEH8JY2qdYjFFpMtyl3vWsy_H41Cf_rn9I6pMu-rnAoeByXHNP7VwNBgBJHX|https://lh3.googleusercontent.com/gps-cs-s/AG0ilSynfNF9oCwykFT9sH2WjzkRJ_n5Dje93fKvrG0B5DWGpCCytteryF445--VK5sd-to9_a1hav0C6hPpgz79v6WNrln_SDPOlyQ-cesPaEZLUeHjJsl6x9d5boN6SbW-GRSANLTk|https://lh3.googleusercontent.com/gps-cs-s/AG0ilSzulFzFM2SSyj5a2KVj_Sjtduyklmzl9fqsWnKTzhVYlVziVHpZ4YkdtodFwRVP1iSkc-wN26IybiYlt405HhZEQZbqCjALee9n_o4x2hrnwijDIZ9bva-Klh6nYOMxC-qPHYBD|https://lh3.googleusercontent.com/gps-cs-s/AG0ilSwMXc6u78xXBfUNS7VyYWSl9sZDKkWRag89ILM7KDSITucB-wLYq6bCRXzsDef-Of1J2VrPkJEuS1qOpXYYvIrWOXFcLvKFUZTDdqX8llQbfwPqkUcpriOo7nqBW9qPbxF0yj0A|https://lh3.googleusercontent.com/gps-cs-s/AG0ilSxKOw2dcUzQa4dkghm-qdgdDlHIV0f4KBjshCFMYNfK88MX4E8_6bisRdXl7boYofNcVkywREdpMVY5iv4zE0zyuwLPkmbpPrXNB97Evtwu8EPvK8ZOlF2PpQJn4KjhybpPPpkurw|https://lh3.googleusercontent.com/gps-cs-s/AG0ilSxSXxlBhkLChvyZ6JEzo1A7EJxiO4gdBoH52D3hw1EyXI-BB69IMixqwn3mMV3NjJAgoUBVoKqbrDSE3N2d3heyHGCwVZMZU8Msgl3_HDqGEh0VF6ZfY7oOe3koE95dwHIgbJoD|https://lh3.googleusercontent.com/gps-cs-s/AG0ilSxYbbAKsAq6pZ_QQRDljA3CWPTjHEPdKXE6JelGzYAiJZb3ozEw1ZYaT9tEhtQLamEZ5PR2kZ49bhdiZ0TvIqayC2--HJJl-VsTlWrqJYskYLAi2qFGQapTFMnwjqld9fu2t27U|https://lh3.googleusercontent.com/gps-cs-s/AG0ilSyB0_5PdyW4ikNRMxvyM0DGdPZRypqt1YAmRNod_sAUs1ZprDIn4O6SjLJedyTbUvEWR0_oi6GeCpZ00_3hljmM_R6S0J8Z753kP52rOcdbxKlpwlGqIw-fkWHJYEbSTriXq1gz,05376-38693,N/A,N/A,M barber Rabat,https://lh3.googleusercontent.com/gps-cs-s/AG0ilSzo4-VPnZbS3N4nolkO-iiM4NUoj4zz--72F_9ux3qW_jPC_A1BQk39zzFDvcW3QD58iHH_-ck_OEH8JY2qdYjFFpMtyl3vWsy_H41Cf_rn9I6pMu-rnAoeByXHNP7VwNBgBJHX,N/A,"Rue nahda2 idafi, Rabat 10210"
https://lh3.googleusercontent.com/p/AF1QipOfFFwV7UOZMmDq506Nys_cNCAp7_Cgdd_RJSWp|https://lh3.googleusercontent.com/p/AF1QipNRu308vqSTaB1L4NbRWIMhP_RfUgq_3nSfSu5W|https://lh3.googleusercontent.com/p/AF1QipPgs8jz-JEtW2lHTs_cFgS4mlwlTqdl68wVaZ6c|https://lh3.googleusercontent.com/p/AF1QipPi-7PILXYpKk8iv3AEKHyqBt1yEUqDrUfFKIj9|https://lh3.googleusercontent.com/p/AF1QipPlKbZHuu0jmRUrokA7T0H1S4Nt7rBafZZlC_OE|https://lh3.googleusercontent.com/p/AF1QipNlNcqXO3auRIaKE6NBwvS5a4gZnaLMbUknP8Tl|https://lh3.googleusercontent.com/p/AF1QipOgUcqH4RumlF6SdAV61Vy9NmKNpNIlU8Pz_eGN|https://lh3.googleusercontent.com/p/AF1QipOTDmoWySznzBo0V1qMJGBPywEEDl9j6bRyukYA|https://lh3.googleusercontent.com/p/AF1QipNNdfulAUypgH1WrEQU7P_5tVZ8Q1duWqcgVX7_|https://lh3.googleusercontent.com/p/AF1QipO6God-8dVjtqJdfruBVihcncTokGvDH8RSEtoE|https://lh3.googleusercontent.com/p/AF1QipNEJmF_yb-EPSW-mYfw_7gVKLkiY350C-7Bsc3Y|https://lh3.googleusercontent.com/p/AF1QipNXuEh1pr9qvfYd4ULZcLNjFbelL8n0VuxwcdcD|https://lh3.googleusercontent.com/gps-cs-s/AG0ilSxgZYSallpo0PvWQ7X2qCwf5cs6tAmw6NbMogoYpYFpDBmOj-EQV23_7lqzo5QWNANXfZzTaM26JIpWKaQCQ_nu92jzWgkPWT1PKPViUPdLpUMtEubSPIJHnW5-7CojsTBaCqcDCFCaU2CG|https://lh3.googleusercontent.com/gps-cs-s/AG0ilSyqLgW6I8J_Ds1M7w-_HHZ2LSUACrs2M7sxDWW3r-97FOWhkwxGSYdMR6fCRHh628KyU9dppcNiLTzf3ORtQz73db_fESq_NLxVaNkhQf4wraqVvf2l1XVLnQ0QWIKcPuNGpNFAKDlrTIQ|https://lh3.googleusercontent.com/p/AF1QipOugSiRmxsQcD_xoCyFnnrVnIq2yi74DIptrbiT|https://lh3.googleusercontent.com/p/AF1QipP-ZDbJ4QtfaaiMCoIaZWec2s4N3W2dGxdQ_zeX,0661-743753,"4,8",N/A,coiffure Congo,https://lh3.googleusercontent.com/p/AF1QipOfFFwV7UOZMmDq506Nys_cNCAp7_Cgdd_RJSWp,https://www.facebook.com/Saloncongo/?ti=as,"21 Rue Congo, Rabat 10060"
https://lh3.googleusercontent.com/gps-cs-s/AG0ilSykPaCblrNCj1CNXV0YkJsYgWqEhmWDV4XTJjQwwVRSWKKuupYfe3i3qbV2gOEpeBJRzQJmwRsv0DHhvnGVAGokJu_fWKFaPc_yerXi-X6_r66D5_CvmxVylVd5rQfnxC7SSI2YOw2jkzDC,0530-180613,"5,0",N/A,Salon Al Bahja,https://lh3.googleusercontent.com/gps-cs-s/AG0ilSykPaCblrNCj1CNXV0YkJsYgWqEhmWDV4XTJjQwwVRSWKKuupYfe3i3qbV2gOEpeBJRzQJmwRsv0DHhvnGVAGokJu_fWKFaPc_yerXi-X6_r66D5_CvmxVylVd5rQfnxC7SSI2YOw2jkzDC,N/A,"248X+983 زنقة الهند, Rabat"
