description,location,rating,images,phone,website,image,title
N/A,"N 71, Av rabat rue 05, Agadir 80000","4,1",https://lh3.googleusercontent.com/gps-cs-s/AG0ilSyyBjbFz3rZghlf7TKVw3JbTDm-2J2lZyMkhlMy6BQwJQr5Y4uF-LWlQiEbaTYHHTObQV20V9x9KyqC9QdV4aqg5TME46cUtzDTtVa928pNWIg5nKHylSc7jXkng4SZyGPmZQjnZQ|https://lh3.googleusercontent.com/gps-cs-s/AG0ilSyA-qo2Fi1eGhAPuxZCbnNTtmfSq8VOn1jfAL-7hBtoCOFkdOHBYEfOYVK4W6uBogzLxPBKHI5zmhZ2YmDfsj04t4p7yGcsxAdvYg6oNrLXM_t6WPzETosMfJo2Hr6lVZ0_0wSk|https://lh3.googleusercontent.com/gps-cs-s/AG0ilSwB7-bpwfwYy_xraMi_gNAjK_KS65atMx7LCz8wkOIdmoelfmyxMychmied-A8r9AIRAdCWLjx2NS7NuTuaR39BsT5Obgg_bp4sW8SouNu9os8bMcaqMLjjbLQfLm_bVMK4s5bbiQBm86nC|https://lh3.googleusercontent.com/gps-cs-s/AG0ilSwwJ4oA5rTuMLwxh3EEfPMVwGMY8p4TSg239TgSlwleeWE2h8qvcIbwRsgPGFydtq_Rg4GRp6GN1d-Bfsfzqij7Ks7Jl9aXOSpxtxUC2TTGimawQer3513knf_hKLjYlsDGy7Fr_NygMWY,05282-26616,N/A,https://lh3.googleusercontent.com/gps-cs-s/AG0ilSyyBjbFz3rZghlf7TKVw3JbTDm-2J2lZyMkhlMy6BQwJQr5Y4uF-LWlQiEbaTYHHTObQV20V9x9KyqC9QdV4aqg5TME46cUtzDTtVa928pNWIg5nKHylSc7jXkng4SZyGPmZQjnZQ,Jamila center
N/A,"CCHP+WRF, Bd Rabat, Agadir 80000","4,5",https://lh3.googleusercontent.com/gps-cs-s/AG0ilSzs0D-57Xzcm-Od-6gYxtYw3AKkwC4uR7jysuQBocOq73Nazv-jfpf8Nv_-r0ddzAkZKlx-x6a9OAus9UzkF97QFYem7Dv00NWmDGZK18XvC_x8XKvbAIeeJZBx6_TFR4gD2_VXYA|https://lh3.googleusercontent.com/gps-cs-s/AG0ilSyBackHAaxzNnbw24XdBDHwdgbT6PxqEr2PZpUUnUkbVZkx78FbcAtl1SLOL2CBNKCgFj2CVBzA5M5slQ-klbC3R4G3MZ6AEs9OGJqKQ8YPBoKflRK1EjMtPeE7ekGo7d9CfB-o|https://lh3.googleusercontent.com/gps-cs-s/AG0ilSwFD7VV8xpo104JNXMv_XmoGPdbDGghBsVZsACJshaKlnw_223Xb-Erh7WKitub9nrku0PG-Yrj8yBo2NhC0tHCDNrfJgKJk99pQtaGS7DUErcAdsW7X6lna6DTZnjTHGVu1Cfc|https://lh3.googleusercontent.com/gps-cs-s/AG0ilSyjlPLEqSVHKewCcHQGS1GnV9CsvZKDryPuYvEmQ_ZUTsSrUPjdGdQVLUg8RMZgFWciz69PBcG9QUjDMTCULLIH_5bWQJhRRK9muaKBOCTerh5xJdhquOpXRI58ut6pFUeqspLb3A|https://lh3.googleusercontent.com/gps-cs-s/AG0ilSw8nj8GPH5D1GO5hBMWMUh0wzGKSRHr__kiIBoZvtJ9wkVl_bVHwwNeyjCnfKAI55zrQ6oGWW1A35Z5tvC5bozBjJZI-t2MYz4dpJ0h2ttHmINrJc9EDjKruISb25B5CbUADnh2VQ|https://lh3.googleusercontent.com/gps-cs-s/AG0ilSzjFs8nZEY9y3fwwAZ-_uqURayA4JeplCNkKNWE4_1o2p1BA_5J15of17IvGL42HGwNZdpQdKCul0FuHgC-k78ofdnnxLz31mgyBQ4CiuK5kLHNsF_N8kJtWUC99EjtETxJDDQFHQ|https://lh3.googleusercontent.com/gps-cs-s/AG0ilSyklaOI1ku9nwzp7mwhW4WkVciGF5tMSBApiG6ywUYwC8HKfSbJgJSnEaPDEr7gpPdTHNUbNEozfCCcLoKlw2EM4Eyh-GAPAbdY30ZlRLBiJuxaxZaEgGMy0UIdk-nyUKJhkkXd0w|https://lh3.googleusercontent.com/gps-cs-s/AG0ilSwnkjbn0FW28azLk4_dUQ73Hs-pvjUjAMV-Sw6s4M073IrjOcTk13FY9yGg3xIkjTDbhNofaqp5LmuIr1jQz8o24_znLkvxrJ12nH-qqFbz36RDBzimCV641w1O0cL3CIzTj5dx|https://lh3.googleusercontent.com/gps-cs-s/AG0ilSzk51zUyP-AQIksXeyFAqRZdc0W-0yceCXRl52UGc4vnKD6Hn0pLl8WSwGgde_J8Bm0cmz63jA09u8YoPXyBkOAcdqSoWtB21tacUD3K4aXos9TYRwbXfckVag5fEN8KZb7CKw6|https://lh3.googleusercontent.com/gps-cs-s/AG0ilSwTOJWyY9NGtQXSJO6LnKO9tcHfveOoFNydj8emtnq8SR-7BN_JrAigQjjPGDczQAZKEBFwouQu9bm5v0LNJdJZxMpeR6mJE-oUusC405Pui3Zm8BZxl9en5M891ShbpENAV7o|https://lh3.googleusercontent.com/gps-cs-s/AG0ilSyefAQppRzJvp7spG2KtUx95xr1QQt1Guzkzb2oLWEHVxblvWAAML3l4IP86S8Q_Rp-8Fh8GPAhyWQo6MzxhmcdAJcfwdZk0BoOOAftd3WXwScUVh8b6Ez4YmnwAC0_-LbnnK9H0w,05282-32678,N/A,https://lh3.googleusercontent.com/gps-cs-s/AG0ilSzs0D-57Xzcm-Od-6gYxtYw3AKkwC4uR7jysuQBocOq73Nazv-jfpf8Nv_-r0ddzAkZKlx-x6a9OAus9UzkF97QFYem7Dv00NWmDGZK18XvC_x8XKvbAIeeJZBx6_TFR4gD2_VXYA,Hommage Agadir
S'identifie comme géré par une femme,"Appt3, 56 Rue Oued Sebou, Rabat 10090",N/A,,05377-74930,N/A,N/A,Beauty Hair & Spa
N/A,"Résidence Jardin d'Irama, Magasin 1, Rue Ardanne, Rabat 10100","4,5",https://lh3.googleusercontent.com/p/AF1QipNbFWollvTDudh2bh4WDoUiF204q1sRuk_AWfGn|https://lh3.googleusercontent.com/gps-cs-s/AG0ilSwVGkSZPCY_9EVmGE2iPIGmxKXDN7P3kqeheqy00EygcmSPVc2-Q3_mrp7QM0RBhsLgWWGyiP3m7ysscjCw3hxQh_4LDETxS8ULPuBq9_ZVrxcj9uZYykyya91Mdl42A_bhg3LVRw|https://lh3.googleusercontent.com/gps-cs-s/AG0ilSwTktH04gPASYGC-tfJv2k5eNojzW9AXwUhdqL1ILpZqTkX278_T2RbzTPNt6OqA_xw7GbHpKM7sKPeNn11dEzW3Q2CKz3vD_5_5le8WHbLTC3B13GTOSgeGCuyOUn0q7A3pzYGoQ|https://lh3.googleusercontent.com/p/AF1QipOUY1VB9LgA9K6LcETGd315nGfL30Lsp7BVmY-j|https://lh3.googleusercontent.com/gps-cs-s/AG0ilSwC5Ui-NJXJp2r7OLjAp-enxvsewTQA7DMScAn1STm6HWmMg7Mk0g5ylNcPj0BDW4e2hPy5jap4n0f7nBbr5aBKQZmOFHwGTCTiQd4oxqYUi8jUxEVF6B5DLURYJs3MKRDzEcAt|https://lh3.googleusercontent.com/p/AF1QipMaMMccQ_PY7QZe7m8mA2gLv1LwxxKvt1mMctke|https://lh3.googleusercontent.com/gps-cs-s/AG0ilSzx8mi6Mdj2QLpSAgWMNUrw9f86JlcfMO-bt3T0FqG8KpiAA9bTDHf3ihJlcjXWKRFVCGskXw241tCdcCi9ZqhcTjst2VETU6pgZEIpt__w86FfAU5NhTeODCFxZ03z65fkxavm3Q|https://lh3.googleusercontent.com/p/AF1QipNeNMrP-Qkd8euHNFgVXPcTakYz_uqQamcsoWDf|https://lh3.googleusercontent.com/p/AF1QipNGR2LcuhnHSgE8yBsleYJz5Yg9Hq_GiLHwy-6a|https://lh3.googleusercontent.com/p/AF1QipNCHZGDNAhz0O1WXLRS_t08qlbbPZyMZZR1se6g|https://lh3.googleusercontent.com/gps-cs-s/AG0ilSxzT004Vq9yeUza8pG9AxvAsR4Pu9dZvAEjMz6r96PC-KQ6_knHmWqeJiSbblQ_eoDRZglzgoSO4G24W2Us-Mh2Gvg0StoQZheSs-cOuMtmK2nzT0Im0e-MgwF22cLf-2fisIErdQ|https://lh3.googleusercontent.com/gps-cs-s/AG0ilSy5kElNfz9HgA6-LZ7HKD-fZQpwU79CsRH9SFBaFVDl-ikzaOSqhGUdJGo1W7rMOeDhJi8cltodpxKLAn7fZGbuAZ2BtbxvK4t7sE4HoGRMmSf60WdzR-QeTfsZnZGC3MO7zlck|https://lh3.googleusercontent.com/p/AF1QipOjyHF7mJ4zuauCMoXj932OxLNEMf5rRkQCeeHI|https://lh3.googleusercontent.com/p/AF1QipOHBVe1y_TfPkeELZUYyCdq6lui2taIzAwWVpXW|https://lh3.googleusercontent.com/p/AF1QipNXYujzbgrt3RuZzTb9-14fCkjm0Ktn6gYMfHlP|https://lh3.googleusercontent.com/p/AF1QipPNLatKjLTu5RRdxI62yIPDvLqEZJHTFMBHpL8h|https://lh3.googleusercontent.com/p/AF1QipMfSXHeMcNMnvy1W2WYXljcUnZPVa9mR3TJuTDm|https://lh3.googleusercontent.com/gps-cs-s/AG0ilSxR2BHCjz9Wq8LrjiD9gJDfmz9TLRhB9QvOPinQ-OFtOCYJnwaNbfP6yUNpb1yWgjhkAfJF_EvJTr-PnFYf0hLZGSdZm7PpQ7IUXQLGW0Ie55HHPqQ2BcpapBVaVkSyNJPKboK-|https://lh3.googleusercontent.com/gps-cs-s/AG0ilSzqhhPey-zHHZ8QOzp3vuvgU2oKfHOpeGcb0NedGfsIstr_tMDCKK_jt3d-JA3QdEhqRieS6rpcPb60cehO0tmUQgKhrZnpRmumA_SfQah2A5Egl-923K5ZnosB2GMWg47pW04VMQ|https://lh3.googleusercontent.com/gps-cs-s/AG0ilSy7Xb-I2mnfY9AastOQQOMHHIj7LFy_Tm2Fzc_DmBzdsc_-OhIZS1eI-GGs7VEH2yalu4vsitVY--iwgpmW1xmoy0LzQ28003QwX3ZB6OMDv8CG5w7GtqksuYQCq1l9EHnqZiAf0g,05375-75602,https://reservation.salonzenmaroc.com/,https://lh3.googleusercontent.com/p/AF1QipNbFWollvTDudh2bh4WDoUiF204q1sRuk_AWfGn,Salon Zen Mahaj
N/A,"Residence Al Mouahidine Mag, N2 Rue al Mouahidine, Rabat 10000","4,4",https://lh3.googleusercontent.com/gps-cs-s/AG0ilSy_ug3_njFZEDGzuFHZ7fh1BF8oLGgFgPOnXNtQ8-2TK8XMCibwaBIF0yZMSI8f0_9yEGPhVL22eDpMETgHOokfddn6dkHTTrJrjDYaTX4fN_1c7a0FzrgV5T4AIL2Cg-up3OqCAA|https://lh3.googleusercontent.com/p/AF1QipMbcpbWBcqs5SGeE40WCL0TnP6GCXlb3GGbTJfd|https://lh3.googleusercontent.com/gps-cs-s/AG0ilSz8sKgxFMVFNZ4jlY9hMsVWkJbIV6aLf99724Vawb7YnnoaC-DEicW1PR3TDxGBQJ6l8j-qM3Tfi3GqbovwaKYXWsSnLvEKLjVDg-rTuvY5S_WGBvmbb3anjVjsz5m62XGnF9v0|https://lh3.googleusercontent.com/gps-cs-s/AG0ilSxifgGsJFbpYSr-17vy8jMIIaEkcRjkeY9fuWm10tW17p3L6wobbro-8E3HWsTCAB_KD8DNIaqsg3W5ys50IY-1c3Cy6tjHjTP9RdfVcQXFgs9v64YMIIY5EhjXopwmAvxhcDJYKA|https://lh3.googleusercontent.com/gps-cs-s/AG0ilSxI_-thq-FFzxVwK_hrPyq3Y9FHWiXJpn1O0TtU6BHUvgQFZ_u0nAmv1g9SyihYfJqEbpuVEV3mFtuVHYKmsIyS-5XDr_cotbmo15frW101AGSBffctsf1BSMvTrUMGw6DHeTre|https://lh3.googleusercontent.com/gps-cs-s/AG0ilSzt1KkGX-_W_gEdI1HKSkjTWTAfBit84hc0621y61i7jyLYu23744skqQyWbilqG9mAPMXmcdhpMHOiaLYSx8HRqi7ieWFvie9hBa813J5MlKkzB7wpwA0xNbj1cm_czg4l3r9Y|https://lh3.googleusercontent.com/gps-cs-s/AG0ilSymj6qAy0OXcNBubQnyVn7AGy197rs0_CD4zzH5XC6tkYZr_6nZ2Gsc2GcUzAXU7LBZo5_PFI7Pp0sr0IvYRb4NZpnMZF-8s1bABTntHFFeCylY3duBVokwmHVZyVFi5zYVJlXyuA|https://lh3.googleusercontent.com/gps-cs-s/AG0ilSx6tM2UJojryy0SOigvGNBxvU0Q_2isWVKiolmxBk_DLBMlQlx_sizJQms4ehTycc-rzqw4jhKmRmu90zAsNuMU3MwaP1Gh5i62WDNoriYcoZZghaHFK7vrSAIQtyTSYvoORXOG|https://lh3.googleusercontent.com/p/AF1QipN1dtszAzt_rMmhEH-JX8N-iEnsKfDehmeZMM8N|https://lh3.googleusercontent.com/gps-cs-s/AG0ilSyk4xVkNJPa51wPJ9zuWSOFbPBZdE_TeIeuzo8CFvGCmZCRvZBsOLKv2EgWPlvJRsYqNMJulZ-cvdJMqLMSOgmW_w6kBOLoEzg6bsYYvAnX1EFdE0_jxnf58aWFRFleY5yFYaTB|https://lh3.googleusercontent.com/gps-cs-s/AG0ilSyxIgJ6bs6yWudsqLGBo82D-XyzHKNz97xP0n99BTTlQkyG2LqwcAwLklP8zGuW71eJACN3pRBfXR9tpym-5juUdKkzQlPmNjZC95ShB8xxa3pILXY5KX0uq0OBbkAr9rijb_Q|https://lh3.googleusercontent.com/gps-cs-s/AG0ilSwjWZw1c6gxz7IREabv10VPtONJIhRzH5TKZrxWC7XHbyejhh4l2PEClhd5hlvO-vR9i_J53J9WSwPAtS1qVQ3vT3rFDI1Ef1cDeQ-CmReQK4j7OucEJKFhdH7CxkkV8KNqw7x_uQ|https://lh3.googleusercontent.com/p/AF1QipP0w_ShRO1yMfr-n9VRyE2QgS4GPNsXYrH4z31W|https://lh3.googleusercontent.com/gps-cs-s/AG0ilSxnlR5bUjM_UA658RbMMe4slvZOZZrcbfwgPcOgp4Qwv85uwG2Xla0QPJFogOBZirk8MckIDcuV-13bcOaVmEWRy8__Vm80-UpmFb_pKhL0BwlvFGAn58o3dW9bq9I6uhn6eqFe|https://lh3.googleusercontent.com/p/AF1QipO-kapGaW4fWX02YQxhDLg-n5jfFw8cDMeD7kp_|https://lh3.googleusercontent.com/gps-cs-s/AG0ilSyyhJ0NwUikeFra8COgd8Os1J9OcIYNlxUzvarX1TnxY06NRcKmvdewTa8PS0iVVR4K6ER0EZEEk1Mlaa9ybzn53cehVwKqRQ3V2UPtIfNfwIs4WdY4oOGbW_s87tMpfV3Rm68,0530-140189,N/A,https://lh3.googleusercontent.com/gps-cs-s/AG0ilSy_ug3_njFZEDGzuFHZ7fh1BF8oLGgFgPOnXNtQ8-2TK8XMCibwaBIF0yZMSI8f0_9yEGPhVL22eDpMETgHOokfddn6dkHTTrJrjDYaTX4fN_1c7a0FzrgV5T4AIL2Cg-up3OqCAA,Salon Poudre D'or
S'identifie comme géré par une femme,"Rue Oued Tansift, immeuble 66, Magazin 1, Agdal, Rabat, Rabat 10000","4,1",https://lh3.googleusercontent.com/p/AF1QipPD5glQ9KXS6fuTI2VsLQvrkq1vFgAjntdLVjRv|https://lh3.googleusercontent.com/p/AF1QipOZY8LoMXEwEWQpCMVFDI-IPZOJgMFxY0WVCayg|https://lh3.googleusercontent.com/p/AF1QipPKtSg52yK78B6x2u_f_XkfspLh9cvFbtALZuwe|https://lh3.googleusercontent.com/gps-cs-s/AG0ilSzH5xqxAHuzi1vvDsq7W8_VbkxWmNTwitRsogNsLA5QuVLbBKMKqWtOTNCJPXHwTUtjxmOSwA9Srg6o2Q-6kEh2D3Fw73wUSYFWULv2CoMYNU3G6FfRI9Pdn3-Hkz78wObps4VLyg|https://lh3.googleusercontent.com/gps-cs-s/AG0ilSyl4ABm4vfYSE_soaFjVh8Lawtuk6uiGVfNDMHo-moQtn4ALKqAOlbucazynlU_g-QQx1bIEcLSsImbdCC9BmVmtZZs-S7jBbLZNWWJMR6RU71cupKHhWQv6q8hEsh3qq-7srqwuw|https://lh3.googleusercontent.com/p/AF1QipOUWAvx8tDASAJVYiHBFUukjulPDfyfHfIVxRNg|https://lh3.googleusercontent.com/p/AF1QipNtO4T6rS6XAnBXemkHTEgcAkBEfbUfysUIq_ZB|https://lh3.googleusercontent.com/p/AF1QipP2cXEv_V_j1ghhV0zOJoP2S3-ft0EXgRbNzev3|https://lh3.googleusercontent.com/p/AF1QipMO4hbObcfXs1K6wLyjJenh_Lz_U6P-HocwSUl0|https://lh3.googleusercontent.com/gps-cs-s/AG0ilSxORWcuZnKCHWbPenX-TG_puWLw7rtVcOe0QR_yDOPe1tCYlw9L2Knuzx_GfbIzrIAiyzQPjo8Yu0Q9RB4VAZ0kanMw-FrFIzC64axATBdH11suDWdopmtXjviF4yKGBD7jS9bbNw|https://lh3.googleusercontent.com/p/AF1QipObCJWsffqNHf24PuoJc_8okvtdYcZGqMK6Hn6A|https://lh3.googleusercontent.com/p/AF1QipOUD9NK0utSXMuipq0pmNWlwoh6ZqWcwJmepu-q|https://lh3.googleusercontent.com/p/AF1QipO3cuPza6qiayxqAuv-K7jvzt1K-CKFvPWrbpcQ|https://lh3.googleusercontent.com/gps-cs-s/AG0ilSyUswwheRKUc2WwmvHu_lWN02L1_woee_gjVIJ3YN5WJMxxlOHU7aC2j5jc_M7k6TnfGul7n07yXrxGFO08kE7hvaIGSSclrhX7LxqACz7ovp-xOmCbNd7CAi1Xg6miTNKdj4YSHA|https://lh3.googleusercontent.com/gps-cs-s/AG0ilSxwQE7x7XL5WbH1okvS7_LpX9Tw7kT8Q8_rY3LFLuo9_K9baAHSDPWU4cz43qG1QbPdb9OnmN5Shg4x6iGEriMEdLgWraoBP6HkPjp8Y8bIKC-D6328uc5J-JwhVtSkbbUhlmNv7w|https://lh3.googleusercontent.com/p/AF1QipMJpXRQGXClz0r6FECZIzHy5oSiTcCkkz_C6XuI|https://lh3.googleusercontent.com/gps-cs-s/AG0ilSyobjmL1FBJFwkb4s7ECnP5wSViK0jNe8TailVe_-wR3eCRGGU3RJPiy9bufAYrrDt1Z7Jcm_BGkHqatY6VLSPrKZu0Ntqn70nPJ-ce5gaW4aDhB0vqKdRhh_KYR0ewtkvyRqEH3Q|https://lh3.googleusercontent.com/gps-cs-s/AG0ilSwn6QqhiNr5J0P_EG4I3QZZH3LXPQ_HfuPdwppIxrpCrJDU0KIa5pV7WtP8LX-DGRnit1LrSrsTjZlrrZbZJWS1R0eqy8kwOpZcBF0NveXRM6Oce8VcjCJkfTj_jBss6HUO4B7zag|https://lh3.googleusercontent.com/p/AF1QipMUaay7W37gwXn5mjdcj94WpL4-OF4eHj3q1ujF|https://lh3.googleusercontent.com/p/AF1QipMUzYf-BDCx7M54IBpFrSoLKRghqoP4QjoR3wPu,05376-86271,https://reservation.salonzenmaroc.com/,https://lh3.googleusercontent.com/p/AF1QipPD5glQ9KXS6fuTI2VsLQvrkq1vFgAjntdLVjRv,Salon Zen Agdal
N/A,"32 Rue Tansift, Rabat","3,3",https://lh3.googleusercontent.com/p/AF1QipMkGfKFC3HWMXuID-LuwbB0VfQJAxfdp1c6ZwpT|https://lh3.googleusercontent.com/gps-cs-s/AG0ilSwK36UFV5abaQPQR2LciF4LyxL6_vHSGr6RaBiNyMV144RDBIO3esuxzEZtSqHq7c-tIqj_4_jW06BiNj2RerQVctWA8gg8fMQQLyNzReroPbQQFL1NwYub7nlAzGBvutvck0M|https://lh3.googleusercontent.com/gps-cs-s/AG0ilSyI1C1ue0nH6x2sDxjxMhslUHL8R7N1itmKRkzgSflxoZiq2R-slqlw0ZYeBoBdt9RBGM_-sQRQygwlxZaWi3ZHaWXk2HQXIqXTEjMiwkKyZpaN4R0njM89tGBHuRKyiol27spS|https://lh3.googleusercontent.com/gps-cs-s/AG0ilSxDrIvcUP79ZxoiT4DyfZevAjHHHQ9EU0o32qKhWLW7o8nhzF8PwUHHys15_niQFBWghz5KfBebKB9gYlC8h1bEe3pz1UZgw-ZIQhQUvpnjgbqD9HdpWuVLbYoxW_-OCo6mbKfBqQ|https://lh3.googleusercontent.com/gps-cs-s/AG0ilSzlqgcOoROeaWhox7l0H6FUPPkeJka6lNNndniSTUNG1bOHxIrI26UOoXUZQz7ryL56UWMP_tHPxoyWiBo0tXasxLq0xHSJOf5wXZlbLHVIZ_dN1pPiJLgyoyVxw6I5d1FQaec|https://lh3.googleusercontent.com/gps-cs-s/AG0ilSyu7vJ3WRcd8v5C5nd7Ib39IdycfX24peTHj6BH2zskf_Ealx5xu42NsuI7GEa5UC971IWHUgBb5RhXjjSCT83M9bEdZwSh328d1i8IdfSSI8q9sZ4RsN7SQGJrKPw0KEcFhwuh-A|https://lh3.googleusercontent.com/gps-cs-s/AG0ilSwUWNGCMu8NOZnujhG4EcJWOoxBZMm24I05vy5r3Kv5fILRdobmRSlL5naGKJA4Ec4FXH4cdY-p8K7U2Ah17DJpPtgq41Oy_j4UR234mjkfjQPz_1drLqq-eb2yk4VV8MEb606LvQ|https://lh3.googleusercontent.com/gps-cs-s/AG0ilSw15W49LZ7AOFPbGRNcY6lKstcmWBRnhpotnmM8uHhlig_KjtfIfLHrsQOPTj-1nGpzfvC5IloAhdSAeJFbVqRtwzjbp4SdIlEGcXFlJwaKzsLDpyFxNQSRUJgHKuwnCp5q0SQ|https://lh3.googleusercontent.com/gps-cs-s/AG0ilSwrQ214WejnERxj3Tlfr-RqPvGqdydyw1BBy4X8mq3Jkaur2c8dwGLbzf1X9y-h0SdEoAho6yzwVA-xKOnUEuOKXqy-5l67VecgKyVpNzfjWWGlLy5Wk4ebvmM4jMHoAVNo9EuU|https://lh3.googleusercontent.com/gps-cs-s/AG0ilSxapbum06AK-cWqHTPmhOiHP6ADECZwlO9Vs84zB6760on6DjxNhxenHlXpGu677p-Fort6i4qaeRTaqwqj_-iEbHFTzOl9An-PugRMq7Q8sRBQgAOStq1Q-sNxxS0pRgcPkmX1|https://lh3.googleusercontent.com/gps-cs-s/AG0ilSzrzsCPvpeEI9gtOW9O0eW_XjtSNRtcIRSm-T4mCYPyZvGgVFvdh3DTJvD6UTfBwZ-Vy7TOeUmhs4e3yUgmXX2FZ0eq4vshxeOEkALoJoKyK4hxfkhdWD3ppFqkST4BJ9rr_Srxbw|https://lh3.googleusercontent.com/gps-cs-s/AG0ilSykc_VetFSNRZGA54VByoUI72Wmz4DKXjl46fPAYofYG4eqCOLCFcItc6HLdgJ4QCqCvacbQYuS6qhbOq7OvgMwfWSjYkwaX72WqF7wJywy-m3VoHkCx9bqLGFqGKWqzL1Xitkr|https://lh3.googleusercontent.com/gps-cs-s/AG0ilSw9USdY3v_dxgxaaYjIzImeH0qJtB718DGv59G4tgPxTgTW-3zznfBeYWLD_mF65dT9w93vp22VSjP-XlnKA7j9ENVvI4jACZFbU_kZOf1HZhJh5eVnHunup5b3wVefrv7sNG0|https://lh3.googleusercontent.com/gps-cs-s/AG0ilSzz3_DoTbvdFy5_bcXIMk48LAx7-0TV-ARqlunVrpjD0A-4tpgf1AMS8qvBnb-Y6pc8fq5ufVj6R4dTsUnSUeYaxy9Ta8Dp5BZmX8nChS7vJG03Y-X2ctYXgyE733e5eXU1ugM7|https://lh3.googleusercontent.com/gps-cs-s/AG0ilSxuVVWCHpRncEUgwiCMY3hbnLToyJwUb_mU0dVuOZirfKF4e0F7cPI46wbnmYQHqJS4rwUlRyw-cSrUGH76fyXMAVDVCjwSlif5TJhb8cl_bTSI0wBIjnN5MZM3_6sJ8s5UeAzKPQ|https://lh3.googleusercontent.com/gps-cs-s/AG0ilSwIL36g_SbHfSqwHF4fYo9u2v3Gqkcqp0YFitEYq895ZQsTVX2W8i-n60O8w7Tjm5_m7qMXc5esvPKXJpqVLMS5dzrTiAxdYFUTDjtgfYj5WoSo0E7dSWe0ZdHbSLtA_OXw1adL|https://lh3.googleusercontent.com/gps-cs-s/AG0ilSxwVST1LvPJKZEngIBePwAvNf_9r6wDRX9Bajhpu5CtKXU9VcKBjKK9y8Aj8p8hyjRkAroHQVqO-DXxCuwl5GBQwgyFcLFycsoXxLrUYVC_vdQZIlkLg7rX_McaCmqpm7LLI-bU|https://lh3.googleusercontent.com/gps-cs-s/AG0ilSyZ0klutotKFSN0PiDSLZ5us62tysYD64MVLpcaaO36K_5S-ursOw6uPo7ENL2dfU7UUksJX8TQIZv9FFkfc7z50aPSE8zs4v5vB_fklBbhqWQHgMlg55Tu5_VkzrWN_mcbgNUR|https://lh3.googleusercontent.com/gps-cs-s/AG0ilSz26YSxYVIJFErnCxJqMX_RnMo2Rn4D6ievfSzixV-PQj7b5iBOekdVANdBo238A3w0de39iOyExxbB4LOzF0YUxWnqGmasEmzsGjSYCQEXpn8FsBFfxG7dfnHabA-yt22RfApY|https://lh3.googleusercontent.com/gps-cs-s/AG0ilSzjpLbR7xeoJIriA_XziU5GW0jXXsIVQagcknuYRM_0u0MxRqUSR_bnrtm6pzCHeI75rNBU3vPuaGR8btw8r4yiUdABjEXLwOXJJBkSqbCpoyuOlrdA1_V4QVWpEGE8JRSjzyOa,05377-77711,http://www.instagram.com/ayoubhairstudio,https://lh3.googleusercontent.com/p/AF1QipMkGfKFC3HWMXuID-LuwbB0VfQJAxfdp1c6ZwpT,Ayoub Hair Studio
N/A,"72 Rue Abou Derr, Rabat 10000","4,3",https://lh3.googleusercontent.com/p/AF1QipMUO4KPZynaRfTSdWPTgNv204ANwK1TbDvSr6wG|https://lh3.googleusercontent.com/p/AF1QipNNSOj5QdYgYFZJEmRwg6Foo9wmrekcKGnhY8yN|https://lh3.googleusercontent.com/p/AF1QipMBw6AG5RmaZ30FUaLOb_la0SVPVWZokKWIUDhl|https://lh3.googleusercontent.com/p/AF1QipNp_9XuvM5K0934JY2ZZayuU6v4QBA3kLsb-NCC|https://lh3.googleusercontent.com/p/AF1QipP-JAl7a2VI0P7wO_vtqQNodBI6jm9URxcOyg_9|https://lh3.googleusercontent.com/p/AF1QipNZ9eSxKHquj9yClUumNp3dxZ49J6C0FyGRTp4v|https://lh3.googleusercontent.com/p/AF1QipOn2zQMDQO1-5VquIAj5nEgk0gcLrSK5lAy4NQG|https://lh3.googleusercontent.com/p/AF1QipOFprxcdNv8M6F3C50RqtFDwnvrzvovK3qk-_9H|https://lh3.googleusercontent.com/p/AF1QipNIx6ZWWALpI-2MifsaCk3u_cnvbWJ6oGdoEQ_T|https://lh3.googleusercontent.com/p/AF1QipM9hGLaZn3zNfEtLb-RlgEPWeIrbDiGqclVtrEO|https://lh3.googleusercontent.com/p/AF1QipMMUUxBvz0Lx7TMwTHWlIUGKyxTUhKnJjof4Dj6|https://lh3.googleusercontent.com/p/AF1QipMSnuWd1JHI5B6G8hR1-OD_QehbT8X1IYE3Q9tf|https://lh3.googleusercontent.com/p/AF1QipOrwYpIx3JVj1bQuiqW8JVa9DDWm36GbMfUCcld|https://lh3.googleusercontent.com/p/AF1QipOT0yZD8xOp26Ergk3dLqR6qR_ntvAP0vBHUvk-|https://lh3.googleusercontent.com/p/AF1QipOLeTelFwUaGiKPCABJ9aiDAs5NBZQuYg1PR1zk|https://lh3.googleusercontent.com/p/AF1QipM7J1TiwSMEG4RM_FT_NdlqlW_lLL6qmcViM0R_|https://lh3.googleusercontent.com/p/AF1QipMT_9UrgbS6aj9R8vvEYMqo_sw-OT6u-_IvViUq|https://lh3.googleusercontent.com/p/AF1QipP6wK1wbCPC-9Am3v2leody5iun5B9mao4ao9FY|https://lh3.googleusercontent.com/p/AF1QipNtN_3y_WnVI8p_mNqY1oTgPDFX7ednmDoK1mh0|https://lh3.googleusercontent.com/gps-cs-s/AG0ilSxvmstr9y9sRJOz2eXUTYEdOc_olGJNV4uYnb_lCyUd15p0vTohBEYTnBW0igw38UAuS1i3ufNronslXE62ECjjrQlSeuyeN4nvXBD6WwejI4qGrAlkhQdCWOdG1I3BDU7-U3U,05376-74590,N/A,https://lh3.googleusercontent.com/p/AF1QipMUO4KPZynaRfTSdWPTgNv204ANwK1TbDvSr6wG,Must Coiffure - Rabat Agdal
N/A,N/A,"4,7",https://lh3.googleusercontent.com/gps-cs-s/AG0ilSykIAHcScPy1dpqRjdZsEy_O8wbSlgq8UWL8afa7KoGN6xPuA8rdyCuRBpctpCCgDVanzV55kk8JdYFX4M3UONCat15X_6Njr8i6wf-rFp8QMq5w8Sp7ljhArVtIuICCouF1jws|https://lh3.googleusercontent.com/gps-cs-s/AG0ilSxZVJcwSpZu0bVyBI1oPa2szRgKHBjWEMKQO7170G8wCkEHiKzyGUdfNunTFqNcMw2svPBIplt3EhVTa3bTtxz_nw4aPip_74IPXrcL4zgbyEzDDWahNgQtl4vYrcQwTVz4yom72A|https://lh3.googleusercontent.com/gps-cs-s/AG0ilSxsYSzK912Awn3oR_11Swo2SsqKdsqiCx0L-emGpl1NWQX76iQkhQRxh3lntjCFjDd51dqzcCXBOXdeuxJKrtvuKxUeM-ZS_Qpi-ztM8FsO8pPQyG87K_CiFfm6evgA3Kwv_nEXrg|https://lh3.googleusercontent.com/gps-cs-s/AG0ilSwXrUO37CAwtmlTCzF9qgpWWB7OQd3V2Ub43ytLus6p45hF_JTsa_HolTsA2yGOp4MDzHDP98BUzlhnpUOVP6V1ovGXWyjEq115Xiox9l6abJxIvb04yI_wgQ1fodeReRNuONnPgmut4xM|https://lh3.googleusercontent.com/gps-cs-s/AG0ilSy5Xuvefm8PwARtEpKc5Yi3wOwkn8HO_nNGVf0Yd5ROCArPCvjl8qvRFQpWNPh9vEwageojrUakYO1fizDnKS5rImYpM1Mz-jd00qgO2NIdy-U3GJ3iXIm57CwNistCuZqeiOLL|https://lh3.googleusercontent.com/gps-cs-s/AG0ilSzZxYVnCimG3Hmw3vKCjZWgmtjkyUXpL0NJYP4xzJvrkKeR8Qf5kGrpSmemCQjfBXdOS_KOQkVnmJE9LEEHX53DN_8j8ikWNI1jStPoqYrcTz8qQLHTV6qszE98TXOhawQ3p9XbLA|https://lh3.googleusercontent.com/gps-cs-s/AG0ilSz3-tc3hNxyefX8nwgGmRMxUMei0srWdJ1ZZqv1GGfh4hi78wlsRHMvb57IZIF-u21UBxP_OIp10z22EVwSYXH1hVYvlTU9CB_6Jpkv7MAawvZBcbNK9yhuHlLKW_DZn7LIWes|https://lh3.googleusercontent.com/gps-cs-s/AG0ilSxX03-pUScIuKAnZoyW9z4nnoDAmUvTAM397u8U4mgy6UFBaJxujvbY4R4U4W7qWgAT2DsPCB5sgSXw0_y2LmMRX5KLOCatdRoYH4OXSzy3H-fiesxe54NN3g0fETUayavJWSfS|https://lh3.googleusercontent.com/gps-cs-s/AG0ilSzO0VNMWzuGildTVTJk62mW0_Nxj_HG2TuASyFv-Hi-uGzmxICKWPY_vU0_xHBHyWr71xPfj9Jg0AL5Lf8q4YHikSqf-1gqRqSpvkSL4wilY-VDQzq-L0YF4pLtwFZkY7_VLHcrNfTpMV0B|https://lh3.googleusercontent.com/gps-cs-s/AG0ilSz6mHwMTDabiyYuNFa0cAcv62DZ4X2wXlt7xJwkNOF30me56l2jdqpqQRTxTi9pZvchLkuNKsN5FC_V6GDh2q0Oh5sDwXefAQ-n1ItY6MAJqzkGD5zudTAvHYidhje5zJT-GuxC|https://lh3.googleusercontent.com/gps-cs-s/AG0ilSy_-ozkoOhHnDVXoZsRUwgmJV8q0YLh3XKfn50gooeyzl6YplFf76JP1MK7s_kgfCsG7WFuVK-yeFdLGcPO8jUdhGT6UtJSzjMHk5Lf2yp-xaQAX4Vg80UVz3DQmpO5on3F2HJq|https://lh3.googleusercontent.com/gps-cs-s/AG0ilSxiBZbMJZNIEDwwAIC6nZe-k9LQWuuNPr0ShBGMTXp6smvo43uy6zc94r_S5YbGbsjHSog1CStY_QIQyLBC7UvbL9l8n8FVEJRjzG26X182Ycje6yKVAAmtqUpq8WUHytitBQNw|https://lh3.googleusercontent.com/gps-cs-s/AG0ilSwvVze4RZJwZMvIOqXBsiH2y02Q9QSJy_dpcLWk0Y5Xi0MNYmOOhsNcH3OqAJzXBrkszyg5LU7s8HbGttzcYnQ8BoH0Qk9NlYbTd2BedPFqFdx-zQai4BpZzidxSs7W8SVzdHpC|https://lh3.googleusercontent.com/gps-cs-s/AG0ilSw_8cf_2A5yesKfRX74UA7K_ptOGr8spjhfUOyB-ybeWREb7FgJUVV4HroL6vGNk2TEz_CD1jFDlmnjUAariCOwBTJ2y_C-mSNIYowlzuRZa1eeOhqdbqVWzXgDnWoKUJ2YiegY|https://lh3.googleusercontent.com/gps-cs-s/AG0ilSw132abYZB4er8gUBTM-WKi01zvsz0U8asSWfKiJ3KtRHSkUnHH5sSWLauLYyHYQPFyU7pxhzKogZHUwcQG7QjHHoI3oWGUt6peclWsS60bqVcR5yAqneVzPHNedhJkjbXhMQJye_L57x_k,0651-366927,N/A,https://lh3.googleusercontent.com/gps-cs-s/AG0ilSykIAHcScPy1dpqRjdZsEy_O8wbSlgq8UWL8afa7KoGN6xPuA8rdyCuRBpctpCCgDVanzV55kk8JdYFX4M3UONCat15X_6Njr8i6wf-rFp8QMq5w8Sp7ljhArVtIuICCouF1jws,The Most Beautiful
S'identifie comme géré par une femme,"6 Rue Al Ananas, Rabat 10000","4,3",https://lh3.googleusercontent.com/gps-cs-s/AG0ilSxo6ddlM5xaHd6eC0NHod4-9AY5kconWjr3HWs96HHkeLuB6IpnTHEK5MiZAevLkUPJJzDpkyQd4-0xV_2T-UtxPQNt_8oexTerBQAN_bIyYNVI195Ljsw52i6Bge1lnX4Iey60|https://lh3.googleusercontent.com/gps-cs-s/AG0ilSyRRLdpLxmk_mvY7Uc7JadDFyobw93459qsLIOFFTYXLR99CSSaVAtAbGwZLE5cN5W-nWepGo-UfHVQ1yjrtN1Wc3aQwi_7xoSZ83EEwLSuY5bdTg2bpjZkryBy2XjPA3FV3qMq|https://lh3.googleusercontent.com/gps-cs-s/AG0ilSxC5czWuElt2Kwnmc36enXbWdKjugqZkm1WPeTr7-jdD4IxYoVpj01Mq7K2JGGhCloK2GcPx1Z5Xmtno39RgQPE5srKUY86vyu3Ysh130f470qXtreIWKsKBf8Gq8zT7qGgPCSmWw|https://lh3.googleusercontent.com/gps-cs-s/AG0ilSws7R18FMhBG58bOsxNO7o4-9gcoqBXulYRpCT7ArvVm4XPkbalcUcqKvhU4jX7Vm53pMNAUmqAh7l2bjxcoLF58jyzkSBGBfGc8BSwaJUqtMcTHrz8KLLH33bMk98aPXMu_l0x|https://lh3.googleusercontent.com/gps-cs-s/AG0ilSzMuEUmDitsg75021XrxkOE5d6Eai2--aYczHb_42wPOxWWm335DFKK4Lgn6_yr5YJocEX-IPduFcD-nwdhjZ38Sfno3NLmi_Z6-wnDl6wlQ2IOjPH0YKlx4qmK46MO4U-pUnd3|https://lh3.googleusercontent.com/gps-cs-s/AG0ilSxsB8DIoIgrFe1UBzj8j4xIvG8zEaSyNGZeIfeq0mYKydvB8ct9gi8pkHqmPlEHHYvX-tY47vzOtbPyxLopaZXIlQnKK-sCwlBfwfhZusNJznjjczTdOT1EEgDxicEGhHsms8AqW8dIsWE|https://lh3.googleusercontent.com/gps-cs-s/AG0ilSxhUsxgC0RoOctnGfDxsPY3O9g5Ap3XlvI5knd9c362cJj8QpM0Zuiwd1PRmS3_XHd0u5RWQ3IH0LObnW3MreVtxWDypmRFY3m-_sdXSarp12L7OPNrjIeOabokKofqebQU5Ts|https://lh3.googleusercontent.com/p/AF1QipOBwbFpVqFA3OX8irugDFHfjPVkLYLoYnNZFCip,08085-51444,N/A,https://lh3.googleusercontent.com/gps-cs-s/AG0ilSxo6ddlM5xaHd6eC0NHod4-9AY5kconWjr3HWs96HHkeLuB6IpnTHEK5MiZAevLkUPJJzDpkyQd4-0xV_2T-UtxPQNt_8oexTerBQAN_bIyYNVI195Ljsw52i6Bge1lnX4Iey60,Le Salon
N/A,"N 71, Av rabat rue 05, Agadir 80000","4,1",https://lh3.googleusercontent.com/gps-cs-s/AG0ilSyyBjbFz3rZghlf7TKVw3JbTDm-2J2lZyMkhlMy6BQwJQr5Y4uF-LWlQiEbaTYHHTObQV20V9x9KyqC9QdV4aqg5TME46cUtzDTtVa928pNWIg5nKHylSc7jXkng4SZyGPmZQjnZQ|https://lh3.googleusercontent.com/gps-cs-s/AG0ilSyA-qo2Fi1eGhAPuxZCbnNTtmfSq8VOn1jfAL-7hBtoCOFkdOHBYEfOYVK4W6uBogzLxPBKHI5zmhZ2YmDfsj04t4p7yGcsxAdvYg6oNrLXM_t6WPzETosMfJo2Hr6lVZ0_0wSk|https://lh3.googleusercontent.com/gps-cs-s/AG0ilSwB7-bpwfwYy_xraMi_gNAjK_KS65atMx7LCz8wkOIdmoelfmyxMychmied-A8r9AIRAdCWLjx2NS7NuTuaR39BsT5Obgg_bp4sW8SouNu9os8bMcaqMLjjbLQfLm_bVMK4s5bbiQBm86nC|https://lh3.googleusercontent.com/gps-cs-s/AG0ilSwwJ4oA5rTuMLwxh3EEfPMVwGMY8p4TSg239TgSlwleeWE2h8qvcIbwRsgPGFydtq_Rg4GRp6GN1d-Bfsfzqij7Ks7Jl9aXOSpxtxUC2TTGimawQer3513knf_hKLjYlsDGy7Fr_NygMWY,05282-26616,N/A,https://lh3.googleusercontent.com/gps-cs-s/AG0ilSyyBjbFz3rZghlf7TKVw3JbTDm-2J2lZyMkhlMy6BQwJQr5Y4uF-LWlQiEbaTYHHTObQV20V9x9KyqC9QdV4aqg5TME46cUtzDTtVa928pNWIg5nKHylSc7jXkng4SZyGPmZQjnZQ,Jamila center
N/A,"Centre Commercial Riad, Rue Celosia, Rabat 10000","4,3",https://lh3.googleusercontent.com/p/AF1QipPwLGLWzmUDpbBAjBQG5Vtsm7MFQMmRj7Lbu38p|https://lh3.googleusercontent.com/p/AF1QipNXkN44fqFjOMQfjxbn_pv3l1IwWNLmIJd_pW2G|https://lh3.googleusercontent.com/gps-cs-s/AG0ilSxtzrCMzqA00j2UmQx4hUkUXql1CsmJKyqVlZUYuG0DmD7Lo_zNGbCOG2ICd2__NdZF3BjFpHeLe7breXUiB6COYhj4_lpAuz95r4bqY14UrliDocrH8tJMe_HhGwWu36WZLTk|https://lh3.googleusercontent.com/p/AF1QipNk--wQnQgj6yKy1aHS7iCElfaLIpnhnG66x1d4|https://lh3.googleusercontent.com/gps-cs-s/AG0ilSxOnzRb_YxhecZ4uhJHpU29XT2v0JaoNRTxBquCelPrpioQKEWFGqgttWb96b-WJMJoyjfvquvn47zEPX7XCyAnkM4TuSCPBQLIUoJD-tQNa94o2riLXUUpYLiqCbQb7QKXAtG6|https://lh3.googleusercontent.com/gps-cs-s/AG0ilSyP-Js-yeU7LweiIAJGZoetjT75lBKm8Licq5KRE5dJ6S6ME5z3R4zZHtVpWrN_ZBwUtdxuBzECAyttaJD67VSV63VucH69sre95DlDi4mmpWyr9YuEsBBouGlnDI1sBf0ZgnE|https://lh3.googleusercontent.com/gps-cs-s/AG0ilSykjmTAraAqrep61wL8Xyi_jwbLj0Lhgv6uVHnheizDta5HmvPOdp3ayC3PdtolBavh-Hckv5xMkmUtxg5-vOSCqaoAmzr38mUV1ntImxAN062GeeiID8oy4PvGG96e5iEyJbWu|https://lh3.googleusercontent.com/gps-cs-s/AG0ilSwFIGulDFg8mcBwcLWoVbMFdjjK_ul4evQj2GN-6w4Mma5uJm6N0nTkv3jZNzRI8gpSRyTNFvnizYrwVr4-k0IgyEZp6YVmNA0vmmwtX--rm8mugkk3GLXjeQ8oJG0G1L36pGFA61B_uRg|https://lh3.googleusercontent.com/p/AF1QipMLJhSYhRpnWSAAn3YW-HjXqv2BnVt_aSfYRd3j|https://lh3.googleusercontent.com/gps-cs-s/AG0ilSxStDgUTT0pvS2xJo5ZKo5sxfdhDKUUpMeP-OqczZqMF5bWoSUV_JddYlFnMJeDOP7dS6M4Yfgeq40jspJNXCY-_ayZ8N6ivV7MQbFtxAZRkSGRtIROSZ2p-U6eT-4mhblvdc_u|https://lh3.googleusercontent.com/p/AF1QipOdoPWc8EV8IDPvmCS_ZM8nmBrQodliMLXL1BWP|https://lh3.googleusercontent.com/p/AF1QipNJlgpmtReDPdV4YLVkuIckppQRqL_OmF53h6Mi|https://lh3.googleusercontent.com/p/AF1QipMXya9sF6H3fWhglzRC47jP0_KHJVQQ4A_O1bgE|https://lh3.googleusercontent.com/p/AF1QipNcE8XmDqsxhnblqHb597-FfH4JG2aokmjGEDlT|https://lh3.googleusercontent.com/p/AF1QipMar9h5sbopRPE9tlrUO1LJw6QPZ2IaTFX_3q_E|https://lh3.googleusercontent.com/p/AF1QipMISSlGZKxq8b53xd5V9u0mPVjmD2NdYg0i-42d|https://lh3.googleusercontent.com/p/AF1QipMsnA70hVcIhQv0Q519X46L9MRbH9oHE3rB_qln,05377-17134,N/A,https://lh3.googleusercontent.com/p/AF1QipPwLGLWzmUDpbBAjBQG5Vtsm7MFQMmRj7Lbu38p,Muse Beauty Concept
N/A,"Av. Ouzguita, Rabat",N/A,https://lh3.googleusercontent.com/gps-cs-s/AG0ilSxgG1wNS-NH6Yv3I8GWW00tiMwGAt8qEh2JXwMMonnxSoLy80Sw3-KfBJFQ6fcoeeBf1PjPiLIAnGeceLNprE_gn9Djdz6S9GTYDthMKwXCvklxGeAj7N-90OFlFGEQ6njkVvbmog,0670-148466,N/A,https://lh3.googleusercontent.com/gps-cs-s/AG0ilSxgG1wNS-NH6Yv3I8GWW00tiMwGAt8qEh2JXwMMonnxSoLy80Sw3-KfBJFQ6fcoeeBf1PjPiLIAnGeceLNprE_gn9Djdz6S9GTYDthMKwXCvklxGeAj7N-90OFlFGEQ6njkVvbmog,Salon Hakim Rabat
N/A,"40 Av. 16 Novembre, Rabat","4,8",https://lh3.googleusercontent.com/gps-cs-s/AG0ilSyAhDKCsCLsoQWTRRapgzPdscbReTy7WMI7CRr4fq7J-vE5xSyHvspQlG1UyayiC6Gb4-Ipsk8mp5nLnjLYXp4pIEtDu7vNPeFk98HE6xWnK28E6WpJcnn0-lzdkBP1SLhKFg6a|https://lh3.googleusercontent.com/gps-cs-s/AG0ilSzap3h4zGZgY6l88ObfR0S19LoTHcUgJglzcZoZYprA6GnsBxaJwNgPp5_AYMwfjJWDZTb1KwKTymlLd0f7mxGr2Py1vwoQIFy9nFRJGQ2C1GfA-U73LOPXzJi3KICc4rozJtw|https://lh3.googleusercontent.com/gps-cs-s/AG0ilSxU_GM_84kD1KVRh7EG5bK0cF4N-CVFDLFB7MrJxgSUN8DN236dmMOdbZoAlQ3SdqtEG9g-hflc7pY-eVC_NwUeX-vZ_K2Hx5PpQeFnMlHR3-UK_vdZxMtAqxicwPr_0zqqq4FxLg|https://lh3.googleusercontent.com/gps-cs-s/AG0ilSyf4FxkHxMGJ8DVOh-W7HrDlSc4uVWvztI-8VgGGs6aww2WyfMPpjLWk0zxc0sxyZl70YQEDnjzrNfscvPEu8a6K3kZsreVaO6_QhTZe4OG1JfcShUcQRYtHux4gTrloNVVR2jm,05376-70167,N/A,https://lh3.googleusercontent.com/gps-cs-s/AG0ilSyAhDKCsCLsoQWTRRapgzPdscbReTy7WMI7CRr4fq7J-vE5xSyHvspQlG1UyayiC6Gb4-Ipsk8mp5nLnjLYXp4pIEtDu7vNPeFk98HE6xWnK28E6WpJcnn0-lzdkBP1SLhKFg6a,CHII Oxy Spa
N/A,"17 Rue al Mourabitine, Rabat 10110","4,1",https://lh3.googleusercontent.com/gps-cs-s/AG0ilSwMjEYdVl7QkJJddRNhsUPjWBMqrJQmj_x1YxFoGYrOZpo3moHTl3nCotHjdPAEHxPLjAFy8QGXd43-0_pLvF9g2NDdA3ilRes5QJfnObDFzUjKxSmG5O3WJTvUOCfexD0CMK4u|https://lh3.googleusercontent.com/gps-cs-s/AG0ilSzu0HFok7Ta8n0xeBf_ePmtMt0PiF8_DLcOYoPnMRBFC_CNQIwy5gcd0s3jjt0mMurgUPdLyW_wspQuUoCbfmxTZblOi6KaQVksr-FKoUxBYRFVvYFHjq7WiCtam3_ZyoHCY6Nx|https://lh3.googleusercontent.com/gps-cs-s/AG0ilSy0WovE51BddI3vrLHWhcozuV3xtTcibU9eihv6-I7jQVN1VovUckV-si3MeqTEHmw9-geqp0EUCWiieKZRDnnLAilxujLUCruf16MyVL4DWDMjJAWl-WlntFcpFrRVULLJrXxl|https://lh3.googleusercontent.com/gps-cs-s/AG0ilSy_e7NQha6K6Exs9q5Nql6Ws22-KMQmnWAS79jGGEUD1uFRLSYa9uO4Tscfbfi-fMnA_0U35t-lx1C44qJyt92RxMrRjIMaioPCE1qm6AcG7ZMCMcC2Zxz3SqlJ8bvEErZht1Zj|https://lh3.googleusercontent.com/gps-cs-s/AG0ilSwz0fZVu8x9T-NQIY5CyihUTmt7vQ3afqbo5qQvCM_ZRxhY0jwj8wVdbkIR_B7_nFwoIAA1xRvuP7GroKLS3jX6qf1KpdXyzVMokfjpAKdTbFcRADpazPrgNLGL1wdwTXslDrl_jliPEahm|https://lh3.googleusercontent.com/gps-cs-s/AG0ilSz34DGfQbpvviSRM1_FMV7GGHm5YvH1jRFoJ81lbs_iK3XucQSwiaGWX01hRxDUN6V7SkRXM3VEgql7irH8KDp_FkrCsZEN4VjnQtNbRGskHCvGGZxmNa5vxcET3C0ZHj44VuSdQEmK32OS|https://lh3.googleusercontent.com/gps-cs-s/AG0ilSwM7Sq4Q7s1dxS-rje_556G7wQNm-HmZ0WEZaDJvCkYBOq72oeK5S1JVPFjjIDir8sSXb-tX26080eUlFM88celnT-Hv1d3OHFBmd8b98iKCgYW-0ccjwbpq2mt7nD8Bq-ZkHQwOSWv21Dx|https://lh3.googleusercontent.com/gps-cs-s/AG0ilSxs7LOhvZAJNXf3RVAxQpp4fB3rGjU2nUKJ4dUwe89JqEOLvfMhREGaWnc894MPepe7JcAntA8Pr1gtKsNP1EO2CMptBPy6V_DrjeQq80nbfP3OjmeiSSsAmXy4i0RQKvNPppYc_-P4nlCs|https://lh3.googleusercontent.com/gps-cs-s/AG0ilSymsrsLv_Bw-vn2BGnmDZTJgCNtGkx3McR1gY0hrggIvEnNeruaNWWcdvFIBtyUP0iB0Vh2yQXNwXMyrwsJzVn5HMr6LL-egs1sVieVZslzHSvo33-dZTVRcDoR0MEWZZ6l7cuo|https://lh3.googleusercontent.com/gps-cs-s/AG0ilSzFnX2xMpaUWF3z1Z0L2YTdxfglKU_4eho_cRItoqnd7p2yfHQ17X-Kl3jeUGPtdJmand6vkV0srSTNNGfI8xjRYzzNksdbuuC0Uv6yZegT9N3mdrjpUCJ-ZPxhXLS7sy1oLB_C,05377-06638,http://www.heritage.ma/,https://lh3.googleusercontent.com/gps-cs-s/AG0ilSwMjEYdVl7QkJJddRNhsUPjWBMqrJQmj_x1YxFoGYrOZpo3moHTl3nCotHjdPAEHxPLjAFy8QGXd43-0_pLvF9g2NDdA3ilRes5QJfnObDFzUjKxSmG5O3WJTvUOCfexD0CMK4u,Heritage
S'identifie comme géré par une femme,"Marjane city center, Angle avenue el Melia et, Rue Meziata, Rabat","4,6",https://lh3.googleusercontent.com/p/AF1QipMS66Le5456-0Prf5q0HJew03j4EIU-DvwHmdlB|https://lh3.googleusercontent.com/p/AF1QipPWYJT4VUlTl8YJAuu8jOkoXUI3HWgoBtTVn_3B|https://lh3.googleusercontent.com/p/AF1QipMDavtJ0tRob_DIyySFKcpClyc3i2ZSaiwcNZ2r|https://lh3.googleusercontent.com/p/AF1QipPfWwlZjSheqTxctxCjK08sRnVzvTSbVt_WnNAf|https://lh3.googleusercontent.com/gps-cs-s/AG0ilSyll2cc_ZSK43lpvbeU9uzWD9AjNcw9doTVoFK7mfMNQ3lH7Zx02H4BSH9XxeFIA7vUi3wo20gvL7x3VC983xtWqtOTwY-8-fwGUjCqkmICei0-qpaiM2MOju-BNfL5R8dgv44y|https://lh3.googleusercontent.com/gps-cs-s/AG0ilSzSFJE8BjifWZsbDuSk8mybpv3K4X3q0KAhnQZ300N4MIpnFqe6DufvgQgHE6uqGlK3vb2ByJJL_dw821VHEMTWScQQYh-ZJHRzcUDgJWGOGaDpryNC6HQ70qgnegAM8dVjd_U|https://lh3.googleusercontent.com/gps-cs-s/AG0ilSxDWNluu7dy45vbOU4Pb8Qx1kn3LHHjkrtV7lTlyYPIuS-Ai2OXF5ky88miKiTfy4NEJBeO0ru_pOsP4hN1BEEw5uU6ELP1p3_5pi4ySgZW40e6sH4pGnlkCL8gKkOgQBjBjZuB|https://lh3.googleusercontent.com/gps-cs-s/AG0ilSwqGbo2l4fsPrzRGmxx7oHUkiuR2nZwVTh8cHFDn2fq6gb2q81ZJBYpXpHqV8vl4FTyA-8Dtt5jrB9im5ifeAnCmjIkqcNMFriEjIDnqCK-rDv3-ssUmm5tyiZdQ4WTbXY0clTVfW--RBwS|https://lh3.googleusercontent.com/gps-cs-s/AG0ilSxhVASZxwN3SNkek3wBbt1z9RT9-K7popQ6g_Af4mbfsKcXWDeVIhVb80mSw-dnaE4nc995KtJqITGu-NhYCCHKIOYFJao-zpcRTh5LAVwb4PyCDk6ojdnfR-Diws3YjrIK8daN1g|https://lh3.googleusercontent.com/p/AF1QipNHzv1U0Iqqedi8z1Gw8Mwpk9BtKdQd1AHDQJ1q|https://lh3.googleusercontent.com/gps-cs-s/AG0ilSxb6ca0MnVdyQuq-5rl_C2eTiMZ41bxPLKRK4IhN8GhOycBNCDnLaCx665944mL92ttUgSI-yRMshnxiew0W0IC7D9nPgJ4uFnTVye_0-KyMbgwVBQtHzebtV3aB5bJuWx6lx0|https://lh3.googleusercontent.com/gps-cs-s/AG0ilSxH3uNRuWbn9Zr-CWzHAFAeBUibnNiDQyJ17BQQqaWkhNE6H-oFcfXK4lFE51EKH3DZLwQif2UO16P65eyqtkPk-Kmcz38SGZe-i1sqDaNE5YG3DG6Ig9Cx5wL2UVPDD309Fu5rdQ|https://lh3.googleusercontent.com/gps-cs-s/AG0ilSzc67HaR7jcpYmJU07yeanJkUrzaRE7zLbMEpZAuplxgXeh6XseV9xAsn7DbdnKxfLkABk9KMG8jQ62OOeYRntjrXnjNCK9ukoFeVfoC7JLQZKgSpMf8SynKKg91wD3pWACKLg|https://lh3.googleusercontent.com/p/AF1QipOIQ9c-lLtcvIG6JcQlmVsxZqlXYQUc0TtcnstK|https://lh3.googleusercontent.com/p/AF1QipP5E8VICJSrLUJU2NLg_NZ2plDEwi7PLbY5AYTl|https://lh3.googleusercontent.com/p/AF1QipPeXrqNW_p26jlm7rKQ4bwX2i4HB6kEYLI48zLV|https://lh3.googleusercontent.com/p/AF1QipPnovziAFjH51rOJ8lyxCOGJ576hCEMyHwCmO-t|https://lh3.googleusercontent.com/gps-cs-s/AG0ilSxijgDI2kAZDjZEj6-6D9pN0gmBNzrVa1mZmoZB5SsXSLq3SGU48XNiD5T_VJiw4gpK4DDpXxWsSHHXQdB6QZ1LkZjvZZtKMl-t9TC5FGaMHwFap1oP_XpePFYa0BIiQEKx_P4Y|https://lh3.googleusercontent.com/gps-cs-s/AG0ilSxWbgMGn1pXJnK8bmld_LcOzyofEpcEW96xcAB2fZorRcKPtlFmmQW7TOkIz4h8QRZVjjvD2t6ylIZYk7DtgGkupkkTcD3-IajrO7MKTtc1po9WTvYyGhqechHfj6La_7FqhWwB|https://lh3.googleusercontent.com/gps-cs-s/AG0ilSzUDcRymHOD_SqlbXxABR8axWOofteTWknH6x3ZzVd7acgvGm3fscPtgByxThZBSVCmS8UMY8dQHhUOWJCvMxL47kAw2sJ_EXZvv3xuUeiDMkmqFrzEol9wg5aDQvKt0SUUa7t6kg,0666-606086,https://www.solyana.ma/,https://lh3.googleusercontent.com/p/AF1QipMS66Le5456-0Prf5q0HJew03j4EIU-DvwHmdlB,Solyana - Maison de beauté - Salon de coiffure
N/A,"40 Av. Patrice Lumumba, Rabat 10000","4,5",https://lh3.googleusercontent.com/p/AF1QipP-lAatj0xytjMF1YqUNgqQi3mDCkWpcPBdd5VR|https://lh3.googleusercontent.com/gps-cs-s/AG0ilSwX-ijacYJtNG7p8k8tRtQvyvjF9Bp6-WG_iCu56R-NqPtB0PT8aHjLGwD97I0BwrMH0TwdaPMPpPLHxFObV92r5TXA4n9GZdrecR73cirCUMO5m48iA5PkipRHB_exjmNmAlg|https://lh3.googleusercontent.com/gps-cs-s/AG0ilSzTJRngXiICW92Akuude91C-lejr6QzK-4q_8LixJIjpfjR0liTYMCnYLi1qpIZhYS9AFZPSMH-GJffZwegpyewk-zABByWxUKP4T7l7YObtIMjVXGbAgqUjqfZ_obVLwvNoho|https://lh3.googleusercontent.com/gps-cs-s/AG0ilSxoF4LNEaKf9PCGvDSgrPvmLsI7B4f2ywqKrMFlaoutEN4WxW1YA5_p0h2WOMvP-HKt80O45NDqRfwUAoLr1Jnlc54sCMSrqrNfxo4g5610RXhPqc5NE0lZ0xF4vswRqiAGh-A|https://lh3.googleusercontent.com/gps-cs-s/AG0ilSzMtQu-Rm5On28riHps-c3NvBEPwldkhwOIbWyDotKYl6jIgVZKAPdG55KI-Ws8ZnM-fY7ijyCfKee-S9-pIeCJ49HAsup6LB3cwNXZQI8qt2qYrvvplon2UYI8-d2FcqwXb-Q5|https://lh3.googleusercontent.com/gps-cs-s/AG0ilSxaVaQQTKBCwPsIyAFq94wny9aCQaVRD5uyFDIx_P_Om7VZ-BDChDzFhgCndSHGDssjylWngwPNKkl6oDQEFLYQV56WCLaJoqRV2umvpUzfOmSGgWj4Wy9MgnDtDSAYAK4gdpRv|https://lh3.googleusercontent.com/gps-cs-s/AG0ilSzhexugHfjJPtL2vk2vmfhneFodDZAAq0CNI-ugusoFFA-g5U00x7cS_vsfa0NQAcNlmCy62DM5AK9rLxGFu_JN-ygea8dtDQ6IhMsMm62IR8NTphH8z43x2IZmy2TI5ZCHbBydYA|https://lh3.googleusercontent.com/gps-cs-s/AG0ilSxQKdI2EycMZfFW3RxXY2--VszrOYIO6bBsZoMfpuuKzyh2zl2ItftTEq_Ebq3OAYMOPG5WEEYRnS9qTmhKH50GFZqSq5-cOFAh42EoQLDg9xmaU1wEMCr0bXJlULhEGhYT0VE|https://lh3.googleusercontent.com/p/AF1QipM9HTjnOab-Jvu4EjKeVV0roT4DnVc96qf9g6Hk|https://lh3.googleusercontent.com/gps-cs-s/AG0ilSw4k1pd8u36F0R_RQE9BK_Z75vJSuAongtBTFnUkZZ9d2j_0-CT7veBddtdkAeK0cJWg2HLUklNsY4oQiTtXYTIqePTYGiH1Ntv6yJOqSVJYRIwfQeEtp1iaJbesGmrrwPfuThvrg|https://lh3.googleusercontent.com/gps-cs-s/AG0ilSxBwY2f-lS3ZnhmOUMsrcoFt-hAoJqlls_LMQG16xs5oE6bMgR6QFKNWIKFOIvItJKvh9fyZOnoPQZv9GOQW-PjYaLKRMXDyCx72C7Fu73-GXy_WRZ9WepOTmp2R6W2OEv8wggXbg,05372-01140,https://linktr.ee/Space_Coiff,https://lh3.googleusercontent.com/p/AF1QipP-lAatj0xytjMF1YqUNgqQi3mDCkWpcPBdd5VR,Space Coiff
Situé dans : jiwar et produits de beauté,N/A,"4,5",https://lh3.googleusercontent.com/gps-cs-s/AG0ilSyifYSJKlDaqgAn9WMUsnOh-eLdmRePQafAIhFqQIhOftrDk__0NbA8UGbKytfnuaDLdHg_3766fD1YtzQZLcd2DNTfH6M0rfPPCpzxE3ZlI-NdFMl48oN_6bArIqimpQg2qmX7UA|https://lh3.googleusercontent.com/gps-cs-s/AG0ilSyiiP-Dx0KX2wlOwhEAl9NnqlIABCfQpQMw-benBUkAqCfAA8QmCNNI7y1VLXUq0-Q2wbMRGmQi-OKaERtti5tfJsnCpNlfS50B1XDXdZkIVpWtbbPkxoDZrIvOUeqDtRu9CV17|https://lh3.googleusercontent.com/gps-cs-s/AG0ilSwbvp0qHqu354aSn5mPzggQqS0nlzvDdELLblk0hm8aM2x36QJXk3uPlVHyBpODAmMR1gF4hSiIUZm3WF4BmA-diKvOcNwmjy5YvOC0qwxTzz0pI4Gg3bXBUA5VZj1YRohbA3M5|https://lh3.googleusercontent.com/gps-cs-s/AG0ilSzVV1Cybeu1VsLfRUpl1XRjtcmsM9kg61Uadlzoo5IyUkGhjz42-X0LYACXZ3ZYzJljd3i6MWdXank6rCAkc1SjBCNApIidxZlBLyU7Cdv8VjJIJzL8PscyECSKEnJkftASlj-lyQ|https://lh3.googleusercontent.com/gps-cs-s/AG0ilSybH0sIoX1Jc1BXXtslwvIyTGu6vG59jsK37Zh8An_xS_rBRAKs26xtO-M8zIGN22VgHzn0oO5b4tgxfjWV0zcTZRqf8MU8gZsypKQ_JBxg89QSqCNU8nO4hlYx0HtXATQ2pHNB,0627-314967,N/A,https://lh3.googleusercontent.com/gps-cs-s/AG0ilSyifYSJKlDaqgAn9WMUsnOh-eLdmRePQafAIhFqQIhOftrDk__0NbA8UGbKytfnuaDLdHg_3766fD1YtzQZLcd2DNTfH6M0rfPPCpzxE3ZlI-NdFMl48oN_6bArIqimpQg2qmX7UA,salon Arabesque
N/A,"Galerie atlas، 60,Rue okeimeden، Angle Av. Michlifen, Rabat 10080","4,0",https://lh3.googleusercontent.com/p/AF1QipPBwmXyE8pgSzjtQaVDmulPYiZsMrYdskWy7ebg|https://lh3.googleusercontent.com/p/AF1QipN1nFxKctC1sDt9KBpIgnTjGlSII-X78xTfnrxx|https://lh3.googleusercontent.com/p/AF1QipPn2-s1rnXnN7pfozE-tz2NZjRplkACIlyGyMB8|https://lh3.googleusercontent.com/p/AF1QipM5SOBaVPg8bIdCll56VcL9CJXwtYB9eaGspCoo|https://lh3.googleusercontent.com/p/AF1QipNyJbQ54hPp_ytfShblA2CNZvqZld4_ZaK9PueY|https://lh3.googleusercontent.com/p/AF1QipM5SnQ3TqsOZuvFkvUQSm_yaAW4LVOrG1h1FNWe|https://lh3.googleusercontent.com/p/AF1QipOS4x3Z8VGaBoKMQLK0hwMF6_ycKkaOcN5szu61|https://lh3.googleusercontent.com/p/AF1QipOlUQeVlqVmAusyzQ5xL0RcPnfb344_nxLWtN79,0634-539460,N/A,https://lh3.googleusercontent.com/p/AF1QipPBwmXyE8pgSzjtQaVDmulPYiZsMrYdskWy7ebg,Glamour Extension Hair Rabat
Situé dans : Ryad Square Shopping Center,"X532+R89, Centre commercial Ryad Square. Rocade urbaine, Rabat 10000","4,0",,05377-50395,N/A,N/A,Baya Maison de Beauté
N/A,N/A,"4,6",https://lh3.googleusercontent.com/p/AF1QipORLN7ikhPmHrhEH6TfrVJ9h6JXyODfC_nFX-mB|https://lh3.googleusercontent.com/p/AF1QipPYoHzRt8st3uWHOzpNGGN4p71yW0uMW8O-BHTr|https://lh3.googleusercontent.com/p/AF1QipPtq0lDdCPgVXJmRLBUQsRhHX3tcHfgsEtRV0jA|https://lh3.googleusercontent.com/p/AF1QipNGPOsrBQ3yRQdTU1jgh1jaINrj7xw1-FAwZJ12|https://lh3.googleusercontent.com/p/AF1QipOiiGBYyhEIVi_6WFQb3zdQAhr_s6sTtH7598dc|https://lh3.googleusercontent.com/p/AF1QipNcSQiKfNgO3C7yQQRTasxeLImmBEOhTPc9E-DP|https://lh3.googleusercontent.com/p/AF1QipMCq6Mjxa8JNzBy0nXq63MPn-_HNWTWuU4VriKE|https://lh3.googleusercontent.com/p/AF1QipMiSuB5fLSUzXx5GBbgs8p2WIfYOjG6l5mvHbaa|https://lh3.googleusercontent.com/p/AF1QipMtG-I4g36kuHlHWP1yx4KuUNIthU33nvk2MQ0A|https://lh3.googleusercontent.com/gps-cs-s/AG0ilSyWTapw_wytmtEE0rU3CcjkK5tnZcCWZn2LP_CwwnNRLZknGtfrUqu8heGXrkWHfQYEQb199tAlZbwO22kJr_Wg-3JA2-2lcXandNjZ6wzzQsiTLrWxS7m7LAXCXxz4e7-JIfw|https://lh3.googleusercontent.com/p/AF1QipMeotJGDRi_W4-OGBz9SAzF77zpNUYzt2PGhnye|https://lh3.googleusercontent.com/p/AF1QipM31l2urN2_HZ9nlJRMkoCCwjBkthBWkLW24Uvk|https://lh3.googleusercontent.com/p/AF1QipMwfFQi7_5aKfC8gpeGm2wR2zgkSzUqCKpL7w1y|https://lh3.googleusercontent.com/p/AF1QipMcS22xdFAgCQtCZsEQmFJSdMFtRDwkpaLHfWF0|https://lh3.googleusercontent.com/p/AF1QipNcsyUerqtiA2dYaX3ahmO8jVkTI-Ijx2VjZpNv|https://lh3.googleusercontent.com/p/AF1QipOOY2lvadjg4zOX-c4gcgMYgfWcnmRUqJ1Z6Qxw|https://lh3.googleusercontent.com/p/AF1QipPRReTqy953wHG_INwiVI7ekU56oAzKal9ejHf-|https://lh3.googleusercontent.com/p/AF1QipPdgUUxWwaANqRLPwYpNnHx85K7LoUZ9esFPt9C|https://lh3.googleusercontent.com/p/AF1QipO3Vz_OGGOHIkMg9guyJmEd1Nh_ZwLFwtpTIlN6|https://lh3.googleusercontent.com/p/AF1QipMAHD1xxeL2pHo25GBPaECg9PzEcvJJyY0TJ1mg,N/A,https://www.facebook.com/ZAKANEcoiffurerabat/,https://lh3.googleusercontent.com/p/AF1QipORLN7ikhPmHrhEH6TfrVJ9h6JXyODfC_nFX-mB,Family coiffure Pro
S'identifie comme géré par une femme,"15 Rue Ghafsa, Rabat","4,2",https://lh3.googleusercontent.com/gps-cs-s/AG0ilSyiP_Q1VqMt9dWlpUDE8ahi2Mb4GSUTUwU78176DkgtLFLJmDyh8od02ScUm3A7pxrV9IH4BCpxOniKD6Z4yjlfzvDihPuJxyOtn22Mdmutbo0A29ze9LUYuzcbbJKzciEBJpqMog|https://lh3.googleusercontent.com/p/AF1QipOn9Y12CFOsQD2CI6bCnnWrU_OPS303naipdCaH|https://lh3.googleusercontent.com/gps-cs-s/AG0ilSxRNpYsuoTZhpRIm0lRZHzw23u8PM092ISMaJFqoWYz6BKLQUDPbfnN1QDBXVk0FMybeXHk63Y3GIWJM9RJAEIk1UjmFSbuFroFblk2yQVwGQLPcc2ueYAfKYtinjcT92J2Kt1e|https://lh3.googleusercontent.com/p/AF1QipPLQ7HAszcr4s2E8_pxZ8m8WiDKwLc8LEgDuRG_|https://lh3.googleusercontent.com/gps-cs-s/AG0ilSzFUaj7rPEwLYTU2DWG8Doa7hDFXht63EAGHNo_vnGqTzvCGWiMs_rdB8UNspHhbJjI6FiKpduIq4Ychs0t67E_6PD2rPCXfI6DhCCQ_dDay2rWuMa4i6jJowXtj8nD6mkjRG7g|https://lh3.googleusercontent.com/gps-cs-s/AG0ilSwwBetLGKf1bhVYAZDX7ijSINLDLgBoPObcUdC7swq6ZrB2ZEUSSm9kSmxTJXItXzE0kuOw1lb1ZEIoqJ2kBJS8Xr3AZZdnn7LaQQFq-6wjgESSa2wr7DGzPSk9Rq58cmnQzI-z|https://lh3.googleusercontent.com/gps-cs-s/AG0ilSzXBcD5tt5mBVDHCW3vRP0RU6bh1AeAGYdl_R7mWzxc8ZcvOkRN3NcAkmkcgvmcFB8RTxZHs8LeBT6nJk5gU72hjCQyB7R6Klh1rfXOGkCUpQpGDSE8i8JHzBkXupFJ6MICEWkWjA|https://lh3.googleusercontent.com/gps-cs-s/AG0ilSzmGbhPdvB222Y1XV4kjrzetqGvizUqXYw0OOyqOhv6BDIm6CHlOGzpG3VJ7gURSvW-7LBu5IVavrREdNYb3x4rHTAOzt0sP1wQg8JbP_8I7-wAHZsooPEE0NN2vBV7RyDY3c-H|https://lh3.googleusercontent.com/gps-cs-s/AG0ilSyC89yXQqoESyharIgMytNvxP0hmqqZPU0fUFFxxmnkreSnQ8cRNZBrNRkdcr-ivJXKYf72KpzeY6YmLwH6F2Se1GUDrlAZXldp-S0WpL4NasBAoHhfO2n3bO95Neb8qd3MoopQpA|https://lh3.googleusercontent.com/p/AF1QipNLeScLTtIrMTGeNnA3_QkC87kKLyNmcfF3lF9I|https://lh3.googleusercontent.com/p/AF1QipOeFpizYSfptchTDKboxM16PSp6VacquTiBY4b4|https://lh3.googleusercontent.com/p/AF1QipN76g-kjlP_tnJzZ3TciLmdVtOtz7ihKlQiCMKA|https://lh3.googleusercontent.com/p/AF1QipNg34CMhprH-YDoNztwXtdSGozlWA0q-SP9OaYr|https://lh3.googleusercontent.com/p/AF1QipPG3iCKrj2KeNnLIlHjp3OlQG5UoEZc88SpRyuZ|https://lh3.googleusercontent.com/p/AF1QipOWsN1sjklW_R_LwdFeO3N61H_MbTbNdkD0unRX,0607-095088,http://glamcornermaroc.com/,https://lh3.googleusercontent.com/gps-cs-s/AG0ilSyiP_Q1VqMt9dWlpUDE8ahi2Mb4GSUTUwU78176DkgtLFLJmDyh8od02ScUm3A7pxrV9IH4BCpxOniKD6Z4yjlfzvDihPuJxyOtn22Mdmutbo0A29ze9LUYuzcbbJKzciEBJpqMog,Glam Corner Hassan
N/A,"49, Rue Oued tansift, Appt 2, Rabat Agdal, Rabat 10000",N/A,,05376-82202,https://reservation.salonzenmaroc.com/,N/A,Salon Zen Abtal
N/A,"numéro 2 Appartement 39, résidence nezha, Angle, Avenue, Mohamed, Benabdallah et, angle Rue Rais Marcil, Rabat 10005",N/A,,0693-880095,https://www.instagram.com/ishak_the_magic_hands,N/A,Ishak bernichi
N/A,"Av. Al Haour, Rabat","3,8",https://lh3.googleusercontent.com/gps-cs-s/AG0ilSyLJZTR3lB4rzSt_OQ67OTET9fWEGBOqLCF7YZ2S_eyNMuJATPUxFOlWWinu8fjI7W7Yy3gjuMTSoZEWRqNVrcOHQU1n8zZEkBJkb2GkflNzn5N4UkJAsMHpqXnF72pfNOAF0HY|https://lh3.googleusercontent.com/gps-cs-s/AG0ilSyhHV2BQMta-rSxL--OE2aLcjanszw0Ak6hdDZDXebVqJboXjlSOAfzNv4V713L45EUhz-F5QQ6LFtXxscS_FOObZ_5RCBT8G4LNZEnUsnELOsLwAmisS6svHOIU180Qwumy9FrQw|https://lh3.googleusercontent.com/gps-cs-s/AG0ilSzdLlGe13uXM20HLSJ7NLa6Empjm6q4sxxjgCEhaTRDVsaW4bUhphdBMB9le8vNrhK1hkkqAuOQjAyTurFOxcdroaML1zsHmCmA3ZIGJh5xxY8IIZbnC1R80UO8iUZucQ1Px_Ju|https://lh3.googleusercontent.com/gps-cs-s/AG0ilSyHIaGOZ2oU6R2aQnoh3SSMR5nWbRSUut6E1A1mwEevY2YA5QBJhsDfPwTiaoiFuqjkbb8jJldwNyuF23_HIEDqlzLWDcaEH5Hel3UBGcjuTJfaiG2Qf2lcP8--i1lQEJoPuTE0|https://lh3.googleusercontent.com/gps-cs-s/AG0ilSwEbmaRf2028JvumCsN6e2_bh3T6qmPEzkF_2OfRxL-Ed3u_dVENSSAJyHXqYJLFGAdrAGMFkQcfEr4QjXUoX8vPyB_GF-6cNP8V6N_5EknsLufRLY1bv6JikjSo2jwXJkV82ce0g|https://lh3.googleusercontent.com/gps-cs-s/AG0ilSyWhUAmfi4GiEHezlV3Mp431_AfNdldaS9I7grS02v4Bc0Kbs5cG9T8ihYefNY45ELqZnWmCd3SJfetsdCR2ADYEl5oFGAkrPwckHJYL_x6WiPshISaKReWIiD2JEoNU_ys8pxP|https://lh3.googleusercontent.com/gps-cs-s/AG0ilSyuujrK1HssCMNIrRD_icIxIFQV6k_X45nQHsEEv3OmVW4JQJ-Ej9GXWbBndinvdfHPXbNQG0yaEO9f_nl9z8PB1xddeB7gBJWB2emd8wdsHGQ_fVvCdtCDsyGz6UCiMMozUi3s|https://lh3.googleusercontent.com/gps-cs-s/AG0ilSwL0GKqpc4VrpK50Ndi3SNkis96IDWRhc0ZD_M__I50-270xxxCTPtm53BArAV19ZApaYTw4rszzTr4YWqeaJhTbsOdM_zokD9os3piMQc2l0QTIY5eqKf5ylrQP8IzS4AOdlpgIA|https://lh3.googleusercontent.com/gps-cs-s/AG0ilSyqYq5ywe8SS-sgHEYUYJ1BSnfHGKF7qHm3S8LRfsI-EbKl9IxyUdHuNqBNxvNRUKhvpWoH679hx1xyCcYHj4n7he9kJd33jX8jYupxWsj82QxjbUqNBjfenHerMIPpoluUXVYpkQ|https://lh3.googleusercontent.com/gps-cs-s/AG0ilSxTYP8Gb7e3jjJTK-xMBJRFBjlz7iTrj0Lvu705nCgHVZahMZy3Ug2203bvClk2P6HwcftY6YcWFXksaGxM7EPGsFQJ_QheXp00NmS3sPwVAtkk_Ot2O19-rmLivy_KMhpZImtcwA|https://lh3.googleusercontent.com/gps-cs-s/AG0ilSwY-eK9pe6AvEJk4qCi40nH-mCifxzVZm9ZedAa_s04CfaXNGe9kEGv44DNyv79fVlnUBXx394RsOApMbLsQJ5lfXpcXLDoYNMrQmz4TAvBZO4OQ1-ffYs9SUNb6qW1aQhorGT0LA|https://lh3.googleusercontent.com/gps-cs-s/AG0ilSz3ouMI5i9ADbBmwp8m9bJ3et2XCiHN2dJAQ0F-2QVYVaEL2i0WVOQzvhn6BUrQMDcLub9N5DlGZSXD7iAzkX4HS5Y-tjF8BzYuzCd7R5IT1R_aqabS7jbm7NE2T5I5q0-62EWR|https://lh3.googleusercontent.com/gps-cs-s/AG0ilSxAIz2EMtdqy1BwUZyJHEaLzHYRw3tV0QYSZ51RsWbXB7ngB43H0Wtwm-QGRp1GoD3kKW6aGXaaDsxdDJmP-cr_JmqF5HwTD49K-otpS1oa9Od0M1rGP-8fh4dzYz1KrIowcP4Q|https://lh3.googleusercontent.com/gps-cs-s/AG0ilSy1xDgAqX6Z0px5iesksAGGqQ2chG5nuCdWsVHs5Zn3MwwnxKYaWCZp27zRrZM_D7sWqgPM3_Itm3s7vnquPiVlCY0g3fDfXZIpOJhNBl-SSBicPjQjvE0ZzEj2KyasTnfBcXY|https://lh3.googleusercontent.com/gps-cs-s/AG0ilSz3bTakxcs6a1FAGHvp_63pS9rPej4KTWSv7ef3eyMdWXdo10f9WMFdx-w8EoKX041uEbtVYCzSZYZBb5w8c1B9NYPrvWBFHPU5NnkFr8tJd5wWk_stO7Xgu4uIqTs9TgAQquAj3A|https://lh3.googleusercontent.com/gps-cs-s/AG0ilSyqDNgc52ZfLz4yxz5m7FIgSJiAhdd6bBah_vBzCYy0VfHz8ooPNbYBgzU7JvmkcANK2eykr8LATFC2XCPReaBc1Sq4jr-2uNrmyFNCC_sHnbxnNe53VrRZAeJdGj2wla2uReVs,05375-76060,N/A,https://lh3.googleusercontent.com/gps-cs-s/AG0ilSyLJZTR3lB4rzSt_OQ67OTET9fWEGBOqLCF7YZ2S_eyNMuJATPUxFOlWWinu8fjI7W7Yy3gjuMTSoZEWRqNVrcOHQU1n8zZEkBJkb2GkflNzn5N4UkJAsMHpqXnF72pfNOAF0HY,Cavalli Spa
N/A,"366 E00M01, 445 Rue Al Hassoune، Rabat 10052","4,8",https://lh3.googleusercontent.com/p/AF1QipMhYb9BOAFV-cpkzeWGPIcBBoVS0-0aZrQCYhnt|https://lh3.googleusercontent.com/p/AF1QipNm9QdDqa060ryHolKX6eWmty9y9r0QNBG9L8fd|https://lh3.googleusercontent.com/gps-cs-s/AG0ilSypfS2-OvFnubHg-snddhJwxrq5QX4ytQQdD3-6o5uZVN-8MIOxvZ6laBiiBIkJdl1exlBLdKWo5Y8qmFrdKrwz_EvnioSEYlOhYCmevDC4yKXCaDJPe4f_Ga48WVsiASESzQGkFqmfzgVi|https://lh3.googleusercontent.com/gps-cs-s/AG0ilSzmHdJyxuK7ivgbWvdtImErjOUPFgrh8I1xVSKH2aNkA_qffeFkgalwfFyJ9fQ4U13ompLUdkRZKsNUOnJTXYTvlFvZ9V_QVfJHdKM6da1EUtLHWZsU44BUBEbhniRQkATSdPns|https://lh3.googleusercontent.com/p/AF1QipNUR1LmHboWPj_KOwpoLwKCJUFuLSc_h8TxWbZA|https://lh3.googleusercontent.com/p/AF1QipO5_v4HoLtf3ySxjNIcFVqH4j4NUoR6TuXL7UJE|https://lh3.googleusercontent.com/p/AF1QipMugi7l27mB3iOz-pG3PreP12aFv7zYwnudHtKt|https://lh3.googleusercontent.com/p/AF1QipNtozr-fImtOvJSheTFLnPE4_YVyHcEGN-4pWGD|https://lh3.googleusercontent.com/p/AF1QipOK6NSD1JlIrOq3zM_5FEqWg8VENrJJ-5bAu5-1|https://lh3.googleusercontent.com/gps-cs-s/AG0ilSzoTcb2Ef3cF9iYPyxtDf1uaQVcT7Jmkt5nXhWqbYxFIuAqFC4DkQyvXfudxtmm5Ikjny9Iz9wdIfsbCtIeMKW41eYgJ1UnGg-dwM45kd4wPeR2Bd_bLjTabsrVU_vFDyeEUbec|https://lh3.googleusercontent.com/p/AF1QipP0qroz1EribM7ttIu1ig4MbAw4SqmKTIHFrxXU|https://lh3.googleusercontent.com/p/AF1QipMaHrQEXq1HiALwr-k_ducYgTGeqJ3wmM6y-mhR|https://lh3.googleusercontent.com/p/AF1QipP8KrkzQY3xOlHKPvKr8CM7BLH5xC0t-sBj8dkp|https://lh3.googleusercontent.com/gps-cs-s/AG0ilSxlibQZ3wimYl9CqRvbX4rgPpR1dombMUdIo78fNElSyIV3TsBy_RscbF4ppq3Pm78Rqog-a3_1eiiCi5Rqo7-1LPvRwTxoOXlKZNSl8l3IvXkAFcozitsY54JbfV9zMlruB_VUaQ,0662-626320,N/A,https://lh3.googleusercontent.com/p/AF1QipMhYb9BOAFV-cpkzeWGPIcBBoVS0-0aZrQCYhnt,Barber shop YNS salon coiffure vip pour homme
N/A,"CYM, AMAL4 Avenue al izdihar Meuble N9 Magasin, N6, Rabat 10140","4,8",https://lh3.googleusercontent.com/gps-cs-s/AG0ilSzCxjROk3zJCtERgS6mxtMh09tRRS6l7SHnrOBxYS5zUac1swYyOTQyZNppZFC6tmMIbYf_LXvn20mp0fdP-87OHR2qawO9rMUvo6ETzEz4uXmvedd-taLqx6XsMSL0kPfhPfsZ|https://lh3.googleusercontent.com/gps-cs-s/AG0ilSwU75biuRGpR99tSMSCwOjZyTDGImH1P3UaLQ5y-t2IPIcu3eWZczOpr_mLgc0Yapu-At17AV_TRa_aVPdjxSC2d3nlHPaNXZfmF00ZwOXFHj31oinGH_ld2zGSlPNJ8izyGSACkA|https://lh3.googleusercontent.com/gps-cs-s/AG0ilSyWmHSQmCdQP0lOqmOhRFRyLOuCYzIpyP-NH-SPqfOzbyB0dR_p8LBNunOOG8wCr6zBeU0bbPJjyAXrQM6HoZPbyvHvOhSAu7QqPNensJAqiQLMOSSSHT7Q1dCGMlh83pYKqNwA|https://lh3.googleusercontent.com/gps-cs-s/AG0ilSzChiYtFnib2cRd8SCxGqQRVLfA_XdUihoV2PDWSdnOSa_TKONtEK84_TyU0YUBCMawkvc2ThbCYa2fYx5LXIFC5Z-a9Slu4Sk91-JoaQZw3OLjUe-hygZUZ8akdPseSpn_Sjk|https://lh3.googleusercontent.com/gps-cs-s/AG0ilSzrvNzhndkWHAOkMEhT0DQb8G0zbJcPu2KivtH41YTYWa7oRwQYzGYldt3a17ekPlz3MK7Znsg_WUWSZQ1oua47HV9VlkJKM-oYrH5UYcrMH1aFJx49xtXZgBkXf41vyb2m7zHW|https://lh3.googleusercontent.com/gps-cs-s/AG0ilSz01jYHMR0KvZKcKRJo8dWdhB__7FTf_-yaETuLlpd8gnw2GBIeFMc1mJx4JmkOLVLOEkKr21WjEvH9HoNPFqbL7l8E0-YN_Pbk0dAcKztjYzJm0U56mzAhcY81gr3x9CEWA7tC|https://lh3.googleusercontent.com/gps-cs-s/AG0ilSy20GHUOyzZXodClYWivYuSH34qmcijc_DJIICUHLIa2KgW4GFLHmntwUXrmyuS9J5wx38D2ya8gr86H_stF0MRud4HPUc1WOOLVL0x6enmNF44APMCxUdU-5hQ-uvGgn1QumKl3g|https://lh3.googleusercontent.com/gps-cs-s/AG0ilSzmN6i-iX_CrbzundG2EFe7CsP516D8ylW4YnJEDF6CiQHAPeICOV1_O5UB67yx5SQR2WdwfO2mw2FOr3x_ZTxJM5Ajp4DXOUEFhzdrHG8skdWq1CAOcq59DQw1m0aXdO46JCxl|https://lh3.googleusercontent.com/gps-cs-s/AG0ilSxkUvg_xcJU64TKWgZIOPfdpm3XIos_8cN8UtjGZvjDmWzr199hURhX27upE_DfaL5e5FQU5OnNrEbf_c_z6PxEAP1jofKWfQAUjM7tRb2T9GJ5JgSePGs9OneUzqNR_vQK3OR5,0774-463208,N/A,https://lh3.googleusercontent.com/gps-cs-s/AG0ilSzCxjROk3zJCtERgS6mxtMh09tRRS6l7SHnrOBxYS5zUac1swYyOTQyZNppZFC6tmMIbYf_LXvn20mp0fdP-87OHR2qawO9rMUvo6ETzEz4uXmvedd-taLqx6XsMSL0kPfhPfsZ,Salon Alnakhil
N/A,"Numero 1, El Ouidane, Immeuble 14 Av. Ibn Khaldoun, Rabat 10090","5,0",https://lh3.googleusercontent.com/p/AF1QipMeOTjU7Vp6_yZ42bAHe8Fev5FbJRVxr7_PqzAB|https://lh3.googleusercontent.com/p/AF1QipP9zJfuzQjJUdgoQ5lSYpvEYgVi4oTNcY9Rxied|https://lh3.googleusercontent.com/p/AF1QipMuN1x0cb4SER4JLb4Ln5MtPiojA5ydKc3Tbbnu|https://lh3.googleusercontent.com/p/AF1QipNcIWe0p0oFt7ISoxQsSbLQfg2wqM273yUyvGwn|https://lh3.googleusercontent.com/p/AF1QipN8Uh2OlFi0noe67Ol13k-PDd00Ui3JnSox2j_E|https://lh3.googleusercontent.com/p/AF1QipMjPRbpV7gGWOW_9ovwIfcQQct8WCnyCGYJvxpo|https://lh3.googleusercontent.com/p/AF1QipPywJJVdCDIoOvsRMSTXz0Me1WHy3pro1HcyPqq,0660-203456,N/A,https://lh3.googleusercontent.com/p/AF1QipMeOTjU7Vp6_yZ42bAHe8Fev5FbJRVxr7_PqzAB,Sunrise By Youssef Agdal
N/A,"31 Rue Azegza, Rabat 10090","4,9",https://lh3.googleusercontent.com/p/AF1QipMefvVeuCZjGX77QSvsoGA8xnZvsmxKo88_70P_|https://lh3.googleusercontent.com/gps-cs-s/AG0ilSyRINpl7aRvjy0zroclpulHR9OwT05LlSbeevOuqjT_g6M0F9yAvvItMTfOJPSKKfVOq_mJY0XzQPlo4rl3MmEoRXqgeJxVTrXoash27Uu0FKrdNSCwxBWP5mfqi2vRGXbzBeJ8|https://lh3.googleusercontent.com/gps-cs-s/AG0ilSw9PXiwiNxv27eeGhHubPmydMJTpxXREFxmWy1OLMiOpLrhlvk-4ORT1JUW5QLQmiWFx81-ud2JEDwn6A8M_iQEi-lSxsVCtESMQr7ZNibNxsJiUl7tvea4N4ZDB4AUIkyfxNQ|https://lh3.googleusercontent.com/gps-cs-s/AG0ilSx5FwhoWu1rv7ga3ww3UQWHkmpkiZFPou9tuozoMy08tghRQo1NHkRou5aSwtVntxvXo6UF1FEnXVIejiX7PafoyXlMziLMmQlmgPz97mb09YlVMcfVeckwHR51CIhKVQM4nKaYyQ|https://lh3.googleusercontent.com/p/AF1QipMuAr2EUVwnJyU96ZjqLHSXGhs0-MuZHYXkOsRB|https://lh3.googleusercontent.com/gps-cs-s/AG0ilSw5hQ1SfUCKX-jsbiqOramQr8jVu3nePUsJa7rJzXmKrUO-6P9jzzLbSNKSFTqHOsgOPEMIS0PpbOx4BbNKuwp-NzZzksMoAd6ri0xBNYEjKFsJ5rPI_hVvt9znhjBX4HAVJuluAw|https://lh3.googleusercontent.com/gps-cs-s/AG0ilSy2tSBOlJyyzGoZh7drdSjVAuzabkjDem9bNa0f-uJ-rWg7jJODY5y9U5vwA-Pq0bSrTs4pSB5P45QDWkvtlowttHc-rwnrsVc_1GtI03CDJ6brnTPePodPyIzw3gk4hy9sC6FECw|https://lh3.googleusercontent.com/p/AF1QipMz9RaD2y1BCpCzfK8SocmT6Rpdq_eGqEXXcWgk,0661-058503,N/A,https://lh3.googleusercontent.com/p/AF1QipMefvVeuCZjGX77QSvsoGA8xnZvsmxKo88_70P_,New style Rabat by Mounir MAHER
N/A,"13 Av. Ibn Al Ouazzani, Rabat","4,3",https://lh3.googleusercontent.com/gps-cs-s/AG0ilSxTGbSQ_AKAXaZBJNyN2A3hLkFzwFDAknzpOb7u5itz-qc0HpT-WQ1xkYW9k3yPPwuh4-YDgr3h5EnBQAIbwYow0MSkG29Z2u9huePZp6Vp1x00CJnpHWaCySNBbI_Plg644smD|https://lh3.googleusercontent.com/gps-cs-s/AG0ilSzWAIRRpNs7ou-uhAlPvqX59NgekjmFooGkiPNJWredtLhu5-vvD8aRNj3a1mem_6ZvTDge4zhiYSytXTkZ4X2Z0LmSyRoHY8SyYOUGO-C6I8H1ntI1H4ZxovRG53OemMVAtfU|https://lh3.googleusercontent.com/gps-cs-s/AG0ilSzoxu9AOXF1iYk9dz0gHK17J2LyfAJvt1vEB_RVLYiH1Ub6ZEMzohukY4GULCITptkzUifB6Yp7R5r6ZDMBQcrKaOkQuLdcbPJcPQpcy_rO2zYttpXvzpyWq3QXxr6TdFCseUGkpQ|https://lh3.googleusercontent.com/gps-cs-s/AG0ilSxetB5t-F-3kv24uBPoZc9VeVTUDe2NWxxh4Oen5zwzCqUsONfuJBvtVYxumhuU3wjz_gDeJv4_rHYPTPXK2BBTQpGXbRhl3wNYIFYG2ZLzsjuKlBzk4JXyQYH-lu10QvvO89GP,0661-443738,N/A,https://lh3.googleusercontent.com/gps-cs-s/AG0ilSxTGbSQ_AKAXaZBJNyN2A3hLkFzwFDAknzpOb7u5itz-qc0HpT-WQ1xkYW9k3yPPwuh4-YDgr3h5EnBQAIbwYow0MSkG29Z2u9huePZp6Vp1x00CJnpHWaCySNBbI_Plg644smD,SOUL THERAPY Rabat
N/A,"Appt1, 4 Rue Toudgha, Rabat 10000",N/A,,0663-251077,N/A,N/A,Salon de Coiffure Agdal
S'identifie comme géré par une femme,"Magasin 2 Imm HAJ THAMI, Av. Sidi Mohamed Ben Abdellah, Rabat 10050","4,8",https://lh3.googleusercontent.com/p/AF1QipOpFsOJS6aVTq9p2OonUZBLD9tK2avbUjJvIHZ4|https://lh3.googleusercontent.com/p/AF1QipO7CK7wMif_U7miiqxWWSL8X2P8jXC-n7zc_yHp|https://lh3.googleusercontent.com/p/AF1QipPT0OZPDbrVklxiRU8e91fMeXRHPL8CM8Io7NaP|https://lh3.googleusercontent.com/p/AF1QipNwvzTO9GLGIn2g4NsklCiSoOlxc2bon4a0zFLF|https://lh3.googleusercontent.com/gps-cs-s/AG0ilSw5M9SpL9vSXDkQoF1vZUp5Vaf56jVmeRrzV2Z4o-eGCydzOoBDrZ4iXdIDkhJyvr632IOPvgUTUne7MSdOwV_akFlW8zGAvamKnrrH7WAIR5TTRdwwGBCiloqGES-KbJW76whC|https://lh3.googleusercontent.com/gps-cs-s/AG0ilSxi9F4u0V9JygGoTM9c4lD5VndVV0krOttNXcre6CX-ynAwtG4VSsbgDG2XYyxRgvXh_4TttQE7R8l4VyQcI3tLcdOjAEg6L8qiwpeLh9JJ3MJNliTJx9Iuqp5t7U55Lyp1IZndfg|https://lh3.googleusercontent.com/p/AF1QipPc-YoA6TTvZbZ490C_l0WWG58zSj853zlpqoFu|https://lh3.googleusercontent.com/gps-cs-s/AG0ilSyaHP9ZzxoDWpey6RPew5wGuRUYRNddoXLOKODHN7KQDnbcRReQlKXsvCHp3FKwikAjr0cgrHjXQN4LreGKTL0yS2-KuYEgZYSZ1ZCD3VXyZJzNJmKBOA4B4gaxll7fSdb3Div_Ig|https://lh3.googleusercontent.com/p/AF1QipPJjyLKcr_1zzLSHBX3OiX5yReSjI5pwe-u0ded|https://lh3.googleusercontent.com/gps-cs-s/AG0ilSzlXheSnGPXbaYWYjst0WUCY22dA7Lnl7AuppVJ7dBD9HOF25-zQrqVdn09c3VjjK_haW7nxPdcdUTUdPVqCXW3kNYV_joyjRM08RlO9b6xw3SKrQV7cFDHyVDAVGD_IcmEMhM|https://lh3.googleusercontent.com/gps-cs-s/AG0ilSzhbFuAQTqfNV0M9YlDrLkMR1n4Vnxnk-oNldVj_5NVtaXgFVhMPEs-d5GNvRcrNdnttNeVY09YErzuTlabvba0daULZ4bKJA_jYPuszF2Gow22wXy80xWHO3wvbfWwlukdRTzK|https://lh3.googleusercontent.com/gps-cs-s/AG0ilSzR8u5V1spj-9dexopl9JXw76E9bOk0mLWNBIS0D4TihDUh0gRNhcHrepepouaH-8a00z5_olA1R8TfyHvWDYYJNr4yc_vVzZiTOKwqy4afq67cRvjbqo-Hi24i2skk_wvO_kj5Mg|https://lh3.googleusercontent.com/gps-cs-s/AG0ilSz_2dqfzRZQYs2V77n2DR5Xw20MjJuQZXE1pps2haHop2Gc4cQkKDkMQSZYWQeSoIs-O6Njeq1k22C933xRj23mjULnIXVLnUqL-ftceLDkruX44WNVGcgqSZI45jQc9Cg9WYWfxgiSnPF_|https://lh3.googleusercontent.com/gps-cs-s/AG0ilSwgJ1bj91HxFwp7Zj8pmyD4X1j4_AG9z8DxrmKFMRnOYbaWCaYSj9WDMAN2y1LIUFbuyMSTb5cVBHSYOzPlKuaxb7080IQnXn7hn1J9TxMrkcgClgbDTjw__DSa6Dv0f659ggOq|https://lh3.googleusercontent.com/gps-cs-s/AG0ilSw-95nEENKYO8Ez7owUiILf3gV7ogi5mpyIOZcrjwbCVIKtCgKhS5uJ7dvrwz-VxYo03bQZw_ctDuzHqwIsVFJP4y_oSrOwKOVibO-6SECKtoWXw8T9McmLdXWN3OU3Bui78MA|https://lh3.googleusercontent.com/p/AF1QipNmCHkdLcep3d1uAVvxf7qZAdkoXuJfptJoYUae|https://lh3.googleusercontent.com/p/AF1QipN-adoDu-XoRIaISlThUL4SAWUsu7sJD6SgaUjU|https://lh3.googleusercontent.com/gps-cs-s/AG0ilSz122hTwgqN9wXmxlKjgjTit0El4v8-ShdB5FB8x0WTYQ3lP2w9Fq38NBlIjNmYvnWiJp9-hGz4bGdsnJRIHNGbSFnL-ykdlqokufKPRj4tpbhdAthZyo8oewE_Tm7Rfy71TCUg|https://lh3.googleusercontent.com/gps-cs-s/AG0ilSz3Ozv1Zj28H9OSBtooGeYut6zh7dGXjZel0GLiaZDmsFJ6zMhMLpk1C-8BsKjmmDsJXErcjbckBdXyqYovEKkDmu-NLtF20lc_aRFQ3NoNiXi7bbhlXEQYqAiYoRLX6Xdmb70|https://lh3.googleusercontent.com/gps-cs-s/AG0ilSwvaWeFwbkJ5SBUXshWdzjvGdufzRHkCMRSoSXZuuniikchRVrCaVh_4VA4LRpbXD96Zl2OLcRautR0W2ZrCLRbSEUJyq2A0g85Ka57QpO12HFpGlMmfbYBkbbHP_I_XvK7P5Q5jW6TQvcH,0632-773377,https://olmbeauty.com/,https://lh3.googleusercontent.com/p/AF1QipOpFsOJS6aVTq9p2OonUZBLD9tK2avbUjJvIHZ4,OLM Beauty
N/A,"RDC commerce 2, 6 Rue Oued Fès, Rabat 10080","4,7",https://lh3.googleusercontent.com/p/AF1QipPu58-oegRu0T1XAAeQ4DLrYgJQ8GUvG7P6iLlt|https://lh3.googleusercontent.com/p/AF1QipPYgcj-tm8vPvcJC86tT8LsxzyHV1H-rNDCPTXK|https://lh3.googleusercontent.com/p/AF1QipOhnFDJCrGuPOV1uPrndcZvf56Ko9juxX-VKJ6g|https://lh3.googleusercontent.com/gps-cs-s/AG0ilSw7CUrY3HGwBWA-3_5v5XWYY3jA4HiY44Bw0egY1mLs-s8m-m2WGlCkCpakaVY1QrUp3_V0Nn55LEgdth96ppiWgRJgVHZkbuU78bcseb6C9z8OOslfWeiucYEPzAjVOGwOSPff|https://lh3.googleusercontent.com/p/AF1QipNykReBsLYq0wRGwXj8CkH-Iujtp4gCefDzAJ4u|https://lh3.googleusercontent.com/gps-cs-s/AG0ilSwIrEz-Ycu56KH4_ItDb4hHqGGI_gHIjJL6HOlByutSxWS6QX6_RVno58KhU9AiGLtXJPjja4ok_rTE7R0pPWtAbEO4lUhNmvt8GWbnypSn7mw5bfl266tIuviNH32mtQoaSLc|https://lh3.googleusercontent.com/p/AF1QipMXZbAIOKph4pkEIvyQltoXPkKTpv4D4AlAGHmO|https://lh3.googleusercontent.com/p/AF1QipOG1IlEgZBDrtZAxJyVRbtklGTlED-YZAGZgMEC|https://lh3.googleusercontent.com/gps-cs-s/AG0ilSxjVm0PE7mDRpCcLmGBOaxqQhBlTfBSYJWZzFtElI94tvwmbStpU_yvZTRoViho9NvRHCAkKw1axRhXQp78ES6Zlwxw4y3eHfcIlgYlViHwuXXdqJQzCHhjn99mySl2W2Nu7M8T3jLkQjRq|https://lh3.googleusercontent.com/p/AF1QipPzrotj2Y8EP51ex6Rlesmq0Ju6hPYmukObaUV2|https://lh3.googleusercontent.com/p/AF1QipM0KjPDKrVyAI_9no1d8DjIkkmKSNA3YvkP8_2z,0624-898505,https://www.thesibeautylounge.com/,https://lh3.googleusercontent.com/p/AF1QipPu58-oegRu0T1XAAeQ4DLrYgJQ8GUvG7P6iLlt,The SI Beauty Lounge
N/A,"X5PG+89F, Rabat","4,4",https://lh3.googleusercontent.com/gps-cs-s/AG0ilSwNb6O63ScfbCdj-movVYn1_mX_eOeLhi1uWnns8Q8s2kTunbg2iKV6l_l2wZoc31ehT4NQKZvOs1m6xInAp3vja42h8xDcsy-lnFA0eDaOJjfOEN2BHwA3M6daYOmiK00TG0h6MSFgrYQN,0637-087663,N/A,https://lh3.googleusercontent.com/gps-cs-s/AG0ilSwNb6O63ScfbCdj-movVYn1_mX_eOeLhi1uWnns8Q8s2kTunbg2iKV6l_l2wZoc31ehT4NQKZvOs1m6xInAp3vja42h8xDcsy-lnFA0eDaOJjfOEN2BHwA3M6daYOmiK00TG0h6MSFgrYQN,Salon M&M
N/A,"335 Av. Hassan II, Rabat 10000","4,8",https://lh3.googleusercontent.com/p/AF1QipPy0UNYYq7pBEMwCtUwFZz4HgbnpAQlQ0YYYKw|https://lh3.googleusercontent.com/gps-cs-s/AG0ilSwsP5tnjZDnkJexLS_KILmR-vdUk4MZ1NulsyqodA9Gp1Wj2B4ItMnlbc39OEy3yhB9_kqiqOCYgYbgEGBjVZX6dFA9wlQdOubfvvruzhf1LvfoFOyro_DRDYGebo18ZL2ih-yseIHz9OOP|https://lh3.googleusercontent.com/gps-cs-s/AG0ilSwer2P-Q-pV1DIeKrO0UJcI6xXpHrZooCyTDBEW6l5wyqY1gAm25Ilt7qbaHVHlWJmsHCU_Ol2VQN9JHewrnwlomjz6KOEyIDrRf0Hhcqz0Rs3IEG83vz1A71QD9CQewf7-GRlY2WH5p2dr|https://lh3.googleusercontent.com/gps-cs-s/AG0ilSx3j2HZXSoqy0GPMJCYJRnOnlKi5xNMt9Uo6uW5V9K7D3d3wcAuYurYsNL0waIGSe6K5GlAjp0FMhHFB1bhIztN3Zd9MPfDew2HJ1HZJpGNSJBIJjMOPpgzmlov6ZX2QxLIlyMM6jKFhhQ_|https://lh3.googleusercontent.com/gps-cs-s/AG0ilSy2h3_EZhlUHAsemxb1QTh7illCl7Tn1wRxBMCS4_NESaPFd7Hhq9wgAtVPh7ddySrz1O2GU1Na0kOnvVXqPywqT1z145k_eA5LbHR9QNLk8uO232INj0cMsDNxOQ45y7bAiFJC|https://lh3.googleusercontent.com/gps-cs-s/AG0ilSwMTG0_fT0wopOgLU2pOUe1rB878BrycPgVB5N-01eNBc8aIQ425vddb8p6aFWB5hA3PFCpJyuJgNER2nile9LsW1AuZ-P2vahkz6Qo8IwqkTrOgSxoEFX5e6iFwk8kd0059ghN|https://lh3.googleusercontent.com/gps-cs-s/AG0ilSyWAPs2SsCKidCosBnOauMyoqAyJvn8MLNN2--oL0GmclzSk161WQ6qYhNC8S-ya7M4woFHzGbnj9zrt8_4sIEGBLtQb1iPTd8UVnj81A-xGSEthIuLwuuEsyAEViN16yfny9pMQg|https://lh3.googleusercontent.com/gps-cs-s/AG0ilSxrsA-r7O4cqZ9DrQ9JAjWMYA1ryywoNXpTCVxf2YRmFRYXT8oQjSa09ef1gRJWwLSxrZqiLHh2aYOXrkiIAtr7GL9IKArALnUfvPh8rzVTC6t4yr8zod6u4czKTCuQkOmtx7_AURQT5Vmt|https://lh3.googleusercontent.com/gps-cs-s/AG0ilSy4pHMJdxzqSyZDQHTv20l6KGZugpBUgSTm2EIUney5IAnrwZOXW2T8F5887B8UuFlUAk85KoT-FzaH9leJHTa80ISHjxKItKXwuL10F4F1OFDpd03ROC619h3TJR1bi43hGZ2XW6krPCZD|https://lh3.googleusercontent.com/gps-cs-s/AG0ilSwM7LlXZsC4-dOHYYjX32MwtNqIUtIeaFHj_5sE_pQjyBbBNWlrliPXVQns41-SdS2EPPv3_nWO_n4V7HuNqsO9Q7DAHpCxLsTxJrZs96Rjmh7B0zxwv8C2nZNVdd0GohhH_zdWxQApZDT0|https://lh3.googleusercontent.com/gps-cs-s/AG0ilSzwF92bTJtU_ZFRns0lKOYwP7KRnQBiI7fnYEsVZFsJdULyGn0krgMcWYa6sXGrM5PyK1rE45OnoWB5H0rUsS8s2GNAVwleE4dt_IFh421SFZP8LGrKmwlmYoJtRFBo-5SnAfT-Uc_AGB5l|https://lh3.googleusercontent.com/gps-cs-s/AG0ilSyPoJE0MwfuC9Pkjif10CBzCJg6iwkV__7oHMboWSqhIrZIFOVB1M8p4KGtFnuOqLZc8Iv54e9x-oaP1yN_hxR7zk6sTflfYhUBNRY_cCoCd7v8VrrwLe0gdXciAY96eVW0dQ3KWyF9k6XI|https://lh3.googleusercontent.com/gps-cs-s/AG0ilSyLEOmjhEP_qdUkWoXpUsHQ8FrpY2Dc6ZcTPHlRdMLjmXpwOc9TizMPiZ9qzdsjl5BjG8fFlc_LXyDTtV_m9IXEHO0V2vliNxYEC-zNV63Y-3ishGP07wRLEhPRpAnos9E1tIA9|https://lh3.googleusercontent.com/gps-cs-s/AG0ilSzfkB3AgU0lN6SWZL5sBDF8jfYlXh9yeKc0BvIXlynPZSy1d0FtO4s_iabud3vragfKRuKqm37WQF_3__13Y94A4m1T2-rkiiE5Z_iItqYM3xwvLNKamiXRYqH_UVX7H2QjGu7UHg5qreA|https://lh3.googleusercontent.com/gps-cs-s/AG0ilSy06zDBSQLI3GgEF41iP_lfdqvChKd74-lVfTA9BPUWVTcnb8Om1uRDbvSR2C63wSdzcv2aJ9gQtPvjq4SkuKRfybsfiX-QSgV-LRJWwqDHYeHSxss6TS37ST5PHu4IqXw85YhVOAuQZ1xD|https://lh3.googleusercontent.com/gps-cs-s/AG0ilSy7N59EshWlouBxsPiKQ7Pk_b044WyiVlSoKUk82J1FpnW8VnXezX96Z6htvz-kyJiUnyRHeVMhrJ_aIPw2jbDwLCWR9Rg0OqCw0WNphDkV2l4NbigeSvedKA-sR6W0HVHje8M|https://lh3.googleusercontent.com/gps-cs-s/AG0ilSyoVGXpRyMiKqS3KciIk03RWFjyzg_d9KtLHlKrUZ6N1Fq41E83cJoUZPWgOseaXAP0r7bMYCuZcRdTxQdCfXI2Dt6-Ohb43lo87ezGwHO_-Gm1d3pMEz7tvsl4DAubXVE2une1Vw|https://lh3.googleusercontent.com/gps-cs-s/AG0ilSwogzKs9NQ4Yi96k5o3KI2au-bP8HpxGmtcnCAJ-VVqd62Js8tqsWPrUfdAUMqaoyKeDN0241EwuCoNXVMqsCwQn_Rlp04sJKOmBlNBNjx5ZSfXzWMyE4DsYq4NNda24mkAttOMGQ|https://lh3.googleusercontent.com/gps-cs-s/AG0ilSwpZ7BnoO3-QD3-rWpUAq8N2b1MhLOjPUh31EpRQfq7SvtODGJSx3-NuRPBu9Kqgfp8M97dJCh68ZzJ-s0UPOzyBCbBnPmMsFfW4EKv4p1lWt_ZlivAzM_xSSW0gGuF32c2edLJ4_dqCajT,0666-690668,https://ibrahimi.ma/,https://lh3.googleusercontent.com/p/AF1QipPy0UNYYq7pBEMwCtUwFZz4HgbnpAQlQ0YYYKw,Salon Ibrahimi
N/A,"X4WQ+VC5, Rabat","4,9",https://lh3.googleusercontent.com/gps-cs-s/AG0ilSwer2P-Q-pV1DIeKrO0UJcI6xXpHrZooCyTDBEW6l5wyqY1gAm25Ilt7qbaHVHlWJmsHCU_Ol2VQN9JHewrnwlomjz6KOEyIDrRf0Hhcqz0Rs3IEG83vz1A71QD9CQewf7-GRlY2WH5p2dr,0661-971552,N/A,https://lh3.googleusercontent.com/gps-cs-s/AG0ilSwer2P-Q-pV1DIeKrO0UJcI6xXpHrZooCyTDBEW6l5wyqY1gAm25Ilt7qbaHVHlWJmsHCU_Ol2VQN9JHewrnwlomjz6KOEyIDrRf0Hhcqz0Rs3IEG83vz1A71QD9CQewf7-GRlY2WH5p2dr,Salon Bouchra
N/A,"X4G6+HC2, Rue Ibn Al Mouaâtaz, Rabat","3,2",https://lh3.googleusercontent.com/gps-cs-s/AG0ilSyyBjbFz3rZghlf7TKVw3JbTDm-2J2lZyMkhlMy6BQwJQr5Y4uF-LWlQiEbaTYHHTObQV20V9x9KyqC9QdV4aqg5TME46cUtzDTtVa928pNWIg5nKHylSc7jXkng4SZyGPmZQjnZQ,05377-97973,https://www.facebook.com/salon.hayabeauty,https://lh3.googleusercontent.com/gps-cs-s/AG0ilSyyBjbFz3rZghlf7TKVw3JbTDm-2J2lZyMkhlMy6BQwJQr5Y4uF-LWlQiEbaTYHHTObQV20V9x9KyqC9QdV4aqg5TME46cUtzDTtVa928pNWIg5nKHylSc7jXkng4SZyGPmZQjnZQ,Haya Beauty
N/A,"56 Av. de France, Rabat 10000","4,2",https://lh3.googleusercontent.com/p/AF1QipMjUjUgl8SFKSmuUzgjfFEm1gmGAh1gbUCWMxCm,0700-310447,N/A,https://lh3.googleusercontent.com/p/AF1QipMjUjUgl8SFKSmuUzgjfFEm1gmGAh1gbUCWMxCm,Salon bella rabat
N/A,"X42M+5QF Centre Commercial, Rue Arroz, Rabat","4,5",https://lh3.googleusercontent.com/gps-cs-s/AG0ilSxDC3P8fD2IZ5j1pUe1ic6Zx3jqu5eQBQ3a2-MR_1bt80yfQ56FdtF8rF8EIGoMkMKHixmVFQRcXE4lWXPscC24O3__eY_3DBLIbNSFqF_RXOO-7jyGnt2pvhL2shwtL6qhqk5fhQ|https://lh3.googleusercontent.com/gps-cs-s/AG0ilSzIfWozCykJ6VZIUpE7lc5zo-9JGAs4LLU_aFbAjRXSLmYJ4ftttyesJ9sWNiNsYLNs8ean3b-t96D0MFNbBmRaCnHK06ObHBJiJZ3tD2Hg_9BG3dCNpS0uywdjTaKn_G_64xMy|https://lh3.googleusercontent.com/gps-cs-s/AG0ilSxJ_nKIElv4-YRIWETKZJuhtF9r3KnS7Zz3pMY_zbEwTP6XQZWnWNO8Onac0yYGRc3C5PYzUi1O-oWeIZcdjrtiR4aHJbNxLBnSsoRHqhDuGs4nSp1eLXujKBVnRtnXWUnxM9oo|https://lh3.googleusercontent.com/gps-cs-s/AG0ilSyuJfds09353rf_TwwHmR4Yq1a2M6dOdoF_YIEiMTZioWmF2j1be6dv3qvcc7mn-6pSp8Il-c9xPW84DjeQX6hIWi9Tzl2cgUBL_paem1a03J5rXAOPDCmUJiIRKBbliSBLzwDo|https://lh3.googleusercontent.com/gps-cs-s/AG0ilSx7Cf39W9dsYwxUfMM-1uiEturCSUvmQ8R2AN994RyokyTFMvzUUhrS0-b1ALQWWk9qrwYvF4UitiDidjaOI6GUcjF1A59MEgWVxo3j5JoUVmG4hezHdgNUcXQ_3DWuSdjmJio3QA|https://lh3.googleusercontent.com/gps-cs-s/AG0ilSyS0ub9zWyKOwNBQ0bbhuspxTwd-9kje2ljHWiOM6iBzqvF8NtmUcbDfepABRCY3AO3Zmgs1qWDcvvWL7D7bOvYB07q4hzrjU87wNDOlj_nvSSQPyQksfjlzhZk4hHRqON10g|https://lh3.googleusercontent.com/gps-cs-s/AG0ilSwoZUIUBAwOJID1wlmTLGADmoRAe8bH2xw72uhK43InrFKMu4ISNLcESZJnFZNr8KeZ36q7Dk1nutXlrbHYmm6zoY_-0TYS2eNLsSMSBS3DzBAFSJ4qWLrYqKJa8K2g7DTmrIcl|https://lh3.googleusercontent.com/gps-cs-s/AG0ilSwG4CikcwoZOISCRaGgDoFwM6WcllESjvTwXMg8TW6XUfdSLbC8a0wsKXBVd3sSznktfl6RVTQDjmpEBdl3imknvVOkrbY4FcW_OUadR4wl0WnCgJIvv1C59UpiPrVz88tQU7nb,0635-363679,N/A,https://lh3.googleusercontent.com/gps-cs-s/AG0ilSxDC3P8fD2IZ5j1pUe1ic6Zx3jqu5eQBQ3a2-MR_1bt80yfQ56FdtF8rF8EIGoMkMKHixmVFQRcXE4lWXPscC24O3__eY_3DBLIbNSFqF_RXOO-7jyGnt2pvhL2shwtL6qhqk5fhQ,LE BARBIER de rabat
N/A,"Rue Alboulboul, 1162, Rabat 10150","4,8",https://lh3.googleusercontent.com/p/AF1QipPE72vEMlW4o62pUr8H__3gGTPCUrE4GwIeOZuC|https://lh3.googleusercontent.com/p/AF1QipM7b9l7VrXjdlrLjUtFMxbJ7FFqw19nEp2KHEEo|https://lh3.googleusercontent.com/p/AF1QipPPihmYLtkHgh1pb5R3VG27TzlQwVCTEO7gEOlW|https://lh3.googleusercontent.com/p/AF1QipOSFpuld_uuNr6iWDbOtEPR21UEv1iW7C2dAWKj|https://lh3.googleusercontent.com/p/AF1QipOSTbPyMy7VyZXcZHGI4OBZhv1O8G-6vmnAwz8L|https://lh3.googleusercontent.com/p/AF1QipMeSe885ROD8LpGgJoWRpipurJ3FJEMUhJw7oks|https://lh3.googleusercontent.com/p/AF1QipM88rJ-ZcwkcZcL4A0-2xQFYJCb_0db3jxGL7sy|https://lh3.googleusercontent.com/p/AF1QipOeaO5KcUcTv843p1jQ8SAUIalnMlPxak91cv2G|https://lh3.googleusercontent.com/p/AF1QipPlqDcMPKdwuLDSUiTRXVFLix9iMqPcTA6w_WOV|https://lh3.googleusercontent.com/p/AF1QipPRZ_kdZBlLOOM42EtBa955LovDvdCw8mnmOu21|https://lh3.googleusercontent.com/p/AF1QipPJQc9Z8yLav1CEIsUceL-Rde06tSlK9FF2QdYH|https://lh3.googleusercontent.com/p/AF1QipPdQjhREZUSpTn2EVgzoG69Sn7iMhp9lSzCIHYw|https://lh3.googleusercontent.com/p/AF1QipMDObiWgIlVsFWzBXMupwn_xjvlZlcgNNiy1DNd|https://lh3.googleusercontent.com/p/AF1QipOvF2c93nppkspxxjOBRVKlQG5MibAwUpVb_dDb|https://lh3.googleusercontent.com/p/AF1QipMbBZVHYTGFpW3rQi0CaHfqADUxqOU9E6Ow_hKO|https://lh3.googleusercontent.com/p/AF1QipOCyrBuZE8LifCC-sh2ovCiUNY-zbam78KijCrv|https://lh3.googleusercontent.com/p/AF1QipNmYIUr9-waeOpugk5ALZxH6mM1WYUPhM1Hz0zc|https://lh3.googleusercontent.com/p/AF1QipOM6ao5V-mlCkhcG-ZIpHzjJ2qq7489W25Orkob|https://lh3.googleusercontent.com/p/AF1QipN54gVnFtqzuKe3Gf0JNdW6wTrSTSazcBSNdkP6|https://lh3.googleusercontent.com/p/AF1QipOsVd8szmcSS9MpIHY6YjTIL_LBmHQh_4l8eI-E,0659-814004,https://linktr.ee/barberyahia_vip,https://lh3.googleusercontent.com/p/AF1QipPE72vEMlW4o62pUr8H__3gGTPCUrE4GwIeOZuC,Barber Yahia Vip Coiffeur Homme Rabat
N/A,N/A,"5,0",https://lh3.googleusercontent.com/p/AF1QipPtMISWFBnI7tT__nvcfnR9Xk1Tnyos34saaDlm|https://lh3.googleusercontent.com/p/AF1QipPIlYe4mPKp1-pFOQ7dYL1bL_kusRmr3lBwVR9Q|https://lh3.googleusercontent.com/p/AF1QipNHj2OWxCCIJEqsCc4ssSgRiugUYxZZzH8U7k9l|https://lh3.googleusercontent.com/p/AF1QipNoTUe4VK4Ss8SF6YEpmmpWBjvy-nO1ZtmVsQ3d|https://lh3.googleusercontent.com/p/AF1QipNX4DpvA106ZTxRLI7DvAxnC2y-unZ4xMtOwAxG|https://lh3.googleusercontent.com/p/AF1QipMbadOziJiVELqAOUZIrh8ppujcllV6OjWMVGIL|https://lh3.googleusercontent.com/p/AF1QipMhJJ2nDqFCtPXw_uHpUURdMd_Tl7tFHauj15ic|https://lh3.googleusercontent.com/p/AF1QipMawzVHvOclvCA0SYaFUVaJu1h4BF-Co9kEOe87|https://lh3.googleusercontent.com/p/AF1QipOmOWkyaehCzIBj5BXm8-1AuAh01DKFFwr2II5V|https://lh3.googleusercontent.com/p/AF1QipPLb1WLxCsd6TaaZo-XsIzq40aKTO4PjGGStADq|https://lh3.googleusercontent.com/p/AF1QipMmR96iKwi1As_dyebIBvr5zCP4Czqsce9fc6NC|https://lh3.googleusercontent.com/p/AF1QipOMAoqCPyGNDLx3zVYSDr9vBGc4XDEhSRwY8BVr,0679-315550,N/A,https://lh3.googleusercontent.com/p/AF1QipPtMISWFBnI7tT__nvcfnR9Xk1Tnyos34saaDlm,Onglerie rabat Agdal
S'identifie comme géré par une femme,"apparemment 6، 12 Av. Michlifen, Rabat 10080","4,9",https://lh3.googleusercontent.com/p/AF1QipOcz9-SZN2slZzweif8q_JSj7gOQ7kpKdz0JjyE|https://lh3.googleusercontent.com/p/AF1QipNoytXT5loNoE-j9BmjpqM0UlugtxpXm-T5twd5|https://lh3.googleusercontent.com/p/AF1QipO1C-8QPk37bg3LSdEedoVQMpHySg3Lh4P9l156|https://lh3.googleusercontent.com/p/AF1QipN9t3a6qYcsBGgNo1zsdkQzM6mHq0ektjkdU3AB|https://lh3.googleusercontent.com/p/AF1QipNszY5qnv1l9glVbxtvbkpA1eC_7cmUAaHXgwWg|https://lh3.googleusercontent.com/p/AF1QipNy6EvFGZhyKyXnhTrNATpLUdi-jT_wE6WUVS-V|https://lh3.googleusercontent.com/gps-cs-s/AG0ilSwFyndgQyWUXQaeVTOITVPsVwh3UTY1Z2a7hBBRnWFOmQ1nRKMyOdPTR6dmL2jLQ0lcOAPoTQUj4LkvLGwekuylkCIVSkw8CFjihTXBVJ5zarEOPF3JyHsieGsZOKmNEvtycBFwQA|https://lh3.googleusercontent.com/p/AF1QipOExtiKXzw469kp9GFSdyTvbttrsAjp5whmwMBT|https://lh3.googleusercontent.com/p/AF1QipOjSVw2pXMRCj2WNvIysWWvNuyZJhIgcR8IHpgs|https://lh3.googleusercontent.com/p/AF1QipPb9J0tnKfwoigjTXV5VwcQBshCfbU8qGAB79Xt|https://lh3.googleusercontent.com/p/AF1QipOk3RwcpBxZhicLfCdhl2AEOOg1r5VcjJZSEzte|https://lh3.googleusercontent.com/p/AF1QipPVDoBgStfVmkwWojcylpLG7DMLX7OHhZ57WQBQ|https://lh3.googleusercontent.com/p/AF1QipMYTeES5uxiCUDegZhea8qq_J6w2yKOnC5-Vw5R|https://lh3.googleusercontent.com/p/AF1QipPt4bZ9Xm-Llq80aoRALm92aZNrpqRomKLlmhms|https://lh3.googleusercontent.com/p/AF1QipMFJrbDZQin2MfGt0ecf2G62avzyBAC6LkAQOEQ|https://lh3.googleusercontent.com/p/AF1QipMpRQGWc-ou0EEN6bhnxX4r274Z4VLIMx3imtBF|https://lh3.googleusercontent.com/p/AF1QipOHO0dRx5jDUSdzEoXfA_ltvFWR7g-PIWx4lRez|https://lh3.googleusercontent.com/p/AF1QipOC6QbOZQvDpkszF5km02npgrkrwl5mSCIEKMKC,05376-71427,http://tomespa.com/,https://lh3.googleusercontent.com/p/AF1QipOcz9-SZN2slZzweif8q_JSj7gOQ7kpKdz0JjyE,To me Spa Rabat
N/A,"X4J9+PQQ, Rabat, Amal2","4,2",https://lh3.googleusercontent.com/gps-cs-s/AG0ilSzyaHmsLmkGdRVlik9H_rBPQZPh6Jx6sUa8m5867rAsjiGZNrIXYJELLsO0Z6Cf5yrUBVYiiF4R4TNjbhctUaBq0rPlfk8bXnDNYbj8iyMHICIJ_2H14w-ca6K7JyArCpMhk-LdUw,0642-399635,N/A,https://lh3.googleusercontent.com/gps-cs-s/AG0ilSzyaHmsLmkGdRVlik9H_rBPQZPh6Jx6sUa8m5867rAsjiGZNrIXYJELLsO0Z6Cf5yrUBVYiiF4R4TNjbhctUaBq0rPlfk8bXnDNYbj8iyMHICIJ_2H14w-ca6K7JyArCpMhk-LdUw,Salon Ritaj de coiffure
N/A,"Rue Oued Ziz, Rabat","3,8",https://lh3.googleusercontent.com/gps-cs-s/AG0ilSxzouCqhM3wZgRA94jFVhMb0qPHQQ3IqxR9nZj6WvOYXOQSvGNDu0vHcMtHznHoq_KGCfAFn7D9FwSmYN7ST9XeWQUFXHDc9laYN7aJtvqUMXFG3gSNsseiTDvthTyg-AD3GdBKRA|https://lh3.googleusercontent.com/p/AF1QipMytGNSZClqoVKzNbinLi9WrdaecbAbm5wlyRsD|https://lh3.googleusercontent.com/gps-cs-s/AG0ilSyJAEKy-xVDFvMd8nc33MaoLP2HhroRnnKWh70JA_wcLqcPDlmaxfR1zm-x3HIsF7MP9Sp172FPEW-uJ33iZj3ihABLjAkZG6kuwCkZDJGF79lI8wU8YviywWToy4W_zGgb9fgl|https://lh3.googleusercontent.com/gps-cs-s/AG0ilSzQTq3z68Akscgg6EpKNkT2tRTinArSKmlI9ybPlD6kbNsZcDKI_9xplh5tiFtaWABc-vua0sUL7CGHbgzqPW4J7YgnOR7-CaPqoedYp_5pks9kS-fbXWe-4qab5gMZtFZVztgZ|https://lh3.googleusercontent.com/gps-cs-s/AG0ilSysttqcBr-BaCdg8R-CFm11farz1joXpT_TiGtXyudSfsy4JvLqnuMoqLFagGjlg5O32yHJucfJtuQIhMrFz0L-iPc9fv_8VBq-KoGIKVaQik2Nm4AbfFejSWam5gP2woh9ikY|https://lh3.googleusercontent.com/p/AF1QipN3N7OXlnI4Ga5XzwMEtAw7765w7qmsYmvJ_rQs|https://lh3.googleusercontent.com/gps-cs-s/AG0ilSxCmQ_8tPeoBFsAQvD9WPa2XPrhi6hQhSQ49T9pZMRSzljVOAtGUZvmd9SSgJIg1VIFTfkAZRhHoXgHxz6dYZegrrnYTbY08BZrEqoCWnU2gMfGU27p_bOdxFgK-Gm-UmvibaY|https://lh3.googleusercontent.com/p/AF1QipMce3-M2WUqVjztjBnCY5DvB92eLu7EL_oQdJ4O|https://lh3.googleusercontent.com/p/AF1QipM_9bk0DjBsWsLueyABxky1jjOMHdwdWCn1zlZh,05376-83308,N/A,https://lh3.googleusercontent.com/gps-cs-s/AG0ilSxzouCqhM3wZgRA94jFVhMb0qPHQQ3IqxR9nZj6WvOYXOQSvGNDu0vHcMtHznHoq_KGCfAFn7D9FwSmYN7ST9XeWQUFXHDc9laYN7aJtvqUMXFG3gSNsseiTDvthTyg-AD3GdBKRA,Ama Coiffure Esthetique
N/A,"Imm. C, appt. 1, complexe El Manal, Rabat",N/A,,05372-81068,N/A,N/A,Salon Monaliza
N/A,"X4J5+R9J, Unnamed Road, Rabat","4,7",https://lh3.googleusercontent.com/gps-cs-s/AG0ilSzFlr2jTvRWb2xPZetu5gf5DXDve9deAfywnHI26K9fmYSm4oRUtjWKcUUHdePSjobIOU3Yz4HI_xTybnaBWUWv_cSu2IcwP1iawGcv3u7gaFyelHIu3WXYVkojqTd5z-U5GVc|https://lh3.googleusercontent.com/gps-cs-s/AG0ilSx4HMHHoBuEjtvEAVq0OH_FuPMpyXtOWJHVGXns-dmxqKviJ1ElPRFKetHLrtgcjD78xg-Y5HOe0xqUmQRV6CsTIuqrmpiUD70gf3plNv27uyr863jcCAb_Va9-xcjKKil5MHp0|https://lh3.googleusercontent.com/gps-cs-s/AG0ilSzjyGz8LkVqCBmHQdN5XVc9t1SQlGYzFD6elj9wRKKnoBukTvxFsZf4ILkIZNjotHC_ZWjtZZo8Fkl5NU3tR1aQ7Sq5dZiWGMoj9RdrLexGBNxdNTqkmDhneUn9I15uCJ16x2a5|https://lh3.googleusercontent.com/gps-cs-s/AG0ilSzQCArOaIdEJ7HBBwSqzIqwMKKJVjbwtNffTD9J3yFOdxdCo3TNi5cej0RHS3x8AP_D0-U4SXCFQZu4Plx8y20zG2MkoWFrmeZlzdc72-QaSwEkZSBHIVykFRjnHb7Wqq8hduZ24g,05372-90913,N/A,https://lh3.googleusercontent.com/gps-cs-s/AG0ilSzFlr2jTvRWb2xPZetu5gf5DXDve9deAfywnHI26K9fmYSm4oRUtjWKcUUHdePSjobIOU3Yz4HI_xTybnaBWUWv_cSu2IcwP1iawGcv3u7gaFyelHIu3WXYVkojqTd5z-U5GVc,Esthetique Coiffure PARA
N/A,"N°1, 70 Rue Oum Errabia, Rabat 10000","4,6",https://lh3.googleusercontent.com/gps-cs-s/AG0ilSzZBoKpDRnKezNt7qLyQoUYQwbF6X9lc81Q9gCOT-Aur59zaH9v7TqPrSNqHA2Vygjyw6jsgN01nBJnhEX1VlZklzqvM3m-ktjgXo-zToqaDlOkDdnAUxRsCDE8zPceiV7yu9xr|https://lh3.googleusercontent.com/p/AF1QipNJytzKOXiqRDX_AxWynMSn15JU401xU8DRZkFh|https://lh3.googleusercontent.com/gps-cs-s/AG0ilSyM_cS1jCH42ljWM9nNP5NmFgprlz5UogaXga78f6kt-nploNjPZezWhxaaJv48AHk_CQHSJYTy7_TECaMQ3J6DKyFc1Er5VNoK-DW3X3fgM9jZEudK1-ZF-XkNe1yNuGDGrKV5|https://lh3.googleusercontent.com/p/AF1QipMVALCil7-I_hRWakv-6WW9p1bE76BMjoRTWOx1|https://lh3.googleusercontent.com/gps-cs-s/AG0ilSxRnlCyTWSFyX7ZzA0Kvk4GZvRXy8ah8_0HPtDx6RzHZJ_AAFzNFVzMuQqqlGxwotC06OX-nJ_6ath62CyRGMYzL0xQZfaiQqCuzuE860aXUJdv1fgo4flySOgpVAIccXcXdMQ|https://lh3.googleusercontent.com/gps-cs-s/AG0ilSzkEaU_ojIA-wqff0P2dhpddV1KW281LAYyxbBXIzQka5iHJnAdivTGhwlN0JRXmHOhkuTUFtrEY3UpalPDslENUGHjTYRbKvrHnEcr4C1Cj_rHg7Dfx6eAzA-RzXnDZC79cAOAng|https://lh3.googleusercontent.com/gps-cs-s/AG0ilSwoMEHumqUgukzrPvvLWMggQMTC-BZB7SrOVgKzxqNqiwabWiI-pGRuY5Ntuasx24Jm3L79FtmYo6N2W_SNRnMMCequV9WeVSWCWA9Lys-smVMfTxkAZ8f8UHWjDVdzn8uyuPYHJA|https://lh3.googleusercontent.com/gps-cs-s/AG0ilSy6nML3dg7hq_vcYh-dCXyuntijGyTehFJ2EpSgD9KBiPLn2IbKvYxFULX1dv4AGeJ0XJaFvoXyWAIFmdd-jew6vXcTtSRnszuRB5glOn_Ed7fgoLqVga3kLZA1eRJp8CtEUz0E|https://lh3.googleusercontent.com/p/AF1QipP45F_hULp63idDjjf74n4vvwy_JAZlU88O8U55,05376-71125,http://www.rituelinstitut.com/,https://lh3.googleusercontent.com/gps-cs-s/AG0ilSzZBoKpDRnKezNt7qLyQoUYQwbF6X9lc81Q9gCOT-Aur59zaH9v7TqPrSNqHA2Vygjyw6jsgN01nBJnhEX1VlZklzqvM3m-ktjgXo-zToqaDlOkDdnAUxRsCDE8zPceiV7yu9xr,Place #47
N/A,"becolor, 333 Av. Mohammed V, Rabat 10000","5,0",https://lh3.googleusercontent.com/p/AF1QipOSxE5-xDhlcQ1DPNO18IEEOnJjK_4dpM88N8vh|https://lh3.googleusercontent.com/p/AF1QipMosPawQ5I2VD3_Xt_O9rCVSm-mUsDcwrgGjEze|https://lh3.googleusercontent.com/p/AF1QipNKKd3_gXAwP3vPOKWVIPnIJAVWJoT5OQfhy-r_|https://lh3.googleusercontent.com/p/AF1QipNUcvuL9G3nL1FbJyXz9V-L_zLHUWDI0yqwz756|https://lh3.googleusercontent.com/gps-cs-s/AG0ilSzyDXTc3psfuqeh--YRPrjcEgfUJ5EAyOLi66sPjwywZix3wjBqZgvk6teO1bgKoxBK2qfkB9YI1PpWwrR0nAKym74FU0tI_6oqrO191kpKpgx-g76-I5YjvnXkhLJtGlni2JpVZWIS5Q3T|https://lh3.googleusercontent.com/gps-cs-s/AG0ilSz2x3uYhUGF9Ju94WN5GhrUnvI1WNMCbkVZz0pQWkevgkaMNXvFLVHeMc0OQtRqKqHdgCkBlXeVM48tva9_rDzbBwnQKiy_WvpGexSpgh9fMjmBzhOi8taq6ZndIDoNlWPFNL0g9Q|https://lh3.googleusercontent.com/p/AF1QipNCeaM3JtYjUUv9RY76A9LO98eYgPoe5yUTKLYP|https://lh3.googleusercontent.com/p/AF1QipPPkl3RwQ7VQawuIJDoMuDoRiDgnHMietLQiTrk|https://lh3.googleusercontent.com/p/AF1QipPr_VAaIn2NXjcfvgP9XQ9WIkyRA7u79k2ZOMtw|https://lh3.googleusercontent.com/p/AF1QipP3yI7OXGu0ZDCcItpv_aWcujjcmQnRnVSz2Gbu|https://lh3.googleusercontent.com/p/AF1QipMBjXUYEVxlcBEo79hDUpjDcaNpblZ73fltrqD1|https://lh3.googleusercontent.com/gps-cs-s/AG0ilSzRbhi4VKBqQffL7QPN_7SNjSiA37ZL7O0n2jwlFkrdS9VjnwcbC1mx1SadP-lH9A8fGOpq4qsPuVKBKPVJOGzR6mSdNYeniV7g5W-P_Gr8eHaVmgIOWU-tETEzSLOM1kKD7PHCZg|https://lh3.googleusercontent.com/gps-cs-s/AG0ilSxeelSZaj248enBjP-s7QKsFYjTSJPpcAS9dANZ4ZbvwLXZRMlM_KFsnp9xGnrAh8l1Fg_TL-DBNyJBbt5gd0PR9pH6OrXPOUtR-y2JHdtzjL5MQZamsAVGU2VnabH9GL7mCxEqSg|https://lh3.googleusercontent.com/gps-cs-s/AG0ilSzoog8P8vcKiri8HYJM8C5ExzNn9ECywgllAIbKF6FWsgWYvWgrRxgpQ4M-mM1UBDQb0OlvZMSee5g9Ovg4hlwEm051NrOoPefEJ4z01r3le1hZs6CtAWVH8SvB4h_iPptunI4|https://lh3.googleusercontent.com/p/AF1QipOj56FG61K1oM4u0hqU05tXhjYNMXUGpMLt9Jm5|https://lh3.googleusercontent.com/p/AF1QipNqrXPu2SWt4fa4hZ6lye0iYd7nxrOZc7seSJgC|https://lh3.googleusercontent.com/p/AF1QipMTdNHzcupMcI9pH1f7KpdZxo46cb9gnUfmcKyL|https://lh3.googleusercontent.com/gps-cs-s/AG0ilSyQCSilw84BknWGovz2JJd7zoU14yjL-3NmOKEvgCxiERUZNbHm0HTImGE2HvkatTy9DOl3rXlqmoSL3wxz2hagqjvqKAOLD1W92U0-79jgLgoGOI8-787wzQtTKF6NoyK-UO0WqA|https://lh3.googleusercontent.com/p/AF1QipO6jW8FWS4KKiXGHV3QU4hlRpPACGNBP-wPm1ox|https://lh3.googleusercontent.com/p/AF1QipOJkMEJcyRTf6fK5Y5CkG_PbndC8Okr5qhK1ALl,0668-545844,https://www.becolorrabat.site/,https://lh3.googleusercontent.com/p/AF1QipOSxE5-xDhlcQ1DPNO18IEEOnJjK_4dpM88N8vh,beColor
N/A,"X44M+Q4R, Rabat",N/A,https://lh3.googleusercontent.com/gps-cs-s/AG0ilSwRCFlteo9dovMd0pYCJX6uIp3p7fMTrJvhr1EC-1XwJBOuDHZHvWPWbwc1LH0exRrGAOV7YYlZu945W6Srrf3hMC9TYVHdATS7t5kV_kW_QHzbme1OhCPKPaBRQuI9tVLgh1kS|https://lh3.googleusercontent.com/gps-cs-s/AG0ilSzMFer0YH-mDAWUn3hsGqZo9DKqTt2yGoVCHLVaNJAip37OqbwJP8ys6ZIUCIVgOlRizI-Gczw_xqW0Ay5ZbcZBQhRvrBxfOYmCD98C-72TDErw2eh-TM9VaSYJevxN1dVj3aqc|https://lh3.googleusercontent.com/gps-cs-s/AG0ilSyDQhCaff-_VJ2SbdoSl6ZSLP7l4j-dEmucMQbTmzjLXbTZNmfNZiM-XcnnoakwEbVKT_RFjgR5LtF0dWvhkN5JDhljL9vJ3fJPAIYuL_IBoD_SwY3eEKGowiCiikzflF_qGKCL3A|https://lh3.googleusercontent.com/gps-cs-s/AG0ilSwr79vZ2pklJiW1Z5R-ujpf47t5DRhvk4NOhGQZEkg4-uSlXg33mrsORJSDi86VBlqY4nzWJZAHYl1E93dGUVenRrxyOM7xG2HkSSrNQgrUa_PjDvTwXGsHQseSHmwWOdUa1zk0,05376-57646,N/A,https://lh3.googleusercontent.com/gps-cs-s/AG0ilSwRCFlteo9dovMd0pYCJX6uIp3p7fMTrJvhr1EC-1XwJBOuDHZHvWPWbwc1LH0exRrGAOV7YYlZu945W6Srrf3hMC9TYVHdATS7t5kV_kW_QHzbme1OhCPKPaBRQuI9tVLgh1kS,DESSANGE Paris
N/A,"3 Rue Oued Ziz, Rabat 10090","4,1",https://lh3.googleusercontent.com/p/AF1QipPE3lkOmvz37NHOu0kZw5QT3vVrGjxEbxgEtMO8|https://lh3.googleusercontent.com/gps-cs-s/AG0ilSwfNxyjZMBeD12n-TV2nAEjx1TlAM_ikwJzq-KE4b5h8tTiw2fkDLmfYxlHXBn1EpQSD4RhRirzWXhR-IS4KbDpgIu3-QwKjYpxnp1lJiN0NEJ8ddE95XFrUekh6hT2gGkAFLkc|https://lh3.googleusercontent.com/gps-cs-s/AG0ilSx68znwwVvo7prtHjRqtLrCx9ErOGyQIdZaMgAmiKeAPHxNqL4x41vVxPxesMVD6rXd6YAiS_6s_oOVA-GWZVIBXiFuFzhm_A2R_Iwc4nLse-b4NHuFugGrVN6jUkSBcav7V3zTnw|https://lh3.googleusercontent.com/p/AF1QipM-9YgN8j3GA0LuOxGf8KZexNTiDOAfgY9DMQE8|https://lh3.googleusercontent.com/gps-cs-s/AG0ilSxyhZn6u_FiIHAXdKiXt0t2AAdNTvOW2hG42FoBWiwqgEtdAvf1XpzhnwSA7gvaK7V8R5p2aV0P-dwYhRRFRU5obObj0MyOiYEQ_i_G85-JczG9ruXiai0csEeVlDwbhoPbZ0w,05377-76878,https://saloncasoria.ma/,https://lh3.googleusercontent.com/p/AF1QipPE3lkOmvz37NHOu0kZw5QT3vVrGjxEbxgEtMO8,Salon Casoria
