title,location,image,website,rating,images,phone,description
Dos Amigos Barberia,"22 Av. Seville, Tétouan 93000",https://lh3.googleusercontent.com/gps-cs-s/AG0ilSyclCDKIRnwvNZQkLhZLaWddfokScN-IVcEtrELP0b8yd5CRRw8ZB_o3-sYypx4nywj6zXFS9OPjDZxU0OAZ_audOz_00_S_ZhqOyz5TPEay3Cb8Usm1JrZQYVdplWABlOMTXk,N/A,"4,9",https://lh3.googleusercontent.com/gps-cs-s/AG0ilSyclCDKIRnwvNZQkLhZLaWddfokScN-IVcEtrELP0b8yd5CRRw8ZB_o3-sYypx4nywj6zXFS9OPjDZxU0OAZ_audOz_00_S_ZhqOyz5TPEay3Cb8Usm1JrZQYVdplWABlOMTXk|https://lh3.googleusercontent.com/p/AF1QipMRvJDy-OvUrK59TRLvCTLh-fIXFREp_tWGgq0t|https://lh3.googleusercontent.com/gps-cs-s/AG0ilSxQtn8pv6MLpkx2t6YB7oNffb3ct37I8Q4Jhq6H3elcjXmsUCA_TdU0KqYB8EeVAXS2PR0p1n2QbPJCIKlFsue7dM_PP6FWhHyYdyA9EZTcszLI6wJUuwsIUmXHe9XqmZNyP02X|https://lh3.googleusercontent.com/p/AF1QipMY2WdszZfzCRZAXNoFfZ4UElbxtiHdFsbQrJFF|https://lh3.googleusercontent.com/p/AF1QipO9aPPvM6XlIijjp3sNVHfSUst8JPh5UaJOIFLZ|https://lh3.googleusercontent.com/gps-cs-s/AG0ilSzaZ9ojx8I6W45QzQ6pCjmBdTjYH2qT9q2se7vagq1KiRi8CtInjkjFg1opModuw1otNzAopriCiazSBm_hCzxfYhcuvxkUaQi3Jt9_GOyJt7dwhugo4Qbz2r2EhQVJOyKPgrBVcg|https://lh3.googleusercontent.com/gps-cs-s/AG0ilSzMVhjJbLgaDX0_g7mCsYgPYpFVq9M2t7LAxrP0jH4nDOXU_UDnDo2vvJKgJrTHt8g6zn_T1Q8dIEaCG8rQQNKh_-OTUyUzG4nthFvzfVfj_WyqQoDOi87HHkOtoHnI6RzvJl5g|https://lh3.googleusercontent.com/gps-cs-s/AG0ilSxiiUYRLLktG8puhvEt-4dXa_9x03QqPBRq5-9nRRun_NVlCQzp5D6zi3lKLgAq9qYKNojcnSXmxUnO1GRczg6RECexvy_g1Sy4SnlLVh2ed59Xfl92swaxW7fHcRIX77H9fmcp|https://lh3.googleusercontent.com/gps-cs-s/AG0ilSzB45QnpU15Y4lW3m01jzASFSax1KIzmFf9nfsgKBmA9LEt4fD11NneVcvOa5B1XRuqoX8EdHyLBaJnC4r0isRvQRsyrFa4YpTDmzahmYDw76Kzl_j9PYZZ5_9N66_ZQE1dNVA|https://lh3.googleusercontent.com/gps-cs-s/AG0ilSx48nsCgeuE93eWrcIRwOiKo0yq1-W6voXA_rXt5k2Pmr0JUrwzP41UPT3UG7m59S7GN2GcaVDHWXZzEte7YO3gsZlNXuJDOdvFP__YRlKwHmvk3QOaaTYG47R6jfS4ck65niWq|https://lh3.googleusercontent.com/p/AF1QipMyovgknQ4d1d4J_DkpaZD0rJlyQR_Xa4lxgYVT|https://lh3.googleusercontent.com/gps-cs-s/AG0ilSwwMZiY_pS_WcmXSeSbWPr_rMZ-YQCbhI7U0WA7rEg1iZa249rAkWylx9Sxyddb7TvG6xv6XWQs7ptXZgQMbY6rV24AANkux4vaW-tXLos-b3_fHpYETSs6idJk-HdDTmJChDKR|https://lh3.googleusercontent.com/gps-cs-s/AG0ilSylMtB1azAYihdY6Elm5oKfeXtTGoT-3JUeeXYyRdMW029ypsNkYYpE5igZW45vYYj40A-O_VECeFHvwj7J9UZvcshzTK4vDkF7kyTlLijV4OJML5bPd3Z6eVtKPTmU0NGyF4FS_g|https://lh3.googleusercontent.com/p/AF1QipNzm_MSDMIALPz33L11E7_w005WEEwGoQhNVyMe|https://lh3.googleusercontent.com/gps-cs-s/AG0ilSy9aEEKpUc_ZzIbV6jpI-8siRBk7QjbFp9WZgUI0HtMx4u1vCehnkmKcGUgrRiHismmyk7ucRXN-LxFyAlhR93L4vsnTm3LeSletxO8UeVHBrvTG6-DDV6ZjbdIUIIRN0KHdmI|https://lh3.googleusercontent.com/gps-cs-s/AG0ilSzP__j2L2B4wl23j_DFmBDSo_Vq9W4wmPv6CN9-NV2ZewntpYvbVehpZYsXK634O175PPoqyi5TifhpJsEEKk7IZ_6s2zIUdnj--8qOWJU50vZSzyx8bZvnD7pgQ8G-6jhYeA-yHA|https://lh3.googleusercontent.com/gps-cs-s/AG0ilSwBN-srKZzQ6nS1oz-6KetX0HownsF8yviDv_qE5c-a52bj8gImid4mZdWpv6DJB-b-najsThWwjZmQt4KvK4aLje3xHdjnAFGE4D8VJitbyX6dNNew0nwEweHdnU_kzPYm9frYqg|https://lh3.googleusercontent.com/gps-cs-s/AG0ilSwhnStM1P1StKTDFrZESzXJq9VnuMuCdsOwyZtXvsRNmT9Q-U0cWlMAgRacyX0Ec9Rbhfu10XnwyJfnN3LCQBeP4xti9nAxWMPpd-zCIE2ouFaNHL9U_JENBCELPILFvHqCgPVy|https://lh3.googleusercontent.com/p/AF1QipNoJlheJrzeVrP52EVn0EBqhRW3E2S9L1BoHBoN|https://lh3.googleusercontent.com/p/AF1QipP5wzwRWauyD4I0BUW6e7FC-zO7wZWTQiXaoeRI,05397-24371,N/A
Neeg Ziati Barber Shop,"N, Salim 1, 7 Av. Ali Yaeta, Tetouan 93040",N/A,N/A,N/A,,0666-719233,N/A
Adil Barbershop,"101 Av. Abdelkhalek Torres, Tétouan",https://lh3.googleusercontent.com/gps-cs-s/AG0ilSwqhJhbCheImFZOITJEfzxhsSV1mlWsSg_vv19-2-Ax5ogAQBeruXSsFaD5Den5-jTMvaFpBTXrykplDsID9lM7pbARsSk2HJUmF0i3TSEhHC0TfMJfA10HDz_M8Xo5hfifu6p1-Q,N/A,"4,7",https://lh3.googleusercontent.com/gps-cs-s/AG0ilSwqhJhbCheImFZOITJEfzxhsSV1mlWsSg_vv19-2-Ax5ogAQBeruXSsFaD5Den5-jTMvaFpBTXrykplDsID9lM7pbARsSk2HJUmF0i3TSEhHC0TfMJfA10HDz_M8Xo5hfifu6p1-Q,0678-089815,N/A
said benaid barber shop,"HJCF+QHG قيسارية الوحدة, شارع الوحدة, Tétouan 93000",N/A,N/A,"4,9",,0671-611888,N/A
Barbershop Reda,"93000, Tétouan",https://lh3.googleusercontent.com/p/AF1QipMCIjiwBJSzS-YYTsb2uYea2t6cPMBN2OjB-kTz,N/A,"5,0",https://lh3.googleusercontent.com/p/AF1QipMCIjiwBJSzS-YYTsb2uYea2t6cPMBN2OjB-kTz|https://lh3.googleusercontent.com/gps-cs-s/AG0ilSykxgEVrXAacG4ysZ2z7U2TCKmUMoS-5eNnI8fx3KOstI4yldAn7UyB6s57_FMqpRLkcrwcgnQflR5BueLZeacDMIC91903bRSyB9sNNpAQmdluEUNXnvg2MpwXJumEU0feHr7Xpg,N/A,N/A
Soufian allal,"24 Av. Ghourghiz, Tétouan",https://lh3.googleusercontent.com/p/AF1QipN1a9KyV5q7qX-A93lC3mp7DfLn5Y7P0aaGx6wk,https://www.soufianallal.com/,"4,9",https://lh3.googleusercontent.com/p/AF1QipN1a9KyV5q7qX-A93lC3mp7DfLn5Y7P0aaGx6wk|https://lh3.googleusercontent.com/p/AF1QipP8NLwF3slDrxcANASWbHpnIDpUU7u6cpHmpy0s|https://lh3.googleusercontent.com/p/AF1QipO9QO_bl4pJMEhDc_5JUVM9EonfFaRw4ioxMoyI|https://lh3.googleusercontent.com/p/AF1QipNlNzFOXKfRdtRu_JAMWhwGABZkgdGNhOBM5K2q|https://lh3.googleusercontent.com/p/AF1QipMg3fiCSv11pjpnXx3bXoD_FixWIzT3XpK_O-5d|https://lh3.googleusercontent.com/p/AF1QipMFRb358lFieqKFVHoG_d-5QjdA2eObyT5K8rib|https://lh3.googleusercontent.com/p/AF1QipPyMnDyDzWKC7tmMwBJZo1JCmSA7kxhBEcJyJel|https://lh3.googleusercontent.com/p/AF1QipO4r57kHh16xfGparexnpmOLD8kMHHcxZze0eAH|https://lh3.googleusercontent.com/p/AF1QipPS12AhiKefp_JRuFxL70Vj1HJtL6DZ9ozgO2pi|https://lh3.googleusercontent.com/p/AF1QipMtWr5Mdkxuabad9C7pNk1Ar4bI3ko-8r4RBn0J|https://lh3.googleusercontent.com/p/AF1QipP36Z-jDqoXca7gQNiA7grpPU3T0VznzshavK93|https://lh3.googleusercontent.com/p/AF1QipPMy93409M6_3SuPPoz7xWIQRfg0TH2en2wNwfZ|https://lh3.googleusercontent.com/gps-cs-s/AG0ilSxZZafGjkauJ1iFCo1wb--S2g1wVnwm8wkwYzFBgm1713Xa1keyXR1a3sSYMTQ03RY4UsjGBui6lwVAetAczcHF1tGxsScMNtoP1RxL8_kBFlezdg6L2liWnKPk0SMpPDMMPHXmgQ|https://lh3.googleusercontent.com/p/AF1QipPSotN0ZW8TjjJ78vW_zgJdFptVICRnAhKUf8ED|https://lh3.googleusercontent.com/p/AF1QipNZyOqxzap_7uoUlS6H1AKdqhCIEogdsTzrB6Br|https://lh3.googleusercontent.com/p/AF1QipPbQC7YCsO8cAlv25rneJv6yQfUFj9PQPxqwMq8|https://lh3.googleusercontent.com/gps-cs-s/AG0ilSwznmq7mI1dmgli5j5ry0iGSMIyK2ke6DCNWQqJgkJKqIk11oScrq_fx292q5HRJOUwTVRdP98UYmgBvPlCrT222mHZlUpjizrhQrOd1H56vvBiBaGGNLDjy2E-MTyiRe1fne2G6g|https://lh3.googleusercontent.com/gps-cs-s/AG0ilSxwVnHRZpS4a-NTIRNZV1b2wUr2sHZZt3dq1AyhDl6J91v3KQYELpJdQevIsECNLkVBiKKIFgplHTjssYoS8rcgOnYTgCul1nkrMrQyJAB4WlDVHFRBJGcxmS1tABXhSMpzOY0|https://lh3.googleusercontent.com/p/AF1QipMDCJflybUCgSlgu0w11sFWNz4EcsMebbmTqtHI|https://lh3.googleusercontent.com/p/AF1QipPpwLBHfnF5UkWsD4PNUKk_pB7p79KprFdtx9B9,0677-352425,N/A
💈Relax barber💈 Men,"Boulevard Mohamed Aztout 90070, Tétouan 93000",https://lh3.googleusercontent.com/p/AF1QipOWwbQoXpyVN_jX59a5R8fvgxRzY7aZOkVjQwoF,N/A,"4,9",https://lh3.googleusercontent.com/p/AF1QipOWwbQoXpyVN_jX59a5R8fvgxRzY7aZOkVjQwoF|https://lh3.googleusercontent.com/p/AF1QipMfUHIdCOaX39VzLZ33qLSq4FUWTgehpPS9kJhq|https://lh3.googleusercontent.com/gps-cs-s/AG0ilSwOSRWooCQQ7R0VdV7_mZNfJplqGc9ytRHk2l8T3loZ8CSks6oT1PAJxet8GcBn1KfHdOHBIh2TVd2EaGR4TuOTRwZN3ZUXwPuM9_2wEbLE7c0cSkf2Y1n-TEIglYG2H-RBKcU|https://lh3.googleusercontent.com/gps-cs-s/AG0ilSwEXoE34NR0KPYHQfIHFMzkjvbMBDUbVjUKtKE19sa5ZY0o9EcCQ2xO7aMYmSvhxt1o22hHrDAtrxeY7MFZfVDi1Suayw9vL3HPgcQMVpCbYesgtPKx3NutDAlw-mB6nlgZ2UOHww|https://lh3.googleusercontent.com/gps-cs-s/AG0ilSzHD2O5da6DPZfWdT2h0DgimMV8SuMGAL1TXXKMVSW_zy7ZtG1_fTvrC_fhFryprCjQlqHchNpYQlgJ1AIEtxglyEQcb86iE9q73_5Hrl-w6F63jnZAiKPWuFyucY1WkuqX2zAj|https://lh3.googleusercontent.com/gps-cs-s/AG0ilSzoQNcgOm5r8dnzFOW2HtYGL_L7IhRhy_ecbLin54edc0dIRp7mVT9UeFYs0axegCGtwYTZY4QhOEr0jRe5d4wM5TE7u2Q5nQFmoMSJpWPl_utak2HRgQKUlm1EkVo5WrVyAJpQ|https://lh3.googleusercontent.com/p/AF1QipNuOp3hl0Obtw-yWeb1O33nLw0bgZp0mkHYKQgO|https://lh3.googleusercontent.com/p/AF1QipMIoxxJJOW6_VYSHkoE9A6MNaugvLoNf3wCG6sY|https://lh3.googleusercontent.com/gps-cs-s/AG0ilSzaB3o66kLUN9w69zUGnUgxThIsO83T6xkQYonMifR6ODqnachPMxBuPeYqEak3nv-wFjJfiZc0wrMDYKKzU0pgp6z_zS0kNK1gZMXN-dyUGs5R3FiD2wS4Ab4-oLE6Eg0LrFU|https://lh3.googleusercontent.com/gps-cs-s/AG0ilSwiNK_riQt5CQKtwpCXqa_tG23i1dMdUfwjdBOzNCEkumDHJ3IEG_qblBrxvG2ze7MdlO515V0NFBIwRj-yF7QlkGDkhxhRl-J_wK6SHC8SWnLe2PWKqCY9a5GI8L0bGWK5C2kr|https://lh3.googleusercontent.com/p/AF1QipOQnQpa2shHVL2ynYFRsmP92cf4ToAtSwtVnJ74|https://lh3.googleusercontent.com/p/AF1QipN1Q7KACfi3eZpXoVPC0CeB45fZkwF0zPgFXDW0|https://lh3.googleusercontent.com/p/AF1QipPW3Ndc7jS2CA-xE652eKzVaHSyK9tFSDjV9R5L|https://lh3.googleusercontent.com/p/AF1QipOULciivjE3Y6HvCl2au7mnPEEK-6K5jNRxmvJ1|https://lh3.googleusercontent.com/p/AF1QipPm73PaMSUSsYXm8ydJoJSjcuq3fQpYn254Om4G|https://lh3.googleusercontent.com/p/AF1QipOIbPCiy0YY9O9h7dEwlodXiw7X4nwyCmeRRXhX|https://lh3.googleusercontent.com/p/AF1QipPk1Rf6m8lwWV9XUVgkxfsMXW6U1j5Iw8Dq-k3s|https://lh3.googleusercontent.com/p/AF1QipNH6aNhN5btzxh37dFOuAeNqp0v9hFNvoqqpU36|https://lh3.googleusercontent.com/p/AF1QipP34U7qlgZ-Znrn4csb6-lFGQN06_vkTUAuxIrF|https://lh3.googleusercontent.com/p/AF1QipOOUqtS36iOCtECVqjcTnxszSS2ImQ7JnEobxqh,0530-355930,S'identifie comme géré par une femme
Moustache Barber - (Hijama),"Av. Cordoba, Tétouan",https://lh3.googleusercontent.com/p/AF1QipPeSfaHbol101erXUBTpv-mIP93cYgp-LmrtotZ,https://www.instagram.com/moustache.barber44?igsh=ZmtzYmM4dTFobGc3,"4,9",https://lh3.googleusercontent.com/p/AF1QipPeSfaHbol101erXUBTpv-mIP93cYgp-LmrtotZ|https://lh3.googleusercontent.com/p/AF1QipMe6IirNytrrSsHv95EweUTuodwCBjmxCzeVrJ_|https://lh3.googleusercontent.com/p/AF1QipOhow-LROFo7VUL8qOdsP8Fy7GJ8bqrUs7xLA8a|https://lh3.googleusercontent.com/p/AF1QipMwkZJNHdAFG8cAo0PzYQozH0a5PQ_30_mwfxYG|https://lh3.googleusercontent.com/gps-cs-s/AG0ilSyzmg2YIcVF3kImwKSd9p7zhNEZvLpXjYdWiVLXPDJIKsn66rr777vhT2a2w5zQ37Gknfg4Mc-3pQkmJy7bvrv7w56s_BRP8tQeofvB-uEciK__gefUd3WBiRFA80di2nEt-pxs|https://lh3.googleusercontent.com/gps-cs-s/AG0ilSy917K9b7n5WYgfhqPz10owcFZdy4xoOz521nIg79ACtChYa9ie9AZgIHEtAhjCY57d6fN3XWKPT1on2C1YL1WcFYZZVpsza0fNeguZfGLjG6QnU83JdzCF2k7F3y9JDmwSXlG2|https://lh3.googleusercontent.com/gps-cs-s/AG0ilSzshLpokWAxkm2nOoEi5cCymxbNOdrWpct5nUiP5EJELvbZ-jj1ZsPzMfGB-6Wkb31FrFKP9fJaZumEO4eUyq52D71rXul90IuaJfHqFliofTPq6Xo3xwbnjf_mrEl4hSPwDIzN|https://lh3.googleusercontent.com/gps-cs-s/AG0ilSw6kBQc__gmBLeKH82SJLtL1Kh1eBeB-Q9P9LJhusb6njNWnp_OLup8eApq1UGACIxZm3ADWfQEKCaJpgWgXzZn3Y_olc-YPZ8q1D0KgN8Flpep9msNe1J5Zm30cd5vgFzqVdvILw,0626-732341,N/A
Simo Barber Tetouan,"HJJX+4WM, Av. Homs, Tétouan 93000",https://lh3.googleusercontent.com/gps-cs-s/AG0ilSzN3QEpidHQtAQ3CTatYfXahqTbGHgl_lzeOrJfv7PXJRtIO2j7s1rHmAMlf0PhaXiJEK6Qc7s7BdYq5aETDuCq0q5wLX5Axx3U5jl2N5I4ojGywCf2hx67gwWA2pCi26-1bR4Q,N/A,"5,0",https://lh3.googleusercontent.com/gps-cs-s/AG0ilSzN3QEpidHQtAQ3CTatYfXahqTbGHgl_lzeOrJfv7PXJRtIO2j7s1rHmAMlf0PhaXiJEK6Qc7s7BdYq5aETDuCq0q5wLX5Axx3U5jl2N5I4ojGywCf2hx67gwWA2pCi26-1bR4Q|https://lh3.googleusercontent.com/p/AF1QipOuUCelmI-2WRayXQYi00Yzkb_5guUQ83PWxo1Z|https://lh3.googleusercontent.com/gps-cs-s/AG0ilSxxwnJq1dap0uAIXunHiyeTnZ72xRV4ujhhm0n7spE1HLwi85mmG9gdzhqnmQiFL2Fh-89zRVpdyi9nxEBM3jEQySI12UF807HsXvSxVLtQEMiDRJ9zkbqJOTLkuGzMcfM8siqT|https://lh3.googleusercontent.com/p/AF1QipNND4qEcXhIbjw0dWE2ufVxqH_t91nHdd2N1e1Z|https://lh3.googleusercontent.com/p/AF1QipO_9DXXJvzeP9_X2_rqiAqsFP_o49zqC4gxCBtP|https://lh3.googleusercontent.com/p/AF1QipNHra-5Vyb7cZBWhdPFGjretpIg8wr2KjHrpyEu|https://lh3.googleusercontent.com/p/AF1QipMsdsiy4vdwLJ2uraeOi4uIzhOWaEzZtzULVlto|https://lh3.googleusercontent.com/p/AF1QipPNmfD6Q5o58fUzALREd9wv2Kt1bM87V7PRVkWh,0664-056066,N/A
"Salon Layachi Pour Hommes : Coiffure, Rasage, Soin & Gommage","Av. Jbel Tidghine, Tétouan",N/A,N/A,N/A,,05397-20965,S'identifie comme géré par une femme
NJ BARBER SHOP,"JPGC+QHV, Martil",https://lh3.googleusercontent.com/gps-cs-s/AG0ilSxygOGdeD_GqXiivwvzzb0J_qXqtZ0BAKf1ENGIBO2n8ckNQEz2Kdw4Vouz8GdtWjLejjhJEmx6_Yq_MERc1zF6b1QNh-dCMY3sO0QbYOmX8yPCUclB1vlkdOlvDYBUldRKkps,https://www.instagram.com/nj_barber_shop?igsh=MTM2OXV3a2E1dGl2dw==,"5,0",https://lh3.googleusercontent.com/gps-cs-s/AG0ilSxygOGdeD_GqXiivwvzzb0J_qXqtZ0BAKf1ENGIBO2n8ckNQEz2Kdw4Vouz8GdtWjLejjhJEmx6_Yq_MERc1zF6b1QNh-dCMY3sO0QbYOmX8yPCUclB1vlkdOlvDYBUldRKkps|https://lh3.googleusercontent.com/gps-cs-s/AG0ilSyJmPGIUjd5VSXToKadpVgCuGaVHihaV31U5wP3JEmFPXrn1XrlkkbChotalUaHw7Edzg4YqRxnDr32Y6btIealuIW_MqOZ5aBT9gR04inx1OCYoxu5Z-KRZEyE1Rgygahj1XMZ_WWTseS8|https://lh3.googleusercontent.com/gps-cs-s/AG0ilSyVAzgeOpW6ExeQz513ytZA8KX_EdnKYktzgx2d5T2vgVJ4TaW5qb0A09nYQXI9vavASwwNONB2lUqDgIyhPB6H8TcYED_yQaszE6WpFEc6abY2bz9Fn4r1wxb3LaBDk7eZe9rKKm2lvTYt|https://lh3.googleusercontent.com/gps-cs-s/AG0ilSwCUaW4JUDtSnamj4DLA3GTUUYhuPyO8_1nuBgwWubO7hMs_O6Uo5GeJISr5tkFgmGNSdYLk1P-4yO2qhU9kgd6h6Jg_DEet-Z-ByOoCk7Uee1CRFP64BUHZaCWGAwjP9XG0L7T2R82mssm|https://lh3.googleusercontent.com/gps-cs-s/AG0ilSwop7Ov5MjCp2JRurfQBP4O-FM4_T7wMN-AepGBuBgTkK6w9AQPPxalc2_LlcMLLc_DyhUIq8QWh1NLrq9-8EWl1htfN24HRxB7NzJbPomDdVmIP_yCVkeSU1EqHw7oAdIptzlaxDoPFLPk|https://lh3.googleusercontent.com/gps-cs-s/AG0ilSzfsRYmdurpQD_XxqfVd8Sd9GhOsFVUvv1FAw44N_Zjn7GKKlH3wq_sRtlJ7akv2WkZxvFLLFNo6QcRaVXxlBhlj3dLWLk5mDVpgzoJXb8Lg0ZbTDC8ZQVzi2u8abmW-iBh_ZoPkQ|https://lh3.googleusercontent.com/gps-cs-s/AG0ilSwM4U4bTV_B7D_7O5dqFM885VSm6jQgiaFm65OqHyMUVvr-0AOnsFOqGPyfAlOw1lHKzWHCHR3k-c8rMGc9g3sIAglRpq20FSII1cl2Ar_sLNRikCMqTyXEsH2-oxHa4vZazoVPGA,0723-080303,N/A
RIVER BARBER,"Av. 9 Avril, Tétouan 90070",https://lh3.googleusercontent.com/p/AF1QipOK1F7X5jjd0RWdvi9prkkYgTOz356gO-4QbiXC,N/A,"5,0",https://lh3.googleusercontent.com/p/AF1QipOK1F7X5jjd0RWdvi9prkkYgTOz356gO-4QbiXC|https://lh3.googleusercontent.com/p/AF1QipNSaEcRl9QLW5Nca3FT9FUJU_qIWv_1fBiTwBnq|https://lh3.googleusercontent.com/p/AF1QipOG0gCUcuNy6J3270avmv8LYB70C8xzu7z3Y1W2|https://lh3.googleusercontent.com/p/AF1QipPcJAmwkLHhCLDBryrz3AyLPQFO3qc8xc7Tsawf|https://lh3.googleusercontent.com/p/AF1QipNgv4WC2um9sF2YqEDVWPyGwRWqjA2opcjer9w-|https://lh3.googleusercontent.com/p/AF1QipNrSenca-kcXDFfRS9iMUeip00cBoYJL5Z-zEWP|https://lh3.googleusercontent.com/p/AF1QipOja9CdR_9woq52PLBM5RKHny8OepKAtI0tBNY4|https://lh3.googleusercontent.com/p/AF1QipM-zSFVP_LFbYanlx37Mw-Qm1V4HyiEwjmL-B96,05397-16516,N/A
Barbershop Sante Pour Tous,"nr 9, Avenue Mohamed Kharraz, Place 14 Aout, Tétouan",N/A,N/A,N/A,,N/A,N/A
Élégance Men Barbershop Salon de coiffure pour homme,"Av. Al Massira, Rabat 10150",N/A,N/A,N/A,,0661-758505,N/A
Younes Barber,"Av. El Hajeb, Tétouan 93000",https://lh3.googleusercontent.com/gps-cs-s/AG0ilSygT__VMkHNby1v4U89kxXuu2vk6qsjUJdnjTNDtZda_wnEu6YSScuYxkLBRY9hDg3-eb6lTQg2w5tI4TdLYbDQuC6xF_k2hj828sIyBX9-13nZgPhAjoEaDh2s6lSGr_KUE0oWzFnpdWzE,N/A,"5,0",https://lh3.googleusercontent.com/gps-cs-s/AG0ilSygT__VMkHNby1v4U89kxXuu2vk6qsjUJdnjTNDtZda_wnEu6YSScuYxkLBRY9hDg3-eb6lTQg2w5tI4TdLYbDQuC6xF_k2hj828sIyBX9-13nZgPhAjoEaDh2s6lSGr_KUE0oWzFnpdWzE|https://lh3.googleusercontent.com/gps-cs-s/AG0ilSymJrbV6kFo9KOoJ5E0oNQLUiXWcXGPNqzpLSKgpeMuo6OBUNP5jGGJ-veLXfiMRjLLzHee7Ck37rVk7SM4ZD4-FHoFlradQWVSFs7xxpZOlIFFLbhDYO-O-Jgkd4PgPIsu9ea47jsJFPrM|https://lh3.googleusercontent.com/gps-cs-s/AG0ilSwvg5fW-aKE9VMMg-Y1K5eAYudYI4WrRG5vcH1srDdEcXjMQFUv-NeYTTswhJc8UX7_twD3q_bBtYTj-BNS-V2Ik1yLe3dsudgiotpk8siJcv4lhQ5-_LRHx5969xsuWNJ6dhuPfdhO7OtH|https://lh3.googleusercontent.com/gps-cs-s/AG0ilSxsvVArdeFydgPnUBxpOmuo2yLMcVB8KeT1ogHzUx0kBWirJh05tdWNFGrmMmiWR-cFyu4MA58JyukGkatv-GFaP5txIyjwWZPWdnOXD7edhDM0skDyo3MHoidoMyJsdOlCqKnnMJDnqYHW|https://lh3.googleusercontent.com/gps-cs-s/AG0ilSwAUqPFk5sJ0OHFsZNbwk6KFTmjhGzzP6U728YnCDDO4lv_duxfQiFkHJy_WU02gGtjlFZ17lYciiYPu4eBgFFpI6QKG54I9rP1aVyv2pVfEwulVlFbq76R3v1iaBscddvoYw8KOKcXszVa|https://lh3.googleusercontent.com/gps-cs-s/AG0ilSzmASAgPiJhUkDovYjsQQdqQ2boIQ8yvhZdwroL-_YczOviyURc_QUlU-UnEoukRvnNDPt7FFAmrS-QCuluf42IYqm1efYudhYQLdiiEWIWxwAOV3juKL0d94rakAy8OrrypnG_emeDyx0,0670-868411,N/A
Ghali Barber,N/A,https://lh3.googleusercontent.com/p/AF1QipPMWmAAxzDCDta8b9K6pv7W2mMdvMl5xepg__ay,N/A,"5,0",https://lh3.googleusercontent.com/p/AF1QipPMWmAAxzDCDta8b9K6pv7W2mMdvMl5xepg__ay|https://lh3.googleusercontent.com/p/AF1QipM7JpvOAaVr5fFxVhpxU5Jq8iemX4IYzKooylaj|https://lh3.googleusercontent.com/p/AF1QipPDv8VVF0092_d_XNdBqJ7Wir-qugo1ipjA_D0-|https://lh3.googleusercontent.com/p/AF1QipPZ-lB6Af2MIAUjaEzwRqQF1WLbCb0u2qTnfDtz|https://lh3.googleusercontent.com/p/AF1QipNTXxR4Nd-XS1v5p-u4XBGSYenKQ9kVS_a5brt0|https://lh3.googleusercontent.com/p/AF1QipOLZA0NojdFP--5WLkhU7VAPzIGowB4AF_yjNMh,0677-512048,N/A
Salon ElKahan Barber,"N 32, Hay Aghrass Av Bani Hozmar, Martil 93150",https://lh3.googleusercontent.com/p/AF1QipPoforLC-Vt64c6krUBUMpPCTS5Y2LtVnP8ZnAy,N/A,"4,9",https://lh3.googleusercontent.com/p/AF1QipPoforLC-Vt64c6krUBUMpPCTS5Y2LtVnP8ZnAy|https://lh3.googleusercontent.com/p/AF1QipNE-40G9z_0HUuBZNL13J63T-LU0Uw4119PGmjD|https://lh3.googleusercontent.com/p/AF1QipNioCNCJEk2P3vnc6DID_azqMPyNDo0gkczMI7S|https://lh3.googleusercontent.com/gps-cs-s/AG0ilSypQO75ljlZ9A_xKaI6oD-Xa4oE1N4TK0oHbDhADuiQwO53IKQ-H8eEoqmPEwzH7K1iLiLRR_XBEeKZ1JM-0bqeiLAyLLY7bO4ujlahQKQZHNiyFUgOLrh4LQfiHIbm8zmCGAk|https://lh3.googleusercontent.com/p/AF1QipOTRfMwVigvXbIFSMc2T9IewL19D8CmdhuPFTBm|https://lh3.googleusercontent.com/p/AF1QipPUHnqPxt1YCfnwei8GIJd0468o8RvlECAbPlS4|https://lh3.googleusercontent.com/gps-cs-s/AG0ilSyt9-vDMCbAakBpldZ1fY2zkDgQoVuxBaTnILfqtY9FVL9pHL8ySw5by_klrTXh_mv5PUcXDpXZoEiffASGEHloTiwBuGI5aS9D8NrQzUILr9KXNRdER7y6I0numPGTqheIQvmlIg|https://lh3.googleusercontent.com/p/AF1QipPlpPUmJOQFUSCCdOwKIAyiFku00hYk9CvSNa5m|https://lh3.googleusercontent.com/p/AF1QipMHabqcBPPZOLaYyCssAD4FUnH0RmL4u9lxuphN|https://lh3.googleusercontent.com/p/AF1QipNgyBmY-Ua2SNk5PxYPvVwSKm8Sm4UqOfVRLIC8|https://lh3.googleusercontent.com/p/AF1QipNBFyRzJ7k9dWIBT2jJFVGkFSkNRlN79RqTS1xs,0659-549463,N/A
Barber Hakim 44,"باب الصعيدة, Tetouan 93000",https://lh3.googleusercontent.com/p/AF1QipMHabqcBPPZOLaYyCssAD4FUnH0RmL4u9lxuphN,N/A,"5,0",https://lh3.googleusercontent.com/p/AF1QipMHabqcBPPZOLaYyCssAD4FUnH0RmL4u9lxuphN,0688-003787,N/A
mister barber,"Av. Ben Aboud, Tétouan 93000",https://lh3.googleusercontent.com/gps-cs-s/AG0ilSwe2VZ5hxP4T_v5OJzW3IR9Efw-d_pT-O0uSMsG51wGgjSxPga5ldEWBcMuWD0q0H5oJKu9i7KrGhwWNZXoAI1rwR_kjEAMf7VqmHKYzjVMHHCfLIWaET09nOYW2yenAib6YvtpThY0p3yn,https://misterbarber44.netlify.app/,"5,0",https://lh3.googleusercontent.com/gps-cs-s/AG0ilSwe2VZ5hxP4T_v5OJzW3IR9Efw-d_pT-O0uSMsG51wGgjSxPga5ldEWBcMuWD0q0H5oJKu9i7KrGhwWNZXoAI1rwR_kjEAMf7VqmHKYzjVMHHCfLIWaET09nOYW2yenAib6YvtpThY0p3yn|https://lh3.googleusercontent.com/gps-cs-s/AG0ilSw2y0xlnjKeJC96W3MZDEcIkG3_d2flHQAvH8BRACrNHeYQGtfNospHzZuAiJK-dfc3bpHhPD3CClgfv1jif_kt4cZnrN0zDCxlrikovyAB2OWHOYacDmLlhou8f2BgoNsmWFtuYAnVfBF4|https://lh3.googleusercontent.com/gps-cs-s/AG0ilSzvj_VTxeFyaA3rPgM3Q-oq6zZgPNAwJg9mS3GQCg1E1n3qn-zM1Qp1A2bRUeWNPo3HrpqU4G2wECde929V9QMJN_LdCtSme2HSokr_MqCyf3MP69JJLiXNxJY14KVldrXFLpCIvTpbOWc|https://lh3.googleusercontent.com/gps-cs-s/AG0ilSwp8M5ZVU052Zhe54xzWsZylGkPf1AGvyq0KDdBchdpxk1XxzdOn04Fg7Y3585MYtuAyrMvuWm0SDol9TxdnYbO95BBjtctKzY_bVfaJszu-Cc8kLQjRZkrehMOrKeFOkHJy0R9A8DtW0ld,0675-667999,N/A
La casa de barber,"رقم 8, زنقة درسة, شارع الشيخ بالعربي العلوي, Rue Al Hanae, Tétouan 93000",https://lh3.googleusercontent.com/p/AF1QipPT-ioDLHotFHdyZ4l3z92FL6t5VSj6HCvdC8dM,N/A,"5,0",https://lh3.googleusercontent.com/p/AF1QipPT-ioDLHotFHdyZ4l3z92FL6t5VSj6HCvdC8dM|https://lh3.googleusercontent.com/p/AF1QipNdvU-ES06PkVAbYGdwPM50BpMxK4q2viA65B0G|https://lh3.googleusercontent.com/p/AF1QipNMXwMIKOafp8Y2iIzEhwkeB4qYf2HeKrqJz_nj|https://lh3.googleusercontent.com/p/AF1QipMUzeUOKb85I5s-6npmSabm02Or7OqJuUWcFAih|https://lh3.googleusercontent.com/p/AF1QipPUcQTod2dUAlgHAd4dK3Hg8K85gAeoME6Sg1wc|https://lh3.googleusercontent.com/p/AF1QipM8_kB8dLkCW2FJ85OmYOopbAgxjf0WYbgHX5FV|https://lh3.googleusercontent.com/p/AF1QipPFiw8lHbkqj1YmDhumyPKQ6eQ1-2XdUwM0n61V|https://lh3.googleusercontent.com/p/AF1QipOoWtnEh5oVBM6fgIdV3HB5_XGcpB1lWo4OLs6J|https://lh3.googleusercontent.com/p/AF1QipO16RStvD19LouVvsQE1k3WO457COzuHtMM1BV1|https://lh3.googleusercontent.com/gps-cs-s/AG0ilSwWOEogFz-dtf8zi4f_LtUxUIhltDn4SBdupGT3ku4doltid2FZZ--OEELVDPCKxEWVxrFDHMpLRH4Dnp4Cq_sO2kd2PpzHg4pBiLXdy2JfMeoO0EIUoGEYG9PSpc0nQdJ-fFP0,0637-905585,N/A
Barber shop lmadi,"JPG8+QHV, Martil",N/A,N/A,N/A,,0664-870753,N/A
H`BEN BARBERSHOP,"HJ9R+HQ9, Tétouan",N/A,N/A,"4,9",,0628-784757,N/A
Barber shop lmadi,"JPG8+QHV, Martil",https://lh3.googleusercontent.com/p/AF1QipPmvWd1xzOsWyl8Fzk_-aFMiJZsWu5MXVU75PAK,N/A,"4,8",https://lh3.googleusercontent.com/p/AF1QipPmvWd1xzOsWyl8Fzk_-aFMiJZsWu5MXVU75PAK|https://lh3.googleusercontent.com/p/AF1QipPtUizp2--VqIhPDD4AP3MGvWYNXmiQYfEHWNbN|https://lh3.googleusercontent.com/p/AF1QipM3U54SZ2zgy7fv7O-GCJlu58fKEbNKD662uM-b|https://lh3.googleusercontent.com/p/AF1QipMAeqfnpvabZSsE5bOEA973BOyXLfLI9CPyyFDJ|https://lh3.googleusercontent.com/gps-cs-s/AG0ilSw5I0TDmARaqL2MAYxfwI3i6koNjTr1rQxdUfoAQuCYNAdJxshjOAPMhrYJJPO8X206xtB_IYiwY2ENeTr_F-27uBwl3esziqMI5EW1l-Qe5YpUacUNgkmO6q9t8CmDw7xFMN-H|https://lh3.googleusercontent.com/p/AF1QipN68Z41QKLwPI1ruvu_Nw5NtCXqE-iD65-QFTRX|https://lh3.googleusercontent.com/gps-cs-s/AG0ilSzwJkmdiSQlaEE2DQ-f7GDTUggT_o9x4uznvITnvLkHnXc_NDYJq3D6cucwTqPc76a7pN-ojcfrOBS15LxcWiTU7oFLoqAvD5GJlwsRACDc23XtVCHra_brOjQJ8HZjkMU5vTA|https://lh3.googleusercontent.com/p/AF1QipPWS1-fhclbltQOu_CmQY7OtlO8kyYtG1pxC5d6|https://lh3.googleusercontent.com/gps-cs-s/AG0ilSzdEOpPanEx7h49YUbK5KR9vI8qxTVAWBYoyn33oYigjUJFiNzizd8DK1ufe5A6HTuOoFL5A5yLyH5XA8tqgsywqJ4W_dauzhCBPNRm7hqwyNHa8C2wKwMHNzbq2AOS-t9QwG8_hg|https://lh3.googleusercontent.com/p/AF1QipPoiO9wI4S6pR67gIzmlTaLu9gTANoIlTfM0Lpx|https://lh3.googleusercontent.com/p/AF1QipMbGWcUXd3mPQa-3WvtO1mvfXJz-mPhk6xtEsYK|https://lh3.googleusercontent.com/gps-cs-s/AG0ilSzOfteThSEzAo_tlVpqyKJwKZxw998RadbubsDiRpM3CnCqpSqHtI1Z1JVR5fJQqRi7Frpe8lcBz3IAkSB_78fjrPBWuUmZK29HHjM4XIP8uGlnseZqSMb03eY80rtLgekzKHGRRg|https://lh3.googleusercontent.com/gps-cs-s/AG0ilSzKgjamTsWvnCXGHWD2nZFOqQKhuvE_azR_NmSH6yu5OggObSkdImerqYLOch5TlMwr0IhMkaVQxnwoBY1Kac4CYik19SVLu5VtQV7QB0ZHCtVkwuubf3Nhe2R4YdncJYwDvZ6x5A|https://lh3.googleusercontent.com/p/AF1QipOR6OVlTWdueDWbJC-J5UXPJoZ-becFfYoKLGcv|https://lh3.googleusercontent.com/p/AF1QipMZU3IgVNoNiF1HnKYYe5j1mrglJ11I_a06gX9P|https://lh3.googleusercontent.com/p/AF1QipOhlTNqfiITOMUZah48l6U3kqd61X9R_ym5iJAR,0664-870753,N/A
BarberShop salon Raouad,"Av. Fes, Martil 93150",https://lh3.googleusercontent.com/p/AF1QipPsTcTqRSDBISBaJx1E3ZaYp9gHYFY9xVKjJHSi,https://youtube.com/@raouadbarbershop,"5,0",https://lh3.googleusercontent.com/p/AF1QipPsTcTqRSDBISBaJx1E3ZaYp9gHYFY9xVKjJHSi|https://lh3.googleusercontent.com/p/AF1QipPn4T5TJ39YqZVIISENIcR7ixrXLqx4WLG0emOQ|https://lh3.googleusercontent.com/p/AF1QipMj-Q8Vzb8Fad5AIuKzL0Lldd9aQlSFwAykaIla|https://lh3.googleusercontent.com/gps-cs-s/AG0ilSwgoohaURyOI5jcIXQANrEgxvugjey2Sc1fYdOpdr3QaSQ0kmKdGPcgxbAe_PB1HXBDJar7khbOG9NO5fA-24xU5rs61Pc8jPyBKU61wMSjUEnPijQrxgNS79yvbnCKdr9GzYdfoltuEw-n|https://lh3.googleusercontent.com/p/AF1QipNzZg8LTkopZHzOcFzVk-N4zpln2L7Gv86xDeQq|https://lh3.googleusercontent.com/p/AF1QipOJn3_JX-MkUZ2OriWCZb_hKkjntJdcAL1Nh6Sb|https://lh3.googleusercontent.com/p/AF1QipPWCcvUwVJZP_OfaiJ_9bkJ6DoLosxWz8g9fYJN|https://lh3.googleusercontent.com/p/AF1QipO_QVx3YRJdgGbjpmjzCm5lTGJnRcRuazdW1h88|https://lh3.googleusercontent.com/gps-cs-s/AG0ilSwGdw07cI4SWv0MSizraXCVJPmwJYNqVLVWBLoDiPsAEIhU_GEVh4rxHctX6jKQZ3Hg6f1Xs4KnctltE9-r1mwsg67-aFiDhpc3ui7ASBxC7fL0Nm90-35aTU8bwHjSp9J_qbnISxfCysY|https://lh3.googleusercontent.com/p/AF1QipPI_QrRY0LNfaR8a_VmxXXQCAKLqcoT47kATr6f|https://lh3.googleusercontent.com/p/AF1QipPOop8f7CSt-CLKJZxC6Ia8YFoUgP8bjDadWHwD|https://lh3.googleusercontent.com/gps-cs-s/AG0ilSwlTgP-isr2NCUaGQuTkiiC2fspXN2tYEOQXCS-YFPZUj-XaY9NpqiqgLvo11D8C2kGs0uY6iPcI6UUustN2AcyU4vetUP_rPEBYsQ4C6J6lRFd5OMbDW8ttQ1cjBRXrCsVgv-qx23x5UJx|https://lh3.googleusercontent.com/p/AF1QipP5LI9qTfclnUELmKkAYShr92wrF-pK33ZszDQ9|https://lh3.googleusercontent.com/p/AF1QipOZ3T-9RNnO5bAFZuJSxvf2SMcMxWq8V4nLR9UR|https://lh3.googleusercontent.com/p/AF1QipP3gNRMpWQYzeh-6xyUKf-EhOlNKmVD8WeJUpv8|https://lh3.googleusercontent.com/gps-cs-s/AG0ilSyFDyyWv1vMqaog7FSlEMS750nVrtFSRj3MnMgAL1840Qf3mBRJdkNiL7GxQbgD6qwQpW5MqmsxTIiW8T_zUneRJO-JPPDnX1uLb0HQYZ61DYONm5nxuyvSbi_5O2s4t0LdjxuUDn84RQE|https://lh3.googleusercontent.com/gps-cs-s/AG0ilSyFRaP0vL2bhgCYqtg84rehH4_bAU1qp1eElomDGLLp2kz42nPIdqPYe1TcvWh6NShdHu5TG4VjSJqiogNvzO3wzl7eyaZkkNnFkQmpMYgdako_OAVxEfBiu-XjKRXd4kinD3V85YRRjkMN|https://lh3.googleusercontent.com/gps-cs-s/AG0ilSx_B0dUwewSUtGJPmvN8gLYrQiV1F6XHeLB4BkovT97pkx5fimELRtnaIOMnEMAyhzT07i6ajZnNTAJm9gBwFDhHDVBTmRArNi6nNPcarSOupqVhe_MsKhCzcQwgbYe3PEv3Zkw|https://lh3.googleusercontent.com/gps-cs-s/AG0ilSyVuzXpg4e8swmC9tlTiNPqXYd4rs4eENWhmsb6w58IdYLAg1w8E1tOwO6uZ8O-WHP9fN0ylbMnOswW-VkFRB1wp-r4ZO8R7SqveZfbUjTq6v1ZheAGvJ-GbH0g3GVx-MHo14vv-g|https://lh3.googleusercontent.com/p/AF1QipOYdku6zRflXUEdidcXX1_bFskXsLA8Pwq7YKFz,0643-677205,N/A
Elegance Barber Studio,"Unnamed Road, Tetouan",https://lh3.googleusercontent.com/p/AF1QipO1OpfBzim5KAePbcZxt5Li-I2UqcGNAKEl8VM7,N/A,"3,8",https://lh3.googleusercontent.com/p/AF1QipO1OpfBzim5KAePbcZxt5Li-I2UqcGNAKEl8VM7|https://lh3.googleusercontent.com/p/AF1QipMyf-TVZJvAlu9pEDHJ1waovJ6zWJisfQ5edI_Q,0602-193085,N/A
Barbershop azdine vip,"HJC6+WW9, Av. Moussa Ibn Noussair, Tétouan",N/A,N/A,N/A,,0636-643913,N/A
Barber chop Touitou,"HHCR+7G, Tétouan",https://lh3.googleusercontent.com/gps-cs-s/AG0ilSzweRDImZGbG4CNZIVBnZXJk45fo6cXm6qGl_O7In2kspV7GXFCyBuRCQHHgQEtTCKwbTKzTmy4AHAZiuU09sgLYaRwiVxObBEoeSQGEkB_5BJDnQUpkipz3_DtVtoVuCHVmRr5YDiYvIw,N/A,"5,0",https://lh3.googleusercontent.com/gps-cs-s/AG0ilSzweRDImZGbG4CNZIVBnZXJk45fo6cXm6qGl_O7In2kspV7GXFCyBuRCQHHgQEtTCKwbTKzTmy4AHAZiuU09sgLYaRwiVxObBEoeSQGEkB_5BJDnQUpkipz3_DtVtoVuCHVmRr5YDiYvIw|https://lh3.googleusercontent.com/gps-cs-s/AG0ilSxPqwUhpQXkUYM1J0c534WswPOv8suW-ItJeX1FOLxk1WghgqfLyWMO0_Bgo2sldF_-p-zym7TjPSAgqgLEbuAlqVSSbjHuqbaIr4m2UbKAGUIYAnSHNNadGnlyl6JTFnIcb7Jn|https://lh3.googleusercontent.com/gps-cs-s/AG0ilSzyIsuEZDvhpG1HWNYZ0XoW2KMFx--zHvaO1ZhWTnIBDAkeMoKDbqxUiMixt6GUg_u0hqtx6vPauEDu1MLvIqhkmvxlpvFfISZ1eaZPC-CkoHSdoDI6hChoqmsd_M3b1JdP380x|https://lh3.googleusercontent.com/gps-cs-s/AG0ilSy_3GV7oheWCVR5eoBHoFdr_NXUMqrU0XQ003yb0j-dffbBDcLnVYTjkIIgaTygH5NsurB5DyO1PjJucKSwW-UTww0PNA-Ju3NF56d7OshwobaXFBYmj4DFcha5SFwb7YHH7Eo,0638-101873,N/A
Salon Sami BARBER SHOP,"HMP5+M2R, Av. Le Caire, Tétouan",https://lh3.googleusercontent.com/gps-cs-s/AG0ilSweG2efMvm6P6g5X24nZ107dfWHyxszGz1pWWpo6uCLaxM4xuTnpqREZkO47dW0NqxSt0MO_lDHaigRQklT7dZs_lFZg_mVkdnPXkABTqc6n_hDeUcMFtFHsJRsNMetqRtlHdg,N/A,"5,0",https://lh3.googleusercontent.com/gps-cs-s/AG0ilSweG2efMvm6P6g5X24nZ107dfWHyxszGz1pWWpo6uCLaxM4xuTnpqREZkO47dW0NqxSt0MO_lDHaigRQklT7dZs_lFZg_mVkdnPXkABTqc6n_hDeUcMFtFHsJRsNMetqRtlHdg|https://lh3.googleusercontent.com/gps-cs-s/AG0ilSxoroTYXvStsI1I0oP-1UfAuJUL0LX6NUwYeG4SJ7zJTnKWUS3VZYv6XFjgQClMYKC4x79azeZEEO8T4S_cS4OWeLJJVYyll09_7DwvIPyJ9dYh9KH357802CkLVR-N5KYJ6gr7hA|https://lh3.googleusercontent.com/gps-cs-s/AG0ilSy3423k3zL0j9ue1Qcf6GEoaO014fslLZ75am3LcStsKR-zA5z-qNI_KQ7zJraa_qwq34czq_mkrKTcyZHXhwXA-yxbYin7nubAU99BpZEHkRXx99smutVTIDiMP9nCYHYF8Qe6ag,0668-054590,N/A
Gentelman Barbier,"LOCAL 37, 130 AV MOHAMED HARRAK, Tétouan 93000",N/A,N/A,"5,0",,0689-793050,N/A
Barber shop HMZ صالون الحلاقة للرجال حمزة,"Av. Sidi Mohamed Al Kharaz, Tétouan",https://lh3.googleusercontent.com/p/AF1QipPS5P8zg5QMXeCVW2lw8GkCl_qJp-gwXfadzcky,N/A,"4,5",https://lh3.googleusercontent.com/p/AF1QipPS5P8zg5QMXeCVW2lw8GkCl_qJp-gwXfadzcky|https://lh3.googleusercontent.com/p/AF1QipNacdR5pKdeapE8lBbrUZh0RjMRCmImiFReUuxI|https://lh3.googleusercontent.com/p/AF1QipNYFHxp0SqjTJxJsCiHrPwsWdiFI62vvQeEckBp|https://lh3.googleusercontent.com/gps-cs-s/AG0ilSyD9jXzQB5aGpz61c3CV4Bv2kVFsAuG7A0HDdefE17kYdgm-An9mqx51Od-yFru1Avc6voKZeo8-wyAeL-TVuRAGqmOdm_cIglkNclo98YI4v-NKLjw5kgyozI2BUNkRcmEOTOVzw|https://lh3.googleusercontent.com/p/AF1QipPgB6gpgacFY1P11FcR5-UYhv-XmMEC4RV2MyZI|https://lh3.googleusercontent.com/p/AF1QipMTqL-4xMUVmuqmPwaTi1H3fY9U9xIv1qGYQAAF|https://lh3.googleusercontent.com/p/AF1QipN95p7ZHpHzc4mNAP4GEnhTUA9gah3ooMo3ZfCl,0635-345638,N/A
Barber shop cherik,"HJVR+HWQ, Tétouan",https://lh3.googleusercontent.com/gps-cs-s/AG0ilSyOvIV-toQ_VcCXWIx-KUPTun1mZLfiy8qz92qL3iW6GDTFitxgSccIHYFCtAftokI7DfrsqnWdqoyHvr7aV_daQO6rxQNudOoPqpVQ2F0_72QP3UiQM0XlByjcfY7C07mmhahm,N/A,"5,0",https://lh3.googleusercontent.com/gps-cs-s/AG0ilSyOvIV-toQ_VcCXWIx-KUPTun1mZLfiy8qz92qL3iW6GDTFitxgSccIHYFCtAftokI7DfrsqnWdqoyHvr7aV_daQO6rxQNudOoPqpVQ2F0_72QP3UiQM0XlByjcfY7C07mmhahm|https://lh3.googleusercontent.com/gps-cs-s/AG0ilSw7WODpztJ_m35DNvsALcGJ3VrlZhaeOmgtoOzPXkBmGQWgCROSZZHz2oGCDRnCgWYGJJjOjKddt4Xp8aUkitNoEU0kxgzEsHcD_Wpc3t2G-A8f4WppSP9nx7EoHEFPKS9kh9teOw|https://lh3.googleusercontent.com/gps-cs-s/AG0ilSzhfuNb7ZBBx2kTVeqsk_fx_zc_axKOQNB2iMWjk2Y4NbtLry6Yinrn0v-z2pp9H_I54HA7p-t2vG0ckBj3dhSZYhGQ6Xvl1bRRh4R6tlffnjVA4sgOhOkzKUrxGPoKY6XZThqi|https://lh3.googleusercontent.com/gps-cs-s/AG0ilSzL5aAM9bryBG06Ditz26mcO-SNtGSFDiG2ooiLtnJXa6TXLVlEcX-Ird0GJs3M8g1d9j-xKqsYAWIozqUJhQUN2suY4WCozIUsKdexRXaqonJCGe8UzXHU6fWwd6wdmX1BFm1Vlw|https://lh3.googleusercontent.com/gps-cs-s/AG0ilSyTG5J2KHKSrdrKiuRfXsQYWTCQNk6qiCiyscyNNEwXy4KGzIM7bcfcEVHxv0GB72_k0scZvjCEuHYaY7ZUKgE7p3UAhFyNkJr_yZW2Jx-CUMDMQCg27TRSS1dYXf97eJG8ws4,0632-500484,N/A
Barbershop Soufiane,"HJRX+2RV, Tétouan",N/A,https://www.instagram.com/soufianebarbrshop,"5,0",,0601-763431,N/A
Barber_shop_Ahmamou,"HJHW+4FG, Tétouan",https://lh3.googleusercontent.com/p/AF1QipM4r6x4_Xns9UKUPxlcdCO_8oSTKga4dN1iW9ab,N/A,"5,0",https://lh3.googleusercontent.com/p/AF1QipM4r6x4_Xns9UKUPxlcdCO_8oSTKga4dN1iW9ab,0693-150383,N/A
Tijeras de Oro,"Av Med, Av. Mohamed Daoud, Tétouan 93000",https://lh3.googleusercontent.com/p/AF1QipNynmjHkXh1vFWYvbvxzQ-CGAy5s8srND5hbshU,N/A,"5,0",https://lh3.googleusercontent.com/p/AF1QipNynmjHkXh1vFWYvbvxzQ-CGAy5s8srND5hbshU|https://lh3.googleusercontent.com/p/AF1QipN1VSyHwPsq84one73jNVWDkuRviX30NMSpLe2S,0642-261635,N/A
KARKAB BARBER,"JM2G+3HR, Tétouan",https://lh3.googleusercontent.com/gps-cs-s/AG0ilSyh-8Y7EYupMaYFNtnwrA1MbHly9qkfohz9JLq44yC1rwIiQayCO5E_oPZJac0pKbPE1QXwIF6yHzYkS-moOoE9syy_-5pttSum3hKV5mmyJQZl1cdsctSIfK3k5FF_KBHHLZdj,N/A,"5,0",https://lh3.googleusercontent.com/gps-cs-s/AG0ilSyh-8Y7EYupMaYFNtnwrA1MbHly9qkfohz9JLq44yC1rwIiQayCO5E_oPZJac0pKbPE1QXwIF6yHzYkS-moOoE9syy_-5pttSum3hKV5mmyJQZl1cdsctSIfK3k5FF_KBHHLZdj|https://lh3.googleusercontent.com/gps-cs-s/AG0ilSya7sdeCtG90Qey-is0lTBk_vjKZ13UVdcHg88ieLEwjgghSsyj4_M3P9Qm65SEkeg57zqw64tHLZ_AMAVMa-ayGGguIXHDIPAmPNhWRsdMzVe8KW_ddXRi8MyeclAsm86vqRJHaQ,05386-84864,N/A
Beauty Center iSmael : Hair & Spa,"94 Av. Le Caire, Tétouan 93000",https://lh3.googleusercontent.com/p/AF1QipMd-spYCU-9Bm5243ieTi5wjwfz3Yzak40o73_s,https://www.chezismael.ma/,"4,0",https://lh3.googleusercontent.com/p/AF1QipMd-spYCU-9Bm5243ieTi5wjwfz3Yzak40o73_s|https://lh3.googleusercontent.com/p/AF1QipPnxpFPsn2spiQ7v8QhnF4k9jwYKWMGZEKLMkXt|https://lh3.googleusercontent.com/gps-cs-s/AG0ilSxw6pxsRaNCZQIVLGAAAYdeLOWzPsl48p60_H4bx7uuCNqiWowhhmzUHIO9IKNfFdIHXFE023FRYXgAvj038O1Blma5LkfyudzyyB1d_E5XAI8OAJ-1ib-x8KtHAr9MC7ZakAmj|https://lh3.googleusercontent.com/gps-cs-s/AG0ilSw5SvAkZjXTEBaJmflHKK0Cz4Wg0mSFqGu6ijc3qn0tKJJSf_G6mE1b8Jm170tk4qQ89q3_fH7xO6L_kq2TSKELH0Xl8my1p3FM28jHDXathNQ3DBO6mhkZWZWriu1mSanLe9Xn8aQ7cN5Y|https://lh3.googleusercontent.com/p/AF1QipPTygjy33Wk06WZxcVbE-4ruU8dTpGmtg-yTkNd|https://lh3.googleusercontent.com/p/AF1QipM7wFqZpb6S7Dc8873Hmsj5ZROgIn5UNqEtyXQy|https://lh3.googleusercontent.com/p/AF1QipPnoWOTkjinZjpDodvl5u8BqMmIjI5deITlzn0Z|https://lh3.googleusercontent.com/p/AF1QipModYsvofIS4WcWZnIMvyFnpIU1utex8Yc9nbVQ|https://lh3.googleusercontent.com/p/AF1QipPSk32qTa7ntBzAl9lkMvUdwaSv8RTN5i7onbJP|https://lh3.googleusercontent.com/p/AF1QipMjFHOKiEwXgiJKi4FpPBVoC6ZTl8WYWtItobJk|https://lh3.googleusercontent.com/p/AF1QipMPkMJ5kvA4EcnFaIK1wxQkaT0z2DZoKpOIkrnd|https://lh3.googleusercontent.com/p/AF1QipNXa4DMsRCsmSVEHTki7LkNz2UK8NVDk-0eZbwk|https://lh3.googleusercontent.com/p/AF1QipNYCGoVGtJWfSvKhm6oG108ayMG-1P7JT1GayIx|https://lh3.googleusercontent.com/p/AF1QipOmUm1fsADvrVhdHLuqVW5n9IuN1WvSh2ti6lU3,05399-90162,N/A
Barber Ayoub,"HJCW+CJJ, Av. Dakhla, Tétouan",https://lh3.googleusercontent.com/p/AF1QipM7wFqZpb6S7Dc8873Hmsj5ZROgIn5UNqEtyXQy,N/A,"5,0",https://lh3.googleusercontent.com/p/AF1QipM7wFqZpb6S7Dc8873Hmsj5ZROgIn5UNqEtyXQy,0716-301263,N/A
Dopamine barberia,"HJPX+G47, Av. Jbel Toubkal, Tétouan",https://lh3.googleusercontent.com/p/AF1QipPc98CPrT8n_cu9L-agSsJK8_93Crji1eFxzdcC,N/A,"5,0",https://lh3.googleusercontent.com/p/AF1QipPc98CPrT8n_cu9L-agSsJK8_93Crji1eFxzdcC|https://lh3.googleusercontent.com/p/AF1QipOHKOne-52uBA5B00vZEKf-Ofk52BMQOymFZXIw,0654-409659,N/A
Barber solayman حلاق,"HMQ2+7R9, Av. Jbel Tidghine, Tétouan",https://lh3.googleusercontent.com/gps-cs-s/AG0ilSxBTl7kH43iJ94aX87SKDMDzXVEdl1RgzKKBUQATBLP_eBuCoT3dGE90doRXD44uc0D6DymIPDMkXBza3AGNTgPIjyABgw1Opo-Ktn0PnWa4gJiUkNOCf1qIZgz0DDoinD17P2L,N/A,N/A,https://lh3.googleusercontent.com/gps-cs-s/AG0ilSxBTl7kH43iJ94aX87SKDMDzXVEdl1RgzKKBUQATBLP_eBuCoT3dGE90doRXD44uc0D6DymIPDMkXBza3AGNTgPIjyABgw1Opo-Ktn0PnWa4gJiUkNOCf1qIZgz0DDoinD17P2L,N/A,N/A
Barber 8uit,"Nadirloco99@gmail.com, Tétouan",https://lh3.googleusercontent.com/p/AF1QipPC6-oRJIMprkEhZb4hUUJ9OSXNbTA1pgmymCyi,https://www.instagram.com/barber_8uit?igsh=MWNnbmF6ZXRkNXg5MA==,"5,0",https://lh3.googleusercontent.com/p/AF1QipPC6-oRJIMprkEhZb4hUUJ9OSXNbTA1pgmymCyi|https://lh3.googleusercontent.com/p/AF1QipP11USugsXN1rtT--6pXRiLDQFzP-oIm89ZWtq-|https://lh3.googleusercontent.com/p/AF1QipMi12JgL5-t5MFnoS9ZAa91oPNQYHA1h_g9fpHl|https://lh3.googleusercontent.com/p/AF1QipN4CKAzoFIemFEvjMsVmi0kFeN-eY3RK6H1YHsr,0688-653772,N/A
Barber Shop Boukhari,"HHHX+Q5C, Av. Al Mamoune, Tétouan",N/A,N/A,N/A,,0709-610445,N/A
Salon Modelo de Coiffure & Ésthetique,"LOCAL N 3, 279 Av. Kaboul, Tétouan 93000",https://lh3.googleusercontent.com/p/AF1QipPNwW7nFIArLayMXhv68Am5RVCSlZ6kPKwMkWeW,N/A,"4,4",https://lh3.googleusercontent.com/p/AF1QipPNwW7nFIArLayMXhv68Am5RVCSlZ6kPKwMkWeW|https://lh3.googleusercontent.com/p/AF1QipNaq04nyYml17kuiJ3YVV2KKFJ9X8DNQApR7Qvo|https://lh3.googleusercontent.com/p/AF1QipOCo7k27MHM6y-rNQy-HFUbqB0_2LcDU6t4J3lY|https://lh3.googleusercontent.com/p/AF1QipOa6g7F66phBBcNgko5ojLMPYiunGHkbvALo7Eu|https://lh3.googleusercontent.com/p/AF1QipNcd-VSW7nRsa3Moz3iaSzrIcSYey8bvyZyqmed|https://lh3.googleusercontent.com/p/AF1QipMGQmzakgE7hMhqSnvyaf-6zgMvYETNUx4wHy2Q,05399-90245,N/A
The king fade,"77 Av. Mohamed Daoud, Tétouan 93000",https://lh3.googleusercontent.com/p/AF1QipMbsoIEb-a9TGzK_AqidkifryDFYnHWUIxFl0N9,N/A,"5,0",https://lh3.googleusercontent.com/p/AF1QipMbsoIEb-a9TGzK_AqidkifryDFYnHWUIxFl0N9|https://lh3.googleusercontent.com/p/AF1QipPUhNvVxhWW7pd9G0ZZ_Ca22Dm2GcOClT4szwbc|https://lh3.googleusercontent.com/p/AF1QipN07OHocjfUPm8U0m8roGze5H5ruES2YAToFa7s|https://lh3.googleusercontent.com/gps-cs-s/AG0ilSycATAUKRCCmavjtcm4aWXlqFF5_8diE7Dfst96JsOKipu2g4l1xUXq7i9jHqh90Xv2XVfJ4PUGKAcoOcdEga6pmvG8TbEvrWO_Lgu_zz6z6xQfnA6OflnrYUWijdZsaujfMkipuA|https://lh3.googleusercontent.com/p/AF1QipO5LwyVsLK8dtgYYJeFAB40IV_QS14n5H85nVk0|https://lh3.googleusercontent.com/p/AF1QipNSjgm__Pl-m6ZSWNEvYxDIIlaZ8wbRpb71MXaN|https://lh3.googleusercontent.com/p/AF1QipNSb_fQps_mnOGI9nE0vAWUpkIAKoGwa-8f6opz|https://lh3.googleusercontent.com/p/AF1QipMVo53JszTC641Hkq_r-fjQj-08knY0-iV_XOhZ|https://lh3.googleusercontent.com/gps-cs-s/AG0ilSw2UkXIR3C6qFo-u1NqVAbfMwOGwNJ-2DbSNLECVjaAjXE7BlummxH8foAK2VEzgIkTgmTYF_Uhtbcr9fXZ3q_yko-eRQATczzNRRJ6RUugHekMRi5wUL00PmkijAhCkzYaw8spMQ|https://lh3.googleusercontent.com/p/AF1QipOikohknaS16qkHebnssfJBxKmxIrHNy7_Z-MgH|https://lh3.googleusercontent.com/p/AF1QipOyTwebvr7ervfEWaJ2Df6EcoPLLmMDfEKvK4y4|https://lh3.googleusercontent.com/p/AF1QipOyREPec67smJ1NyFX58z6z8uoXFUtI6r5MH-Kj|https://lh3.googleusercontent.com/p/AF1QipNA6tVW1KAXAJ23Us6l_SsX93VWAYhR_0yR3eqO|https://lh3.googleusercontent.com/gps-cs-s/AG0ilSzpqcsI4gpyxB1Vih2ZRgYKMGeQ05rEUnrhr4Jufnp84m2Sj3swwZ7paDy_oU9p0Y430CDBhD2UPJAjRzHgHdXqYw-HCPefB2Kz3kBPz2epIBMkhVU1zrRm02R6Ah6hjvWf5_gCuw|https://lh3.googleusercontent.com/p/AF1QipOS_k3mkSICGqcSkMt9fwscXApfrP1Hc4iiN6B2|https://lh3.googleusercontent.com/p/AF1QipPBCueNbqGMHD4nGYs5fD_AdeMeOhAiY2cVnsJI|https://lh3.googleusercontent.com/p/AF1QipMOqzikL0zX-pv3kB7nFdT3kyPhQFr_lIw-3-fI|https://lh3.googleusercontent.com/p/AF1QipPhZ8cmIxlXd5BShKukoy_X3uiQrNY2NjJWW59s|https://lh3.googleusercontent.com/p/AF1QipPyTl-b6kKYKT6HEXLP8PbDihR0_q7hR64XvP8z|https://lh3.googleusercontent.com/p/AF1QipPPfuwR4qKoc8IXWf_ADNrwmwuBx4m0-IrnMw9_,0646-752860,N/A
Salon Victory VIP,"wilaya 93000, Tétouan",https://lh3.googleusercontent.com/gps-cs-s/AG0ilSydUNRIwdPjLHftN8doh_5eVFWJHrbwE-uB8gwairlaz_LFymrqpgO4tvv0K6F-K8RFczK-jbMPG9odvJmTl2efLsUpS5zaKMfJU3KnCMQQYN_P-c-U0M3LzC9ouJMIk2pqjm3HtQ,N/A,"4,9",https://lh3.googleusercontent.com/gps-cs-s/AG0ilSydUNRIwdPjLHftN8doh_5eVFWJHrbwE-uB8gwairlaz_LFymrqpgO4tvv0K6F-K8RFczK-jbMPG9odvJmTl2efLsUpS5zaKMfJU3KnCMQQYN_P-c-U0M3LzC9ouJMIk2pqjm3HtQ|https://lh3.googleusercontent.com/gps-cs-s/AG0ilSw6GTHS6qK-IZkF3lSKu2Hgo_pg4S2otPFsVDc2JrdHHWOjkCFuBRkun3idE0i4zDjz_oPUmIAPYyoDgbfZBovcaQ4G0WA7MeiCklRueps7TCsh_6RkLX2X1b8zXWv4GcSch4P6|https://lh3.googleusercontent.com/gps-cs-s/AG0ilSxKwv-ttRiwoin8QHoOA0nhfpZ8ZUG0DOl-dnabqPkWtsnuiKMcWxYasJeXUGEQu_atS0OV4Wp1K1Kkbz5RIfDQalJK1rDX9nd0uuUai8ZJu_V_6dU99dieqLaoQoGN_dWQpTh10A|https://lh3.googleusercontent.com/p/AF1QipOjU_5w0TFYUz_7_iTl83vKVBcTnPSlOydbnByN|https://lh3.googleusercontent.com/gps-cs-s/AG0ilSzpTHNa3NOHrL6D_hVBbMSiL1IFqxIbo7cIAr3DL52dW8kX94N13IXMusAGBZdwfaKkdXwRBH7oo1hPU-MIAjG8eTkpNd096PNjcKcI8aFLHk3vEHiwBY0aJZ305SjTklPuZFzfi13iv8Q|https://lh3.googleusercontent.com/p/AF1QipMb9rqdpBAvWebWEJ09thEcWKLyQCWPgxm6F-IJ|https://lh3.googleusercontent.com/p/AF1QipPZN4WJSuBMwZHMRgD8qoKf103tG-O5D67CnF5J|https://lh3.googleusercontent.com/p/AF1QipOiWAuUGvYqzZARt_9Wg7ENDz_oXuL6eWqGaGFU|https://lh3.googleusercontent.com/p/AF1QipNr-qC-oIJMYbFshKjLWUgteGFHZ8Hs3IJ2D55C|https://lh3.googleusercontent.com/p/AF1QipNdZ0XKsrh7U_rO_VpIbXo9McQVm_g9jdLu3V8X,0661-540323,N/A
Gentleman barber salon,"N, 56 Av. Agadir, M'diq 93200",https://lh3.googleusercontent.com/p/AF1QipPdemgLKoVgQ9MmcRvwSg79r6b8h-uqEjXLtVbK,N/A,"5,0",https://lh3.googleusercontent.com/p/AF1QipPdemgLKoVgQ9MmcRvwSg79r6b8h-uqEjXLtVbK|https://lh3.googleusercontent.com/p/AF1QipOAkaR42T-xYfTLrrzJEafoPhvHqrPDSAb0lYNn|https://lh3.googleusercontent.com/p/AF1QipOlb9s7vOtrtyufGxLjQDefPFbrlYYxJySWt6h2|https://lh3.googleusercontent.com/p/AF1QipPraGjdHID3xJ3_od_2J6cajrOgG-JzZ3O9Dj3X|https://lh3.googleusercontent.com/p/AF1QipPdV_qqAVgVVHX6AZTNoeYNrM017ukqqZBkNZ0V|https://lh3.googleusercontent.com/p/AF1QipNVpErMcM8H2Ba2xyHmj20FbEBqpF780m-P3PJR|https://lh3.googleusercontent.com/p/AF1QipMtxBQ_yyvn1wl3sN_KDtXYWeIN-MnJaKOT0ZOg|https://lh3.googleusercontent.com/p/AF1QipPaNOUd3W6Q53LSGhxl3xGkCMCqVnA4_arldfra|https://lh3.googleusercontent.com/p/AF1QipN8WOP43KcZaL6tFtbGXMW-FFXfZ_-Z4clvg-0D|https://lh3.googleusercontent.com/p/AF1QipNOW3t1hszltKziV4Fys_lFP6JcFe49wxj9JXzo|https://lh3.googleusercontent.com/p/AF1QipPE8PCnp8cHmA7Wv1lTc1R1K3xzZvjZJxf_cvV9|https://lh3.googleusercontent.com/p/AF1QipPKS6Hm6poSi4PUrbm-WhCQQr-CDVam1V_kF-45|https://lh3.googleusercontent.com/gps-cs-s/AG0ilSwNT34KLY3n_2TbI1d9owxrzvSfNy5jCcAYBvF-lhtKBwDWPQ26o3OsjyYwIrmZpAFbSfni3WHNOLcZBbegxbR_X_9ZvOn2EKF4XKGzM4weeOF3Jyv7mBE7ds55N3atwal7Gzfi|https://lh3.googleusercontent.com/p/AF1QipOea-xpD88B7DJYtfARSeFlxSwnuPTnN4_emDZy,05396-63621,N/A
Barber shop annawras,"HJQW+X49, Tétouan",https://lh3.googleusercontent.com/gps-cs-s/AG0ilSydNONreM3NJJT3bPtv9Ia_N0407cDCydNDKUIPiOS7UDfVQcKHEsOkSHPiooPpCDsvWZvS08OqNRk4GMDfanRYP8aw_m0kKepcpipGo35052FOkOzDcjoYoOCARSRstXVcc8ibyA,N/A,N/A,https://lh3.googleusercontent.com/gps-cs-s/AG0ilSydNONreM3NJJT3bPtv9Ia_N0407cDCydNDKUIPiOS7UDfVQcKHEsOkSHPiooPpCDsvWZvS08OqNRk4GMDfanRYP8aw_m0kKepcpipGo35052FOkOzDcjoYoOCARSRstXVcc8ibyA|https://lh3.googleusercontent.com/gps-cs-s/AG0ilSyMhVOf9lyY5VT8YZvozNMhRhWtAaP-w4VSH5LlXPO8QcUbJXjvCfEaknAmAM05OfISNGFGPMR2aUHdZUkiGtjKnAwG-NaIjdSaE4q_QxnhyWeIV9QQRbzqpJI4PxHFgSlttN0s,0766-605522,N/A
صالون حلاقة barber shop ‍ ️,"HJ96+QMG, Tétouan",https://lh3.googleusercontent.com/gps-cs-s/AG0ilSxIjx6zY9ioSGrJKamnW4wMJlKTDY6DJtJaNvRHwgCHipX0Po-HLlOXD1cA7_cYdLoJn_CGrzFBEUKE9JInOeM6COIQYyH9srwTtnvE_vAdj2YtzcLD2TGGMtJ3_iVO0QtzM_M,N/A,"4,9",https://lh3.googleusercontent.com/gps-cs-s/AG0ilSxIjx6zY9ioSGrJKamnW4wMJlKTDY6DJtJaNvRHwgCHipX0Po-HLlOXD1cA7_cYdLoJn_CGrzFBEUKE9JInOeM6COIQYyH9srwTtnvE_vAdj2YtzcLD2TGGMtJ3_iVO0QtzM_M|https://lh3.googleusercontent.com/gps-cs-s/AG0ilSxCA6xe-83H_Jho9xszgVOqeAPK7iMJ97dAGCgxyqa1c9eUWidEc0fqGe7p3vqUz8ZF9T8qEXYqtnVpJSzpR9WIePXwYTJ0J8o-VY4vZnfhrsLHxAVKON2aoQD__JgzsGeC0i15Ww,0602-484863,N/A
Barber SHOP 💈,"n° 47 Av. Fnideq, Tétouan",https://lh3.googleusercontent.com/p/AF1QipM4r6x4_Xns9UKUPxlcdCO_8oSTKga4dN1iW9ab,N/A,"4,7",https://lh3.googleusercontent.com/p/AF1QipM4r6x4_Xns9UKUPxlcdCO_8oSTKga4dN1iW9ab,N/A,N/A
LONDON BARBERSHOP,"HJJV+RVC, Av. Sidi Mohamed Al Kharaz, Tétouan",N/A,N/A,"5,0",,0762-470240,N/A
Barber hilal,"71 Av. Brahim Roudani, Martil",https://lh3.googleusercontent.com/gps-cs-s/AG0ilSxYOAfGafFJ46Ix7BSCllef35W4apOaESjj-UvMblDE7i4ZJyRPySfM20OqWLn_DyZtP54OUmibAzA41W8oQU3uZQ7jI9AcPtUsCzmGdKNLQFAlrZr0yy0zh3Hhq-PKquZ-R3sf,N/A,"4,7",https://lh3.googleusercontent.com/gps-cs-s/AG0ilSxYOAfGafFJ46Ix7BSCllef35W4apOaESjj-UvMblDE7i4ZJyRPySfM20OqWLn_DyZtP54OUmibAzA41W8oQU3uZQ7jI9AcPtUsCzmGdKNLQFAlrZr0yy0zh3Hhq-PKquZ-R3sf|https://lh3.googleusercontent.com/gps-cs-s/AG0ilSwp13Z8LrQO-oop461YXt5jjte4MVb0j5w7l9hyACvVERCNaoSStHw1WUfAj1vZd5qm6JPKwhR2JsGmf9p3P5Sv0OIKgaTbPkTGg-3TdppL8eEnaffXENe0AKY57uvq8QiqpcovsvhPgU3V|https://lh3.googleusercontent.com/gps-cs-s/AG0ilSwiLq8Mf_y3F6cnNfjxaqoV5XlcP1yvKM7ZZngQutfimtfLLIFrFhdzCII5Pi9IipQgEde-TPozk3Y3sFufK4eBM1Z8ovHehcaFoqUo4hBKaCS5l4ZAcjj13E4n5sTPeULMgIPV|https://lh3.googleusercontent.com/gps-cs-s/AG0ilSx6qR3aOJhEg4z4o_DA73CPRp_dUL5l8tse6Ga4gWKFrTfADFSRMC49Wydh0-FsE9Yz38XMISCE1ol_Fs_VsEqfvV1FZa-yS7p7-HM_oNXuyZ85w99PF1FIpsJN7SU1JFjelB9alwKrqoO8|https://lh3.googleusercontent.com/gps-cs-s/AG0ilSzVz1zJ4JEnfHCC_p8dzwjfGPaahwC45dipjFJ9_AcRJ58If5DkBJ5FxlqCO7cmWIE_D05w0q2QeDrop9kN7tPrXwjSG5WPZVRcpIL_r8m3PReu0gf3FKg9RSH3NjCgoGbiUGepIh5Asvrj|https://lh3.googleusercontent.com/gps-cs-s/AG0ilSy3feUmyVQ1-gtgMqfIqUiBoUw76J2L_O6qTI-myisDotkoA3rvYrmXZe2JWRP_hC7IB8psH78nPUF--edHHU02dz5ZZI-z25Nz3ZlFUf9hq7R-2FdBSjLQfaC9mIMyrR1D3Tvsng|https://lh3.googleusercontent.com/gps-cs-s/AG0ilSx19Oz-TjzVPh4idO0Iclo512SbWipyXjJKzlVDnO-zL9Q6vGKsUPCsn_LwlNByLR6OHtTPekqNKpwFTvY6LVnTfoTScu_hKTO5mTEaT-2dBFW8-6gDlbCyDwlOb6_Ja55uvvefY9pfk58F,0695-497411,N/A
