location,website,title,image,rating,description,phone,images
"Residence ismail Magasin 1 champ cours, Fès 30100",http://barbershopfes.wixsite.com/thebrothers,The Brothers Barbershop 1,https://lh3.googleusercontent.com/p/AF1QipOErnM1_OVRJ-DQP353v22ujUh444vOBJ6SmDiI,"4,9",S'identifie comme géré par une femme,0532-054421,https://lh3.googleusercontent.com/p/AF1QipOErnM1_OVRJ-DQP353v22ujUh444vOBJ6SmDiI|https://lh3.googleusercontent.com/p/AF1QipPSi4E5yc8zgvmZkAKyOH0y6JmENTBX_hulbAh3|https://lh3.googleusercontent.com/p/AF1QipP8pytYkyVORq-NPJMXnUs7vvV4OJgcLFzPYJXH|https://lh3.googleusercontent.com/gps-cs-s/AG0ilSxWrtaxpy-Ys_rF_B80WFUIfpY0-XVuZFQSt8_mlqkuOGOsR3CYXfWukO3o-7aTaC92VTR2B8K1L6cVklcM8xY0tnbND6SG1cNDTa3XWmlPfRcKIO4_88VxliL1lZ8DyzYDdbFS|https://lh3.googleusercontent.com/gps-cs-s/AG0ilSzWiP4zlwKmC44uO7MnPZQFgZKVrDpLOj7Sk5NKgzJ4bo9XtOqEcM2hRENg21U3_osKZpZYW8vlvV-eux2leSDxiD36yJMNkQtU5mM-LlxoRMHzlB6hWVKQjAQVl2cHY32KwQPEkw|https://lh3.googleusercontent.com/gps-cs-s/AG0ilSzXj1r9m699Uq_ZUkytiAQHBYQ6hZucIALv00kwyMhrUQWPLE3Xn2URa8lo1M20ZyvdWupZ3BePGgdEHrSyRdDIIQyWj6R7q74zSbRZPX6CUlimRG8cQehN69VmYVnmwL5hJljfdQ|https://lh3.googleusercontent.com/p/AF1QipPksQIT-nNqNAp3ZURWsvXeDlZn9HHumJJOvcV6|https://lh3.googleusercontent.com/gps-cs-s/AG0ilSzVfrFz7z3AE9igZSOke_YSSuxFOXL07q4_OW3cf-svH8281jF0M9eBxR_mCWst8n6X0SdXX2C6k2SzkFrRCNvOHLbUir5q5SrhqPopvahQLIneGUsDSsTWWiKgCwx8GPu00-A8qg|https://lh3.googleusercontent.com/p/AF1QipNvL7ouyj_AoaKs8t2wE3a1B57TYH2vpGCK04ib|https://lh3.googleusercontent.com/gps-cs-s/AG0ilSyZOSXtRZWK-8tJUypbP5SVpLZ_MfD5IcG815yeMrvE0gccei-CUyZMBb586KAr6GgbDC-fthXc2QCgyU_U1UoAfR3wyWG2VNv5AH8mRQ9nVyS9hFDzIDPnmjrGAhr4Z7uwy9DnKg|https://lh3.googleusercontent.com/gps-cs-s/AG0ilSzixWUWAD0IZHGdouH5OHHH2ONgZ9DBqRMsUbV2LM6gUZjtGFZym9p4Wi9HNkzu0qld9mvpW5UzsOhhMVbLU1-qwwaReecAJ6w8O1c4f_lv_pVzj1ysLO_L5ttE-IV08P5tPELa2Q|https://lh3.googleusercontent.com/gps-cs-s/AG0ilSzp-a0gD23IOXuvzpRw2zgs0-W0Jtd9PGoHBzCwFrpihZpysE_LI0nukhmre3H6LJHqVSqTpnbeyxnzU-LoWcubKLKbWjyt4CKKbhgCLZX-mrJQXqsZMlyHl3XkfRbtUHWb-Chc6A|https://lh3.googleusercontent.com/gps-cs-s/AG0ilSwCO0x4VemWZKpQrHNQg92DLdVndhOHZPrcj8obbHcBpTp_Kpnwa2KyG94ARkJLuiP3eX9zklTdCRdYElkapWNXyc_xmoJl4x4dZO_xoRg4AoGJnI-MrDIGiih_qCbEe4C1EbDn|https://lh3.googleusercontent.com/gps-cs-s/AG0ilSz31rzsQjpEoqf0ILV_UCAhtCHzS38pih0ss2HOVXQuzLsHDOoWtcrsx-elTVRpj89mri0gHi4I-bGwRqVlAEQWHHODVV2aByTgHCKELT-Ivpr000JT_Iz4XZxejF4CVJtMNAW5yA|https://lh3.googleusercontent.com/p/AF1QipO6qQ5uSIus-djbu6skXfz2GvBf_Zqxd1Tykg0-|https://lh3.googleusercontent.com/gps-cs-s/AG0ilSzfoC1gYkpI2g50NlCZTA5BNfCqGZ8GTa_28xwIt6TtsxtpED5ZYp7--9ydL9qApnXoxN9_PL2s6YmPOaaUO4uW_ZZzd41mkNArW9AnFSf41DXm_eIWx-y5uqYanEQVidRJIgnR|https://lh3.googleusercontent.com/gps-cs-s/AG0ilSwvDAYVddATaKZPKnv2FzIB8PVu3pHvd9rT0bxeWlIxmvR2fgnweCmAb8O18qmp2ILiiAp04TShKk_8flzj3GloWxABt_BWcKbaPRmBY2070rNeLdu0eOupk8Vl9_kii23j1Nc|https://lh3.googleusercontent.com/gps-cs-s/AG0ilSxYYIXUNlCeQ8eKTmclyWVsWsLqSLZI9yeT1Aev48kELwnr1NEB4-zUNYEb2FHEAj_Wxr2z4cY9AedFp-VaQnlEfr71O4pEBwIq18Fa2au3az6pho7jOFW9ma_1Po5ul4DNoOlr|https://lh3.googleusercontent.com/p/AF1QipNs3QBkszKtHB6dP0jr_Osn6bTmZRC_HaaVme3u|https://lh3.googleusercontent.com/gps-cs-s/AG0ilSz74Qct2H72iP4zX-DJcP6bHTkGi-XUpD9dFsW7MZC7vCBtD9iI3RlGSu3QPVGJL6c_XlEF7ZWzfyRZOxi58CRgo_2FhjfRb7YXggh2qFPflvcQnts786eHcCjy8Mtgp39MT1t4
"913, lot karaouyen Ain chkf, Magasin3 30050",N/A,barber shop BIGOOU Fès,https://lh3.googleusercontent.com/gps-cs-s/AG0ilSziVInsEao-vjsADHqnaJP2fVA3MFMl7Hu-BsJEGnpwnKbzKhDOZRXiI4AoQdiX_Fq8ztbvp2iH3sWBldT9xJXnvQpx8oGa1nUNUHb2O-JVa_m7q7s1cz9X2lKkhfA9LpUyyyJq2o4hk-Pg,"4,9",N/A,0664-321106,https://lh3.googleusercontent.com/gps-cs-s/AG0ilSziVInsEao-vjsADHqnaJP2fVA3MFMl7Hu-BsJEGnpwnKbzKhDOZRXiI4AoQdiX_Fq8ztbvp2iH3sWBldT9xJXnvQpx8oGa1nUNUHb2O-JVa_m7q7s1cz9X2lKkhfA9LpUyyyJq2o4hk-Pg|https://lh3.googleusercontent.com/p/AF1QipPWJlS5gQg-r3lQEKEx6l2sBXh6Ed5WkieyGeen|https://lh3.googleusercontent.com/gps-cs-s/AG0ilSwlBvjDPmiEaN1ezPkHaqbBGCAPu1-X5BiZ_mO4B9uUlEpZaleNam5z6SUv7b5Ken3Y1d_rGt3_rUP6-BBxafBNj0IK-KhMeD-oLTdtPzxb2upuIF6S7iUNXSGFo3iJgjVO9ss|https://lh3.googleusercontent.com/gps-cs-s/AG0ilSw5N-jy0Y7xqbkk7e2-vev8UwqL4e_AugPOzRkWWpdjEzpqXex_kukN8yb_69Kr1fHVVgju-DiIVKASEJQfooxW9vBXljG-nACziT58UJeKzjNkw7kzT8_18V5oxf5isF2nc58WRwkEVtgu|https://lh3.googleusercontent.com/gps-cs-s/AG0ilSytT6-LurHHOv6nE5O-0wHYykl_fLPWz7MoXDSvhzuEhReYk8DGrkaDH3zIQPeCStoDJG668d4bR9ImmSLsc3_6so9PMCaTXFi4UDrXtCjxzo6R0NBhJT-oOn_sdZIc-XQYXX2R|https://lh3.googleusercontent.com/p/AF1QipNLEg3LUvtbipZbIMYdRhy-ou_09PpJmMeH-kEf|https://lh3.googleusercontent.com/gps-cs-s/AG0ilSwUcWMNAPq3dYHFRu3XrjKC9R77CSd-ioNuDODJesEFTX79qmGCcusSnMK1t5Wil6GcUWJmQUGvvRv9m1UoD1S0HvC0l3RunzUJNKNol2-ulu-pa4Gw71qTJelPeSBFyB_yey-jEiyTFrqq|https://lh3.googleusercontent.com/p/AF1QipMEluaHJMLKZzxVjH0rvHCT5MJw9Foi4tDh5Ec9|https://lh3.googleusercontent.com/gps-cs-s/AG0ilSy4aKzJNHB8tLymZto4F3g6eNoKEeX99hvM4QA1L8EoBA8SXsQjW1WXY--ctCoh74Clc9aAMeJOPzPXHb8kYIKGU8YNyoukPONNW4B0Ym3e4SCt8IdmmoRcSMZL5kQElGvjA9OLuysgZoHt|https://lh3.googleusercontent.com/p/AF1QipMCAzSFDj6hkfn05T9iHsfQPy7q0mLswKKMlSNy|https://lh3.googleusercontent.com/gps-cs-s/AG0ilSzsfnXPtHzuu8u8dI-U3afvUTOY9BqQNNmBQntg7haWfZ7B-KrgMkO2OX7OkaO4D0M79O3zNjaSs7nHPQYvKEiUWJjXJ_qfxu-YPYpsepaWlQ_KKypWHuldHm4wBJRz4k1F0W7Ihs6vwK8|https://lh3.googleusercontent.com/gps-cs-s/AG0ilSwK066MTaN-WsrLMEUj271MaBykuz6-a8jkCTSXIepUDL6b0eLE-uY_JxXiaNV0jwWLA1EATD2BdecLlpZZ5y03F55sbN5VbffrIqY477PUvzNi8Ntimc3HlOYZFQzfXkP1dDfrtw|https://lh3.googleusercontent.com/p/AF1QipP-SXp9e5_bWIYDR-taSvYwhoatp_ntxO5D9c-W|https://lh3.googleusercontent.com/gps-cs-s/AG0ilSzVe-lwiqhUUl-VLFNlYWTspQljrVs6-orboSe40daODsVnPOjSNVbTN9UzXzTFxJQk83oKdhyycbWNQj3wSMukvh0Yohh3n9NK-fj6yWAVRcvS3BPxVskPh28vSchtIegnI1uyHw|https://lh3.googleusercontent.com/p/AF1QipP0Ax8UM-y3XEtX4gjjXUQbjW_6AHAPMJ0iD-YN|https://lh3.googleusercontent.com/gps-cs-s/AG0ilSwxPWN5ZtJWNlL66lVlSyEYC-z2gX-8tOFuwpTP9YMXi_K3Np2T107k0bgiwEGrLx6xy0LQZwLqopSDeydFRECHIzPAAXZtQyULsiUNVLKunNHdgi7GpTT-xBWkep7bgfFxarufFxxrBGC5|https://lh3.googleusercontent.com/gps-cs-s/AG0ilSxFhgoA0tv_HhpnpzLVGk7DsutQxNq_UWkzSWWIynyEzLz4ZcxLmbi9miP1FbGA-m111TKARt8mFE3bAmbR_uFC2XJkJtYAJyIy63umLvUo0ZxwfU8Mia7GDAoSl__ln4PHEteb|https://lh3.googleusercontent.com/gps-cs-s/AG0ilSwlG53v9nK4pJVgGNhyMk1V2tDTyA60DHrhWDq-brrEcap1aNIvnoAKIKmBvMTKfUcHKEM8wZ6mMa68R_n405R9ODspT72uSYtnEqVSEHoPUT4KAvGilDG3F1LPXN-rFOdSSYKe|https://lh3.googleusercontent.com/gps-cs-s/AG0ilSyA4K-cPRKL9mOMYgAJQ8KeO4ozyEasj1vPUgu4sQth7jfH5yVkbNvA885neUDhCDQHCaOAITnDr8yRVeMji2tArbEL5Sm0MHL8PHSv_t68gJah8gTbZ8hlPz8gg73igjVDiXEZhmorzi4|https://lh3.googleusercontent.com/gps-cs-s/AG0ilSyw-d4WBP60TD-ntPLihlEcqjbeLbtevGDfFA4jZcD4o9ThwfGUiMUCzx0QGYKjtYLLTzyCoHWRH8YFI7R8CjO7ZHjhprdYc8xcPeOS7OeHo7EyLKF_n763veuFP1K0f0ZZdynnCA
"884 lot karaouyen rte a.Chkef magasin 3 01108, 30000",N/A,Barber Shop Krimo,N/A,N/A,N/A,0661-234596,
"lotissement sinour champs de course, Fes 30040",N/A,THE COUSINS BARBERSHOP,https://lh3.googleusercontent.com/p/AF1QipNG9ywb-jinMGKVSfeFzY5kU7H_H8f7CRnqF9mC,"4,9",N/A,0656-471231,https://lh3.googleusercontent.com/p/AF1QipNG9ywb-jinMGKVSfeFzY5kU7H_H8f7CRnqF9mC|https://lh3.googleusercontent.com/gps-cs-s/AG0ilSwA3SCIttye_UR8OyP_b1NXa6LH6VH0T-AxXIYaEoVvi87X95t7rmqLohmAVCHUPxRMJtYY6RIa3UqlgkvjehiGTCIqKBN9guyMD_RJCid7f0NrQa8YV5S3NSwWnLiVWZGfzyAIcg|https://lh3.googleusercontent.com/p/AF1QipNZ0evEqhCwPEmv8sgw1ge0FxMyVPlbmt0crtWm|https://lh3.googleusercontent.com/p/AF1QipOsNVwEDuuMz5nHNpRagsXRcQ4QZAN0U9gY2nUt|https://lh3.googleusercontent.com/p/AF1QipODySWbkt3vk4bBrYmL7zVk0cH_35ehk_HM2SjD
"43 A lot Riad Yassamin R.A Chef mag 1, Fès 30050",N/A,Ali BARBER Shop,https://lh3.googleusercontent.com/p/AF1QipMsx7qZS1H14DLCScf64u1Au7E8GGM2-4bnJDQ5,"4,9",N/A,0658-558564,https://lh3.googleusercontent.com/p/AF1QipMsx7qZS1H14DLCScf64u1Au7E8GGM2-4bnJDQ5|https://lh3.googleusercontent.com/p/AF1QipNmIQzzHtPGHD_FSprPCX_DMJNHm46aoIDzUm36|https://lh3.googleusercontent.com/gps-cs-s/AG0ilSxRVY9_hDAAlkxvGHksCo-a9qGUvZwUGw8kVnkJD5s6oaW0LoU8ftRqbhWYEWxjZJYr66iBJ8gvc8t0TDZZHG4XyG-HdkxXLX-2_DLbwgWJR7XG4_QpuTypxRTBbEm6LlXrGvOa|https://lh3.googleusercontent.com/p/AF1QipM7G746iIeWk90F_Hgk7U1fwKG9SyMamBSUYClt|https://lh3.googleusercontent.com/p/AF1QipNbbx09I4iavRuZZ-8jB59WcqS5_ujmJX_t4pLi|https://lh3.googleusercontent.com/gps-cs-s/AG0ilSxP6CU08QIFX9sEO4Npe9I6VtD-09T-iDWQPFVo1Kn7PwJpZXZKiFITBMik9YipwvsbcKUG3b1Une0plFPHiQulLJ9PgWyLT4nYsDCidPHQFXb0zdEHFjhQ_KfTDxTrWnyzfk3G|https://lh3.googleusercontent.com/p/AF1QipM8EPuZi5P4zRZQToxxWD9IdxweAUWFMMx5hdSj|https://lh3.googleusercontent.com/gps-cs-s/AG0ilSybf4SmAnnvpuahMAV4hLtwqwhot1R-M0S8sGgfv19zqPU4zdhbfDcpw0xZkamvYaBBvm-Alq2F3qhj05mBvTlLgVMx48m3b3Hf8v_99-bnu2CH_c9SiwZ2uN_UthTp2B4JqjXQfA|https://lh3.googleusercontent.com/gps-cs-s/AG0ilSzsjQPOZlPiJjiXc3_napPB0K0CObjkWonYhURcnU7XH0Q614iafMzYe9dmF2rqWfnCApF4F3AO4-y8DbSo-o3PVghnuRrQTExPanHDOBf80D0Olv7ntsViJwG8xkEcMMxDOX7sQUVnkChT|https://lh3.googleusercontent.com/p/AF1QipN9TmKFN3db_br9WhLHaPmYG0OWok20Ds3WRgok|https://lh3.googleusercontent.com/p/AF1QipNmUnmNHOoqA8PQTyPvi76ubZmjZmDlR5P8XYgp|https://lh3.googleusercontent.com/p/AF1QipPg9CwmO7-UzmZ66Hl6wbdlrG5_feqSCs-W1f8e|https://lh3.googleusercontent.com/p/AF1QipN7FzrcdheZ2g8yFZw7o6bq91gBbzEX95-lHG3_|https://lh3.googleusercontent.com/gps-cs-s/AG0ilSxgBKYzs0LmPvApTZTCHyKhykDqBM_X0wq2-GE-BDObAprtJbLfDuC0OymBSfr57tBd_JT1FGgkcr0D86SkRlLPPhPtnD61pHhJ0XTHc3rraFYxl4I98O39j0iP70Yf4rKbMalJJz6X65vH|https://lh3.googleusercontent.com/gps-cs-s/AG0ilSwTgaXEPaU2TJo0lmO_VMvzDdcr2mvr5j25Ek84nSnc5QVWAqtNLAvJBStZ4O8s_wR-CehqDKgcqW0YkfQ4jvt9FKwBB_Q5Qf2p7lp0VzmkzZEczoWInprFFeBFtHnZHv7VijPdxtHHqoY
"Lots zineb 1 dakarrat, Fès 30100",N/A,Barbershop salah,N/A,N/A,N/A,0674-898451,
"10 Av. Moulay Hicham, Fès 30050",N/A,The Barber Shop : MISTER BARBER,https://lh3.googleusercontent.com/gps-cs-s/AG0ilSxiJMiZaLXSdLfBRpcGdeUandOaK3NUTXLirJ1exg2Dktq6-n-XV-1C5U4bqn9L1Fi5oCkG7HIa1bTZXOistYbXd9BjkeTW7MXXX3fSzafmX3CeE43iBy6XFF44ssz6xEqJ0bFXOQ,"4,4",N/A,0701-305886,https://lh3.googleusercontent.com/gps-cs-s/AG0ilSxiJMiZaLXSdLfBRpcGdeUandOaK3NUTXLirJ1exg2Dktq6-n-XV-1C5U4bqn9L1Fi5oCkG7HIa1bTZXOistYbXd9BjkeTW7MXXX3fSzafmX3CeE43iBy6XFF44ssz6xEqJ0bFXOQ|https://lh3.googleusercontent.com/p/AF1QipNBZMdjcQhk8emQaaEz1jk94avc5VDBqe2AqIgs|https://lh3.googleusercontent.com/p/AF1QipOfK5sSQy01XN0Q5Ld3gJ0UIaqQB1Qn9CUpmxfT|https://lh3.googleusercontent.com/p/AF1QipNFDSP_UrzJz71s1g5ZWZSPuODFqhyfbC5Bgv3J|https://lh3.googleusercontent.com/p/AF1QipPfX-gOaUXUQElSwZRYdhax7d4pvt3o3Zdwvuoe|https://lh3.googleusercontent.com/gps-cs-s/AG0ilSyjxsExdoGI9aMS57A_oMxeD1WGXGU8ILLt5au1IYtuzFDNLXs822VqONhByqUlbyxwfIXxLJxUnjYOitNLBvo1mVCTbvigBlXby39yD0UxFTG9eiNMV0XxWAgrnyqlfu02Oh8|https://lh3.googleusercontent.com/p/AF1QipNK9Tr3vcZFID_nWj9avLj0TWthrn0MTYArqEr4|https://lh3.googleusercontent.com/gps-cs-s/AG0ilSwIYoHORuZgXt7kvti1Mj8GZZEyS1qixAHnIolxKhXMixU7_hop4PvdxJCEZuNJ8rZRq8VD-LWxP3Qyspe-L55ghuVVKU1ak_Q05Fip6e1x6-uwFGy6u3N40-WENzvZipAhILq_|https://lh3.googleusercontent.com/p/AF1QipMsLKROamINkYxgIJb22I0SzR7YSkHPn8YMv5JT|https://lh3.googleusercontent.com/p/AF1QipMms6rSTjbi3zGJvXcm5bsfOjIm15DlIpuVzj0i|https://lh3.googleusercontent.com/p/AF1QipMSqfa1PhWF0lQzJ5H5dR2qMdzmvUiwJSP-OKGs|https://lh3.googleusercontent.com/p/AF1QipPO1h_NBLNfjV0HBB-obfKPRaUTB1gAnNrI_Tk3|https://lh3.googleusercontent.com/p/AF1QipNi3H2lO5JSa7FiCmCm_8IpXvpbOaNDC6TXriGZ|https://lh3.googleusercontent.com/p/AF1QipNvlKiFr4CmCZoL3HUHg1dBCjiZ_CEudnswPTcf|https://lh3.googleusercontent.com/p/AF1QipNm1damjrPkD9zaTr7LWiFqsLfDmoFu8rLruRCl|https://lh3.googleusercontent.com/p/AF1QipMWnqVbf9aeOHsBeQOtv8jhpx81CbVRLH76Gwio|https://lh3.googleusercontent.com/p/AF1QipNE3sE3T3AdD-z6GowLCiMq9drSEpLuDus0Z4jA|https://lh3.googleusercontent.com/p/AF1QipNsanLIoUi2ar2Sz7fkID6JepsrAMmffJQT_Iki
"Rue Lalla Nezha, Fes 30000",N/A,M&N barbershop,N/A,N/A,N/A,0667-410415,
"22M3+R7F, Fès 30050",N/A,Barbershop America fès,https://lh3.googleusercontent.com/gps-cs-s/AG0ilSwJR373CkRJzM_wrbjaQYwKPZeMEJc_3Cax9T_Uen3N2-VbpZ94_HQ_uvVAsEK4K8gxH2XBwwyhj_So1jBhJnQ6t9wchisLHRIvkshgMJdOjDjUaNzc5HPVNMkhYKvO9kY9KoU,"4,8",N/A,0618-460536,https://lh3.googleusercontent.com/gps-cs-s/AG0ilSwJR373CkRJzM_wrbjaQYwKPZeMEJc_3Cax9T_Uen3N2-VbpZ94_HQ_uvVAsEK4K8gxH2XBwwyhj_So1jBhJnQ6t9wchisLHRIvkshgMJdOjDjUaNzc5HPVNMkhYKvO9kY9KoU|https://lh3.googleusercontent.com/gps-cs-s/AG0ilSzTHFIwtbfxNm_FagcCyHe45TK7Z-c9YaHW1YcT9RLTImwPs73vnf9QvSPInKEyGP4KGRu80R03q3lQY5UPu2cHUDp9f_MQxgRZEKJ6YxR-Ib2P8xv-etlBBPZBZ4Jz2p3iF0dE|https://lh3.googleusercontent.com/gps-cs-s/AG0ilSz8Bw7EadOzjp04ytcj4fheMPz1Nuw1nMSCT0ufoddgVS0qVis3xOhogqrAROHqMRPIo0OWfwJt43jYGEmFndBTGq9Xr7o0Ep7KieOz1r58kUzGMK16NGTo_86hPcU7hVrYQdwEfA|https://lh3.googleusercontent.com/gps-cs-s/AG0ilSyRiVc9FcW87-K6d3mHJuMhckj6YRW3gIv_Txksx_vGltIR33RSy5naozdskWaIaABkwWXxReJUxQ6TdhG1JIbeD2zvQ2h0VyTyScLoaIB5AsLBuZq4yHd-9KWGtEM02u23QxdI|https://lh3.googleusercontent.com/gps-cs-s/AG0ilSwje48w0f4HFMFmhX8mEF8HEa-iWhW99xTmHL6Wf9t7pJFqaa4UH3aj-nyOG0LnXwNWA4dg1DCHyRQPXYZzRB7UZFOKMnhKpUcE_aeUCXXW8C9UIJPNIiSnqCt5lpVekC60wEQ|https://lh3.googleusercontent.com/gps-cs-s/AG0ilSwJclRJ909ckgvEgLK-bfN_5FIgU43ktFeo0JE-KGXr0JPhSF40EScjWUpJ_G8F0vBBXq3VWRLAp6W6uL-PEW_usdp44YQL1RDAcqvJKV0vbJL_othIIgllWiw1ozo2DOTjnfs6|https://lh3.googleusercontent.com/gps-cs-s/AG0ilSwZYdMRSiiXjF6tMc32HLbkxgH0yuhlWK3C0nC58PS8rZkkFXKfkGNT8BoyRrhIC9XsN7d2PzpJMcW94dVU5K04U4yZ15tQkHl4KQVpZJHEE46BnNALcralZ2PH1rN3rhN3R4I|https://lh3.googleusercontent.com/gps-cs-s/AG0ilSwUvSxMPOZ9AENOZ5OmGfgAkFBOVAGZpQISYh9MODzeroYBE0YWfmK1zygCt6RdisJ2H8I3Qv9yZ3FPP2cMhZ60p_3OioATHUVWWNeptUcvd6izDl_yylbTThAi4hnGS71GJa8|https://lh3.googleusercontent.com/gps-cs-s/AG0ilSwBuKx1IRNWd6oxgXlDLiBD9dzxUfTJFthuknGDHwUhXLlaVecndMGBPMvh7JdGbT66LMjYY0bNZxEg6OtD_h0JCKVGe2v1H5nG3c7NNixjgTsmJL0Gx4hQYtlYGmhqTiiDqdr6rg|https://lh3.googleusercontent.com/gps-cs-s/AG0ilSwjgv-FoEszknRFWknzAMGZUpewRMzf1oLTLXwSyCotCsxwr5I5LE7SyrDnQWThU5UChAtTLn3Zqv-ir7qiowq6dL8juz2pVablLq_XWv8h3-Qc1fSuByy6KfpebYWePGeleVMX|https://lh3.googleusercontent.com/gps-cs-s/AG0ilSwzIGUY2eXOXbZotTjxQ1v4k9nVlbyz2Sl-ushHz1BeBiPAwT7BZBpHeKmaES9hPSut01KjouzsHb7gEmgTbT5Iggt08zSz7cI8WA1_2LpnRu_kiNsiGn-bxZla7GYE5vLFzldEiA|https://lh3.googleusercontent.com/gps-cs-s/AG0ilSzzd8SIpaQyYzXOJFywPQSugupOTq5Jt2FGJkck78NOWkgYzN7c9D4Lcu0UXr1eW18N2JHtDbRtIaQesOe7Jx6G2pzqyJQi9Y333QvTakt9xJqn26QUbi1vMa3bgcHIC8OFTWXrUA|https://lh3.googleusercontent.com/gps-cs-s/AG0ilSzPobPr7WfZfp9H7C80IlNDqCKuR4Ciheg4c38vy_lbXLInBRwB0oD4j3bsJVYPIkvWi0b0G7VVQwGCekJxqT4K1NLAf-3NuoapbxbIvQXQQg6fdKr3wooWm3ZC2GvDoT_fWNxNFQ
"MAGASIN 5, 3, secteur 0107 RTE IMOUZER, Fès 30000",N/A,The GOAT barbershop,https://lh3.googleusercontent.com/p/AF1QipMSpZvSHKaX14ERMZAG2Awbb6UUVPapH04wORmc,"5,0",N/A,0627-090404,https://lh3.googleusercontent.com/p/AF1QipMSpZvSHKaX14ERMZAG2Awbb6UUVPapH04wORmc|https://lh3.googleusercontent.com/gps-cs-s/AG0ilSz0GbJuuyJcfrV5nnjG89WYep9orF_sFoYkC99an90KfeI7V5T6C5Ru4pyFvhLYDHCpynH-LSxO5y95Y9Pktbfw5y4JwoOJKysxZF3Ljxg43z8QsA8loQxxT4BaERNvKSkCQzAb|https://lh3.googleusercontent.com/p/AF1QipPDu5NHktoS8Qkde3787lju3v5nokUj5QjECkT-|https://lh3.googleusercontent.com/gps-cs-s/AG0ilSzU_DRmzqFYLW3OciN54GnbM-G7RdjhUvyjsKmDqE5kmT7uZZ60bETdfuvcr5CJEjNcBiZNCsCna-xPQ1lGqHw02WaJozz1iF5SOBaNr_o5FlHpjW9nBPSeOPtk_a4lI9JUeHD7pQ|https://lh3.googleusercontent.com/gps-cs-s/AG0ilSz7oy3zZ7lZks18ITEZLDUtei6LVJ4lM3yu0C1EPgmIJTksv19ZnmvL4ZAKur59-sGPx3DmjYQkjWx3OVMFfSNkJif_2ZLk4MS0zcC3N2TGQhFYjWSstIYR2Wxn_UBUPBpNSaAODJo8Peyf|https://lh3.googleusercontent.com/p/AF1QipPqbF0TRrqFaPwbywPLOicw5h_xqKMQrVGQbti3|https://lh3.googleusercontent.com/p/AF1QipOgdGoX14H7s-O3WW5Zwf4RTDcqox4U9TkQwzDP|https://lh3.googleusercontent.com/p/AF1QipMsuJ5xOSr9vhBKqGUb98jDsODUMj9yeJdXpXBJ
"MAGASIN 1, 17 Rue ABOU, Rue Abi Bakr Zniber, Fès 30100",N/A,The Brothers Barbershop 2,https://lh3.googleusercontent.com/p/AF1QipPV53ljXEcooesxcH-ZFEYcVy_MHo-mF9pQFBUJ,"4,8",N/A,0617-210151,https://lh3.googleusercontent.com/p/AF1QipPV53ljXEcooesxcH-ZFEYcVy_MHo-mF9pQFBUJ|https://lh3.googleusercontent.com/gps-cs-s/AG0ilSxHYy_4a3-eNlL10B4zndUTIbzwrZSW_lXj4nD_ZFn_DkUlDt4wwrJqGwMCqNtC8z_CGLBnbm2lWabSpUPh5PK_udIT12w0dVfkXpttQ5xnhwe8bICi-6sgnGCM-9Hp0-wiUIh5|https://lh3.googleusercontent.com/gps-cs-s/AG0ilSwnJKyfZ3ht264GVv1Jk9q_BwJaQSfGNv1_kUQbsagKFnP3Q8gz9UjJMorFgdiDVOcU2YJUU6QXmfdU_UPO5nOPLdswGVZDiZvNhiI-j0QLop0xdvbH6hPj1MNLVHkM1suNJo7N1A|https://lh3.googleusercontent.com/gps-cs-s/AG0ilSx-bqYZF_GTUVVMdGW8OFfZ-yncNX1Vkn-lHDxt-363mfNWR7FZUBN9iTOGJftpt151HTYOnWqG-HM2IKTPYFJ4IscFm6fg7qDfQRsfu96hncCst8rbryUIEkGs4O0PnZs82ig|https://lh3.googleusercontent.com/p/AF1QipNtgPqAbJhHk3MiE1LejGMa0mo_obhbBTTH7SXA|https://lh3.googleusercontent.com/p/AF1QipN5j1H9-tBRQHPJHOsS2BiTYBfx3EkSfEqaxa70|https://lh3.googleusercontent.com/gps-cs-s/AG0ilSyL1NcVrM2xLQXnH-rTDUx023eG7Ik_ilgSD5NrSaAWvJj3wrPH9mQ8uu-PNOPn1P320uJPbpYRTYIBMFRshDC8ujowJmQwBbntyTY96q4wBMFVimk9gjIeHDQ6W3MP8EHIc8zk|https://lh3.googleusercontent.com/gps-cs-s/AG0ilSy2UUA3VuEMoymQe-ODb6JvsjfAijHsCtx7iCTWstzvo8yyx_uooyCdXZBuqi8kPRJkHkuDG3lntM0qdUFSoWoIs2QgjDyW6BG1mg83SBWl9cfwoyN-i9Bxeu5igWaixV12YU40Aw|https://lh3.googleusercontent.com/gps-cs-s/AG0ilSzpgFptAOLM2sd6r6STS65A4ATfSTDHYpzmQdkNT5P4cRygULz3aaaQvpsdBq5qg2qzCB9pJ6rMS7hXJKG1FpU-cz_upw0kH4CsmV6C8ouWlYIyAcnK5YrObg9lm8XCF9I9q5c|https://lh3.googleusercontent.com/p/AF1QipPaFX6xIBQnolyWu5_t22wxhVgH4Ye9gDLkIt16|https://lh3.googleusercontent.com/gps-cs-s/AG0ilSz2PnOlLe_kGAZvqLa62kqQmsJy9KVdaGZeeSW8JvHP3oyfQxBCy6mcGSeGg0LD8nVW5ajixvNxPuGfAFJuoo1lfzkLHJNnNWCQ4QCT31PhsgeEsWtaqeii9X_gCF6hwLD8qqTw|https://lh3.googleusercontent.com/gps-cs-s/AG0ilSzc_nJH9sDtK1xHUsJwvtSUn8KxH33AHOkndAt9JV2HYdpo-UygmnpDWgvAm2ke9RD6C7KgmX70EFnb2ounSbSNGS4ywBy0vEGjHH-kBcZwNDAnWmbhz1LATuLLcY5u9QnTG3-n|https://lh3.googleusercontent.com/gps-cs-s/AG0ilSxplR3EQ17rA7pmvs9KAXlAPlhcgmcUWQL2qiBl-aQ4ZwaOHJTPkP-IuaNnFDM-80Yb1oFb-7NjwfF1aAh2CgwQ9GgPe2DSDWe9jTtaEqgq7NfzxQ5fAsk88ea2LRjTIC-X9nv5og|https://lh3.googleusercontent.com/gps-cs-s/AG0ilSyt5XYn08HYvJiTeMqhDx1LnwjeEe1RCwJX4TmpDQWnMoq9dPALyKjJlqvXd4c_5xbvIMxFDkbi1JQ-ZtxKBLOynYNoJRhErB7w3TLohQZjiV2NzVNibIoYW22Nnrn0xDtT63Bw|https://lh3.googleusercontent.com/gps-cs-s/AG0ilSxdxk3s6BPKk9WAm2C0SAzZ3EWSylS2rM0k4p-Zd0IHeZS6ieIxzJkx1Gls555JsLBEW-keaiVHGefdw6YqW0FwnxDwoAmvO3WhY_u0Yj79SWEcPqOntjgNoudOXTiovqsAJaouVg|https://lh3.googleusercontent.com/p/AF1QipMBJ1LWK4dtK3J622eBNmTbRJbQ9zItN29dPcXV
"mag 5, Douar mechmach rte imouzzer, Fès 30000",N/A,Top G Barber,https://lh3.googleusercontent.com/p/AF1QipNmsIcaREXC_gT2UWOacrBZx1AFMOKlLHVdziQq,"4,9",N/A,0709-525386,https://lh3.googleusercontent.com/p/AF1QipNmsIcaREXC_gT2UWOacrBZx1AFMOKlLHVdziQq|https://lh3.googleusercontent.com/p/AF1QipMb--gtm_HYyPwROuZWNf2qLwXJWRGY2Yyyuoah|https://lh3.googleusercontent.com/p/AF1QipO5Zcko7qgXkvoTX93YhXjd9vDCWIMC8-F9gKrq|https://lh3.googleusercontent.com/p/AF1QipPU41BLVkGbeO7um-A_sTqvYtedmUHNobbi8zZU|https://lh3.googleusercontent.com/p/AF1QipMz1Uhxq-3SMHUTKxhpoYmzTZoIrYpX7rTuiAtM|https://lh3.googleusercontent.com/p/AF1QipNezq84zTRAeObppUueIrsuHNlKYUlvoQC0hQ17|https://lh3.googleusercontent.com/p/AF1QipMUVa_CuidjDPq5_tzdByi5ddN2m6FTe4d7uLF1|https://lh3.googleusercontent.com/p/AF1QipNhIOPXKejmZGSMwHiqVWQ3a_oHlLMRCGycVCYZ|https://lh3.googleusercontent.com/p/AF1QipMY2gnIpIpVvpNOuE1BTL9OJHUyS6Ga_mpXNyQT|https://lh3.googleusercontent.com/p/AF1QipOoyHsMHGfi0iY_q2OkSxfuKAePqDZmzmylExg5|https://lh3.googleusercontent.com/p/AF1QipPG2-_0a1s0T6PZM9ICs1utbBQRoGGqSL6eSNxP|https://lh3.googleusercontent.com/p/AF1QipOr9J7jCLIZO0K7VD2iOBTlsM0EDzNQaRmAxOWd|https://lh3.googleusercontent.com/p/AF1QipPgA-0Oc4F-3iCGZ4_QRhDNQSrwpMoE5Aazvh9f|https://lh3.googleusercontent.com/p/AF1QipNDl9payzHDhgOXPzMbFokB3DhXKKVOq7LrOKkZ|https://lh3.googleusercontent.com/p/AF1QipML8u6AwSMbBjAGKuX8Dr4EgcIyeOf1iULr1cyE
N/A,https://instagram.com/the_prestige_barbershop?igshid=OGQ2MjdiOTE=,The prestige barbershop,https://lh3.googleusercontent.com/p/AF1QipPisojlYGdeLO9r_Vc1bdQRU7UBFxFyKeScemp2,"4,8",N/A,0641-981803,https://lh3.googleusercontent.com/p/AF1QipPisojlYGdeLO9r_Vc1bdQRU7UBFxFyKeScemp2|https://lh3.googleusercontent.com/gps-cs-s/AG0ilSymt1SyyYDllkIqSDGWOm5u_19Us0TlNE7jUV_R0D7pw6vD2MrN0bUusEIy1ZBMDTNy0yTqU4UrwY6yWp--SlLuX8CmOu8ph-JzCr0O0wcuwYSmuJoivugg4yKSupl2gDToV30|https://lh3.googleusercontent.com/p/AF1QipPG-tbs2__m9A8KfZmxOcQElPRxyIHdaiHlhqml|https://lh3.googleusercontent.com/p/AF1QipOnz5obKSjOa7aCylT4i42Wac_MFNc64ot_lJ0m|https://lh3.googleusercontent.com/p/AF1QipMZ5P49la8rSM7fSrt6d__7l5uWDfNM3HbtOCEI|https://lh3.googleusercontent.com/p/AF1QipOgPwswYc5qlMLV3td-XqatPQ-lrrt-bT_raJee|https://lh3.googleusercontent.com/p/AF1QipP7L4Z6HHhqktX4RueVQ_bv0sF7Ld4sH60Anu3o
"n, 256 lot hiba, Fès 30090",N/A,THE BEST BARBER,https://lh3.googleusercontent.com/p/AF1QipOQoTEXMJeDg2T8zr5atMvXiEjEio-4v7FPRddv,"5,0",N/A,0617-851368,https://lh3.googleusercontent.com/p/AF1QipOQoTEXMJeDg2T8zr5atMvXiEjEio-4v7FPRddv|https://lh3.googleusercontent.com/p/AF1QipOxk1c3mGmziGLfPBnIB1H-I5AWkx84Z8S9kbuB|https://lh3.googleusercontent.com/p/AF1QipOWMmk4Y6SlNYejprtzB1B4QXC9XN_qnvajQKQP|https://lh3.googleusercontent.com/p/AF1QipOQfJSnu4S3y9yFsxcgDLfKknddyhYkbhxhLJeN|https://lh3.googleusercontent.com/p/AF1QipOlE-PutPRzpOAapqcynAx43u8_3D_TcVZ3xpA_|https://lh3.googleusercontent.com/p/AF1QipOXOUpsdfdu4fRMxfHI4MOZmBzzClYaQUCGDWTe|https://lh3.googleusercontent.com/p/AF1QipMWjqg__GT8fkN2pjOOotM1xcq7lPawSJbOkyLW|https://lh3.googleusercontent.com/p/AF1QipOuJexfapzruf-SGVywieWZUcdofxNPL4rhiP-U|https://lh3.googleusercontent.com/p/AF1QipOqjKpQYq2xWZJ9Ds-cuBXKg_kE9JrhKbqHNQc8|https://lh3.googleusercontent.com/p/AF1QipPxzrjPS060rhY0E0TogaB7xDVZO9zidK-55fY8
"761 Avenue la mer Rouge, Fès 30070",N/A,BARBER NACHIT,https://lh3.googleusercontent.com/gps-cs-s/AG0ilSxrJaR4WToCQITl1rwqBC4ep2Sa89q9jjkBi89h2s0YrcSs_uvZ_YIKchGPlksheAf-bk7vfwKrklu2l9zkts3pxBCwTNz59X4FIusrGFSx_SGmTWCwhFiuS5VbvmLvKdzkDmkz,"5,0",S'identifie comme géré par une femme,N/A,https://lh3.googleusercontent.com/gps-cs-s/AG0ilSxrJaR4WToCQITl1rwqBC4ep2Sa89q9jjkBi89h2s0YrcSs_uvZ_YIKchGPlksheAf-bk7vfwKrklu2l9zkts3pxBCwTNz59X4FIusrGFSx_SGmTWCwhFiuS5VbvmLvKdzkDmkz|https://lh3.googleusercontent.com/gps-cs-s/AG0ilSzd1t2xm5Whvxxa77_68A5smiloscnhfmvMbJGHLKH-Ju6_KtqXy2kgoUiZ2I26IUGvIijzs_3KEwKV7zus--0j_9oLuxFGLIAmZsM_rnJlwHbsz7uEEmscwp34mWCqMZFrBlRC|https://lh3.googleusercontent.com/gps-cs-s/AG0ilSxvcPP2mFJvrVCmheZsTlu5mClFzL_HBPKtg2UFR7wEXHvRXC9QZWI3Q365bd-0fIlv3lkJQ_c7Q6AqsRnsyg1Log5hARpe3v-EFwJzzaCqO6mA_E9l8Wip2HTWrBHb2nGJyA7AfA|https://lh3.googleusercontent.com/gps-cs-s/AG0ilSypohsapu0HvHzPzTF_RY-3YnGgq7_B4U6hQCqK8fKm89px4_HXjmgJMkCrRXuzLutX_oEICofrfhm3TrBEzu-gs22MRgrdopfxiKkG0QppO5GFwErRwvOIvF7xvbh87YDEXC06|https://lh3.googleusercontent.com/gps-cs-s/AG0ilSzoJTNX5zhhD_Fygzs3G67-nvpymWu8oeV9Mh9W8O4sknvenLU5TuYuP-xQQv7iDcMYoE0jtudW8o_DKiy5EFQwHDdutQHbMfPxWCn34xuTBNt0Yuwz7uWJjx0mQDfdaGMIIkoS|https://lh3.googleusercontent.com/gps-cs-s/AG0ilSyXnp6lFhYZGV1alAX2rwkXMNUHSJGUWckSt0Gt5aaqZfzQwAsVgmZRgFX2E1QmoeHpMiZAZAe5XrDRVkRQcJ-mHBerDl67WqnsWCrYPduqhd2jHuWgYIvLDB4afQKMrvwLYLmoqg|https://lh3.googleusercontent.com/gps-cs-s/AG0ilSxiHxADieGeitQ4YSlL4IZzxpfiZbnPpG5REdvcIv0u3V5-oyFOT-Ckpl-N_5rcf3v9K8UeX2oYoyVQTKB9mlpCF-QVreWnBcDigXNaVt_PGwh5ceqmfGN4Ud8XEao7zdL1r4tZ|https://lh3.googleusercontent.com/gps-cs-s/AG0ilSw75TXme--SFDuvEr-f66jdiwZdJncQpVldeDNhjFKmmKbycsGKa1ZPxWhvfY23D6hBAdm7WblGN_neJbUTrWpl3OQ0nFxj6Nnvkc_49boNUgPbEzrNRHHN353GGU3g3C8UPEq1|https://lh3.googleusercontent.com/gps-cs-s/AG0ilSwSjFYZ5aiB1jkDKv-AZmNYiIvgdP5DA35H5ahHMrModw6kVid-3AUJAc-yoW73XouWt335D8EiK394eK5DMLXKnNbTyTyRTgxdCQA4XtEGt45MFWQH0CfxjoQXL0Gs7v6_GkM|https://lh3.googleusercontent.com/gps-cs-s/AG0ilSy1UUpQ52oil2OWQ6c6A6psSMpnYPs_Le09Az6-HnojyxyBx180dxoF8-V5EgrbSPDYm5WzYyEFJAH8yn1xMvgJ1OJ1vlQsSONpb424d6kRiveNVZbW1J1rsJQ50fLX6jdGYMAH|https://lh3.googleusercontent.com/gps-cs-s/AG0ilSxMcQjM8hgpmGFgxP5Huw-3i7hLrJL9M3dZfW5oNKvDthNnmV6eeKTfJwkzBF8Pd7YO_zoNYcyLXBcx5Lu4A0F9qzirD5ONQqSIwpHqVMcbauRVWP-pNwYUoLC1cG4wQVjEoQPU|https://lh3.googleusercontent.com/gps-cs-s/AG0ilSwuO0xye9kygidcavKplMoa1jfaVecgK79RjJ1DmK_-3ZTby0GZkO2H4jCILOnAKZQdo0zwd-kzYwOiJQ2dQIWRyVNpGiE5BSHBAP6oTnvQUNaGK2CNV50v6HBsP3Ks2Yv6npqaQg|https://lh3.googleusercontent.com/gps-cs-s/AG0ilSwV5706KLFVt5gWDCa9z6kxnxkh2_oDgQ2558krUYfOHfTDzUWiNfdI2anT2DADtgce3_J6uSChNhLv38T_kaBw6zBy2dYUV0e1Z4Y_4tOZGoGr1Jdoe_5AfxckPvmHEjRWygCc|https://lh3.googleusercontent.com/gps-cs-s/AG0ilSzpc9zCEwT9UbN74Dpi8cNLBGvY0imWjd8DIh2C9FWCAGV9rjHjQAuED4tCbWvIvNJlzWzp09XbMAIACk8jRDUae1JzhGGJi22GQ40bBcXYhQtjVQosbHY9lCY9LCwBvGJEqtzFyA|https://lh3.googleusercontent.com/gps-cs-s/AG0ilSyhrdYBz1neJXOk1Vs21F9cbryYjFuZUrKkiSdqCDXlb8MoeP86EWT9ALIWPv6_aZFukaqMGWq4Hgrit4yGG6e9RhMx6P588HlH9quZ8bNP2JfhlOTpMd6IRt8fVuhHGCHMp2Q|https://lh3.googleusercontent.com/gps-cs-s/AG0ilSwDYdaowAKIQnYXx91bfYfVamsMh0GGu7qEQaFReo6q6Wo-ZFCYVXoPiS78avl-fAZkZPR5tBcj56oHS1np0Nd0rwmy1M1_9ijo6-0exB7yuJM9Yw4o15IPFrMt-LWl0Uum4K_n
"3 av ibn atir, Fès 30000",N/A,IBRA'S KINGDOM,https://lh3.googleusercontent.com/p/AF1QipMKY44NZlvE5v3dC81AfJvz7UDA6I3xNHL_t2AX,"4,9",N/A,0699-705212,https://lh3.googleusercontent.com/p/AF1QipMKY44NZlvE5v3dC81AfJvz7UDA6I3xNHL_t2AX|https://lh3.googleusercontent.com/p/AF1QipP81znjnKDRpHMWV2khl3P54zNQ967FFRLz_RhB|https://lh3.googleusercontent.com/gps-cs-s/AG0ilSxTZfzJK8Q5FON6bYo79HkxbOoP5RJMecH40OshngcZHX4DcD8e1CJzd4qGx9N98UTroo7CC9eWHKesDqmDAJ_M1Xvuz_6A3wp17d_YgogOxpPjc9mBNvPyYPkYvSjPNTRWuaBh|https://lh3.googleusercontent.com/p/AF1QipN_J52Py6MRmBDLwqBUH_avV2cBHT6aD3D50HYZ|https://lh3.googleusercontent.com/p/AF1QipNpapMnVAdQaee6KZ-C0JPstOkfXiOS1IMiyD-V|https://lh3.googleusercontent.com/gps-cs-s/AG0ilSy4FMSBkiKPRIoeYtMZzAQxlGEeUgAHRgFyN91cF9CCauYGUF8W8jiMymedQ1QDuFmRrzDSIy3CH81hIcyA5MLv0fOZr0lHh1rktyYuhEs7zUOPK3GyWL7XYgwPhv05o9woFfLp1Q|https://lh3.googleusercontent.com/gps-cs-s/AG0ilSyf3WHzL7dcIJLFMu82H5ziUiK-nr9H4T5JZxNGIha_FsUriPoi8w10Tp1_pV0iVO0CbNhh8bDxtih8OEvKEYMClrxzw4vmV1b_kJMovsh87yG5j1voMShv3HziqUrWehtVn1pYwEiWUL4|https://lh3.googleusercontent.com/gps-cs-s/AG0ilSzYEwzQWbfzJf2gWFiPkWWKyf0Nv2SnbVtASnKGLG_eZqHyJ0f5LOFHS6BeiyetsYhKJ8g20kmu5gceaCIZY8tNsG15XgEMHHU-sTZqpMBZP3pPGFkFkjuEqLh6IanuSPulxWcpRvhDVODi|https://lh3.googleusercontent.com/p/AF1QipOZmhLDIwiR1wUhhyAJvbka8b7JUVQdM4iHRKvr|https://lh3.googleusercontent.com/p/AF1QipNp-QAae23EmbkgCABtGLIWBB5UbtWf1SfIW4sC|https://lh3.googleusercontent.com/p/AF1QipPKdpNhil1TuGJz4QjCneTURYhw0liG8Grdu86_|https://lh3.googleusercontent.com/gps-cs-s/AG0ilSwHP2Ho6pofcGN5cUOR5UnQlKpGB1608TZf9GaAM6AcQPVOOOjox217eFf6rpsMeDsx4e_bqRoDzHkQG_RlquzXVmOihRhI0SVxGxxAdMWhUmRkgp45Fpy8Mdg-jnDuWx4Myazx|https://lh3.googleusercontent.com/p/AF1QipNBDzhvfOmp6_LM3lUlTIsYWQwqAKhRoJs4sU5E|https://lh3.googleusercontent.com/p/AF1QipPzXIZJFEeZhYubosc8FpRiX1Cf-kdby2TArJ5Q
"Lotissement 18 wafaa, route imouzzar, Fès 35000",https://www.bmsystem.es/bms/the-uno-barber%C2%B4s,The Uno Barber’s,https://lh3.googleusercontent.com/p/AF1QipPi-hl7CkKham7A_w-nV5A_rjJlQbdaP9HGIskk,"5,0",N/A,0669-936638,https://lh3.googleusercontent.com/p/AF1QipPi-hl7CkKham7A_w-nV5A_rjJlQbdaP9HGIskk|https://lh3.googleusercontent.com/p/AF1QipNEKQYkN0_w_0wk8ICn06xmmwl7mQx6EdUPTmdO|https://lh3.googleusercontent.com/p/AF1QipN7zHh6X8_DYZTOorcA26V4RlrauZeZjjEUFRZs|https://lh3.googleusercontent.com/p/AF1QipM8Cq_dLgjtNiJJ2Khlz5Gakjz4QHRUD79DAvTf|https://lh3.googleusercontent.com/p/AF1QipMejnvC5v-pd6rOCAGf9TrOhy2Wr--2WWeOy-O8|https://lh3.googleusercontent.com/p/AF1QipMCwH8T6UP2ZxaLh9KOpQmL4Oz0oxEAlRz5iKkU|https://lh3.googleusercontent.com/p/AF1QipN8lUHb-CcWM54PZklpUVL-4whtG0ZiyfPYU1GR
"رقم 53 شارع ظهران 4طريق صفرو, Fes",https://www.instagram.com/thebarberamrati?igsh=MThzOWZqNmwwN2Zs&utm_source=qr,The barber amrati,N/A,N/A,N/A,0654-224431,
"4 A RES IKHLAS RTE AIN SMEN MAG 3, Fes 30020",N/A,Barbershop,https://lh3.googleusercontent.com/gps-cs-s/AG0ilSz2ysdLzZvLVu2EQXBTLir3BibN0m-gu9t4O5dPNZCowUxzicz7eKDlUOyO7SthUgJjks-eISE47T2CQ8cirSOpiNCCFEtDg2QxwqeoD97Y1quSpaK3O2XZPtvA-_WsD158OCE,"4,1",N/A,0696-430330,https://lh3.googleusercontent.com/gps-cs-s/AG0ilSz2ysdLzZvLVu2EQXBTLir3BibN0m-gu9t4O5dPNZCowUxzicz7eKDlUOyO7SthUgJjks-eISE47T2CQ8cirSOpiNCCFEtDg2QxwqeoD97Y1quSpaK3O2XZPtvA-_WsD158OCE|https://lh3.googleusercontent.com/gps-cs-s/AG0ilSwY3z75cEECRUThTGuAzgNsRIoRoFJ6Yi1NV0-ecXFk3ldeONxrlY4Zl_iRAZ9MO6TAE5iBKqeryhO1sO-Fj3rltF-0lEWdOr_x_a0Q0MogY2JlX_ezW4XOe7ncr_isT_RA0WH1|https://lh3.googleusercontent.com/p/AF1QipPJe-zwrtPwZ2M2dMiPrRS3EYRg4UTPi2dPme3D
"2279+7M3 Avenue Al Khalil, Rte de Sefrou, Fès 34013",https://www.tiktok.com/@men_berber?_t=8YeNn63CZi2&_r=1,Golden Barber Qasiwi,N/A,N/A,N/A,0674-445353,
"In front of New Relax coffee, Av. Ibn El Atir, Fès 30050",http://bit.ly/booking-barberbigboss-,BARBER BIGBOSS,https://lh3.googleusercontent.com/p/AF1QipNzggnd3EmcEyh_E3YZoTLjfoJVMjJoiISbLSNI,"4,9",N/A,0632-306066,https://lh3.googleusercontent.com/p/AF1QipNzggnd3EmcEyh_E3YZoTLjfoJVMjJoiISbLSNI|https://lh3.googleusercontent.com/p/AF1QipOOPp35FIPNSPsdoqOjGBZApDBoj4ZTxro41n-c|https://lh3.googleusercontent.com/p/AF1QipMlw38wIB9-xBmpPGnshxA7pBLoSZv1TTEXu6dn|https://lh3.googleusercontent.com/p/AF1QipNtxhiW10cE_t-Y_iOPaB1JOYuihoMyw9D6sUta|https://lh3.googleusercontent.com/p/AF1QipPS2nLu7i1gOukvT-uYkyy_c9Nn-Aw9nKwjUcK7|https://lh3.googleusercontent.com/p/AF1QipPRJVsrmaHne4sgCZac5WDMrr7L9BkkG5zndVwW|https://lh3.googleusercontent.com/p/AF1QipNEqYrOVxDhRD4u6NyoUxMzBzhWwJWXXCW4TjLE|https://lh3.googleusercontent.com/p/AF1QipNIF-RtZrIUJgpaue4CMoSw5jrMWS4WtkMxENUl|https://lh3.googleusercontent.com/p/AF1QipNGDmpSJUhC4idc1Mp7wx-xIrcbZ5sOp19apqQ6|https://lh3.googleusercontent.com/p/AF1QipPzQZyY5M5z4b04ooGZ05r4CHfXMLbgiqLV2QHQ|https://lh3.googleusercontent.com/p/AF1QipNAl543JUB0DSFF0hFfnGS2fgnIOH0s9907-B1r|https://lh3.googleusercontent.com/p/AF1QipNUR9Is1knJ1xJxMrAA0knNVf6l_u9BLtcsm1Eh|https://lh3.googleusercontent.com/p/AF1QipN7LJ8eDdvNhYwEBRgMKgLRuQCtGrRiXKFbgwVP|https://lh3.googleusercontent.com/p/AF1QipMND7VHCaRgG6i-cAOJ5_uM0trmVFVDfi_zhtuz|https://lh3.googleusercontent.com/p/AF1QipM_k2PwkdXeDduxJCn5_nlggIr96zrjNRatq2m6|https://lh3.googleusercontent.com/p/AF1QipPvmp8wCwjecPWXBF5sMwyC7ES9gFH9VMKdiOT3|https://lh3.googleusercontent.com/p/AF1QipO1MKwo1IK93OFouU7r2oS_aJLQP4EeZOK4h9Ah|https://lh3.googleusercontent.com/p/AF1QipMxTUB-UIcp3KiXVuS-BKMe_HFJyZsj8udMtvAp|https://lh3.googleusercontent.com/p/AF1QipPMAgANKQ50czazwLnkTvo0gyP77xARSFPNGOkS|https://lh3.googleusercontent.com/p/AF1QipMQM3HrT_MYh3IKYQnGDr_jF8f06CEZag6mEv17
N/A,N/A,The Barbershop - Fes,N/A,N/A,N/A,05356-14221,
N/A,N/A,BARBER FES,https://lh3.googleusercontent.com/p/AF1QipMKdod_jhjkJyS5wkSOj-AZABH_c4raK6LEog9T,"4,9",N/A,0660-181540,https://lh3.googleusercontent.com/p/AF1QipMKdod_jhjkJyS5wkSOj-AZABH_c4raK6LEog9T|https://lh3.googleusercontent.com/p/AF1QipMGt-6xdhOsK0UYtxyh5caxVhFqU-EYAVvmlRPS|https://lh3.googleusercontent.com/p/AF1QipN4XVsuN_3MKR1mEZKP0AX4coas1K50O7016WtF|https://lh3.googleusercontent.com/gps-cs-s/AG0ilSw7ZbBG_Jqc7vE97tAQTPdohenLLGRehYnHMDhRBKQJk9Z0d8tJnecMsd1uDIAcWX1-ob9We0vARXylfmAM9rhYJC9JHlOBScsM2uEG4habmNYR-mZ92VK3CeT9n-bjtLbstAFD|https://lh3.googleusercontent.com/gps-cs-s/AG0ilSys_2Em4cM95p_swfFhFMZ2XuhfWrtRXV0VWwTrpgtOxqKyTXbQQb3bwNuQwn4rNPTZefM4083a2mJsIXTbXlZWI4oExxVO_7bciTyXnlXI2FOPRG2qPrOJYOjmTF23JwZBoM0w|https://lh3.googleusercontent.com/gps-cs-s/AG0ilSx5Q7fmgegW3tcXoJMOgY-gGeLpVznYcy5BmUyVeF_B9dE7jL52UfNzvje5z6PUr0AUutvfEkTKRWr5BeLozo5R4TrGjYmFgv_JsnT35FY6342f1bUazMPf72r56RwNbeqVX6IeNQ|https://lh3.googleusercontent.com/gps-cs-s/AG0ilSzOD94MTraX8ejbAaoUzZfsR2C6qMVDRFVMLCrFlO1GG1vD0qV7y086_Ba2pkSS7PbAce469dO58oGbrIhRMbOXzFuWJwhVTfFKX5rPQdGquvh00tZSdOUGcjD5iA2noRtCu4sWEg8hzhI|https://lh3.googleusercontent.com/gps-cs-s/AG0ilSwBscG7viDjg_1tLDZLCGiKkOUiI7-unqvFuWsc4y5vJk82LMPLF9uRMM2WsX75oV6-V7AcwYiXwF9-lJ-sxGA44GS2yfKnAihStjBKtASGEw1XsISxyqwEKfsoGLy_k2ggyUK3MAyOuHWj
"Rue de la poste, Fès",N/A,Momo - Barber Shop,https://lh3.googleusercontent.com/gps-cs-s/AG0ilSxiEwbedX1hPSANBVXvEhX8tsWm3m5rDkjmtFNlrVUAVHKml6m3XbqqBb1mCiRLU15XYmwaUR_9YfkJMz7bSnX9JmD_UikO_OOn7LGg6tLPm4gCs7FLh3vx1G76VERkwSboXmFp4Q,"4,9",N/A,0694-272731,https://lh3.googleusercontent.com/gps-cs-s/AG0ilSxiEwbedX1hPSANBVXvEhX8tsWm3m5rDkjmtFNlrVUAVHKml6m3XbqqBb1mCiRLU15XYmwaUR_9YfkJMz7bSnX9JmD_UikO_OOn7LGg6tLPm4gCs7FLh3vx1G76VERkwSboXmFp4Q|https://lh3.googleusercontent.com/p/AF1QipMOcpth8Jwqtp7GqeiAFSPZtLPiCM7Daj3roXya|https://lh3.googleusercontent.com/gps-cs-s/AG0ilSwPPFsAAZhWz2GHR1McSz9x5Lx3vxobWvFacNIVbYdktAfxRjuDvlzEAZWiu-FL8GqNUL8uLtdb0JCzQCQeopUkdpDffVrJ3p75eKHFszqsAR8Zjlh2z_iNbPec2K6PpLYLcnDK|https://lh3.googleusercontent.com/p/AF1QipOMNixxRlerwQr8mfXoul-WTfp_8g__E2LOM96L|https://lh3.googleusercontent.com/gps-cs-s/AG0ilSxx2737tmAzTAKSrUP3yi5NH1I1N4mvyv-7u4FWHLpnpiaxZqreDhBVK5m9ubMw_XYJ2hqc5hl0JVr4xCnMMZHZ-NEHM6J2N3PQ0A5IT88M0Fg4gAgLmW0Gzhi6MyXm02-x0k_H|https://lh3.googleusercontent.com/gps-cs-s/AG0ilSzyH085AZ_bXGqDOAkU2i9tjdjm86S3xN8t3Eqezetwkfvg2l_c2T5oauHe0cxDu7pOctpHHsDEp23E5zri4s31sbfdz2qNM6t0K_eD9f4escm_pVVT-QWbyugpv9EGcS1RH_M|https://lh3.googleusercontent.com/gps-cs-s/AG0ilSwCSHradSK0oSnviDXPIam7kqfOoMFly7ilxQlPfhIPQ_p_CO9BaB-Ekz_XP_x_0pWeIs9O5byo8_woqYE7nnFrjZRCEI4EagsP6vA9TERP2nDYjg8K2c5h_32m2PLGtAORCBE|https://lh3.googleusercontent.com/gps-cs-s/AG0ilSzSH5Nf7MzEJL9nAZiLdVqi0ejHVcR_6y0r_Bg6u64VWnLwUNrJj2gmbM1CrjlyJcAJkBoSZlOXF3WD5jI91EGa2urZDg7YrCtvnCg7y5fDILGZr0wNpKeJqP3aGMciZntkcW_I|https://lh3.googleusercontent.com/gps-cs-s/AG0ilSy7vpt176DViNVyJzYhc5a4fXBCbSNiz2WnNxIcSye9i-054GrZR3DEH6HcFbnvvBFsNbq_8jEv14xpGVkF7DPuun1arlkhvRy3oquO8RsJnVPYipdUwn68P-U92qHkpjIBFw6gQw|https://lh3.googleusercontent.com/gps-cs-s/AG0ilSyUbkybjCavRJDhP_fYJbo1DhKngfzVtMRG_KROwMj0wc1FazR8XGIY9qYF-53kS2MHXjno1riBJtQSqptJ4hN6Mzs-SQt_mMDO6FqWHFf3VjlUQTcytIIAyLb35vv2A1JNU0g5|https://lh3.googleusercontent.com/gps-cs-s/AG0ilSzQ1qNGucsDUSYCnyk-KA8lZRtpJmDoZSvsfYn4VTB5vbaD23Ss6f3KsVByq12eHmjZDSdH_ebhnb2Xgckss2Ic-d3yzFAwFjZG0OIpYFIMU1ga-gWDGfyA7wMdkciyQPaTT3iaAw|https://lh3.googleusercontent.com/p/AF1QipNWe2GLzsGsvLuoET-MHUuleslrOoPWnPPxI9p5|https://lh3.googleusercontent.com/p/AF1QipOA6z6VPx8jp1n_LeTEDN6L-z3qAyrD0xpA10vo|https://lh3.googleusercontent.com/p/AF1QipOEHvfFHiukAbi34xmpcuB6EZmHrKcjLJCLHdYu|https://lh3.googleusercontent.com/gps-cs-s/AG0ilSzjjUXXUE83GJbw5aXP4a3WLlI4pecve-tzjsO8XaC1nDy13bESN38OBCkUXWMbsNEhoG-kYLcgx3nuf0Qdf-PU8K8TmkhOsG275J1sRPKYFW7WvaJygwbTft8dLC1HOf1dNikV
"84 Rue araar, Fès 30050",N/A,barber shop grace a mon père,https://lh3.googleusercontent.com/p/AF1QipP5C1bPiwjmUG5LsvL_2or0pWkDqJOkZVtbhAld,"5,0",N/A,0675-237727,https://lh3.googleusercontent.com/p/AF1QipP5C1bPiwjmUG5LsvL_2or0pWkDqJOkZVtbhAld|https://lh3.googleusercontent.com/p/AF1QipPqJScxVLpV5gDGCHhqeRcFRAj7FvS_RpuAmuy3|https://lh3.googleusercontent.com/gps-cs-s/AG0ilSxzryfjOR9ZbYUo4MgFJCsFbfQ42dpZcwY-7-X5A-ByCQohn9eZSaJndR12rmKqB1XQEAPbj7tp6IxdcrNffCpG1HC2ogwKTLNDQmZdppYbufBu8EMU8b0rO4xTrLGOVkBO8WKwYMI9vF96|https://lh3.googleusercontent.com/gps-cs-s/AG0ilSxkuivb3LVUULn2m8gR8STAV93IVeJPXHuFf19OTrF6mI1hzlor2DJ1KclllU165eYETtB6osV1ebL7lQl8BwlHcZC6wLyIa1q28qVSv-Yvf2eFGWM3sGP2iS4qUh3-UW-APaX916dmeaE|https://lh3.googleusercontent.com/p/AF1QipMrLL2lhzS71e7gSdRIL2vSInn1RGYjxMe5hFit|https://lh3.googleusercontent.com/p/AF1QipPsCSp8c9zYAoK2kW36XiTgfTScxLCmbq0uqAGw|https://lh3.googleusercontent.com/p/AF1QipORanJ-xGFQLR45MQJcdRCjsaIu16qyFI52hHfy|https://lh3.googleusercontent.com/p/AF1QipPdIkuWv5i17O_EfHZVrHzgHXasttgQLR4tBzdP|https://lh3.googleusercontent.com/p/AF1QipO5BfPybrJ9Afa5fkSyNq-sDGemxmSx1F0WlGh6|https://lh3.googleusercontent.com/p/AF1QipPuO47PwcdAP4XXhuQ-Dst3QnaXIxFb9MP2LZyy|https://lh3.googleusercontent.com/p/AF1QipPzKasx1Rq_gKYDqJPJ1EN7qL76kPca6y-vauv2|https://lh3.googleusercontent.com/p/AF1QipP0vbAmcpgMsv6E7KlAroH11baNBJrvUHjTQ1jG|https://lh3.googleusercontent.com/p/AF1QipNtIL7AHEOgE_bRxGXe2NsYXHslBLnt9sDzgLMi|https://lh3.googleusercontent.com/p/AF1QipNm-Mv5P42UxapXNaIJ_xH5OGMbzEcvNHlFQ3Og
"9 Rue Ahmed Amine, Fès 30000",https://www.instagram.com/barber_savana_merrakchi/reels/,BARBER SAVANA MERRAKCHI,N/A,N/A,N/A,0679-081531,
"2XJV+XV4, Fès 30050",N/A,barber shop vip fes,https://lh3.googleusercontent.com/gps-cs-s/AG0ilSwA_6gDmuSVxbl-ofMJdRQZUO2vLhRQu_YsD1HQfFcFrwLSxxhJsXfnV1OUbNK9ZlCI182FFoziOj9Sqk6nKwxbAgw8ByS0BrgljYe-jHHQ635mRCNPPV8bfrOYthZThC0drk_xkQ,"4,9",N/A,0653-798695,https://lh3.googleusercontent.com/gps-cs-s/AG0ilSwA_6gDmuSVxbl-ofMJdRQZUO2vLhRQu_YsD1HQfFcFrwLSxxhJsXfnV1OUbNK9ZlCI182FFoziOj9Sqk6nKwxbAgw8ByS0BrgljYe-jHHQ635mRCNPPV8bfrOYthZThC0drk_xkQ|https://lh3.googleusercontent.com/gps-cs-s/AG0ilSxfRw-1MfhuVjHGt03DVkn80CneLS9PznForKSUhg-JiZJ_GANcb7hJN2ZvgqvMKNmJiKtLoUNdQopppunQH8FNg5mYuYtMvLavc_Kn0iQNRDu-ZzO6MHvf6j3mzoscIDbDuPx7Lg|https://lh3.googleusercontent.com/gps-cs-s/AG0ilSwLSeZPOuONlPVbMrR1hp7JHoe1yHKaieXb6mtFb5XyVVLx93-VwhmCD_EiyFS4wGgnhH6Wtg6t8HvxnqUXcUnBquil-fOL9Xl83Jg3l19wnPSm_Va7MLIpuPV2OKeyMU8NHkN0CA|https://lh3.googleusercontent.com/gps-cs-s/AG0ilSxoBl7B5bnRhiSRVV6X7UD4usmYRkJ-6tnnslC-yxKd-OBRxvq4B8XCvfBxjAhjh4vO7YAjs2fQ2VQsemvUDIhkwjhGc0INB9Yv3CCjpx_Jk3-V3hbh9Exjm7_-lTHxxUH8tjGO|https://lh3.googleusercontent.com/gps-cs-s/AG0ilSyvydjtpJ9hGoK-rilfwnEeya3k-iD46J9FNAb8rfgVzI5ECGPcmpC9gtkmaLKbc3Eb3sW3AWZDt1wlSYsx7kFfbZBHgnA2t2YazMvzl-yEk7Trd5T0Hm-ShDRT8ZSb8SjntEJO|https://lh3.googleusercontent.com/gps-cs-s/AG0ilSwS0cvTQWNTeSzasazB3jgzMxhcA2RGKYewHzy50sqTBqlFZmc5G6YuMxbHDisrPewxXfvHGo8Yhyw3owaexC8cFoZlC3i5TeRdAU7-azm7YwjohUQXyUW0VtzABXNgVJIfL_pe|https://lh3.googleusercontent.com/gps-cs-s/AG0ilSztMl42kGW3_MC_O1EY-_0QC7ljQTPuirMpXrz2kcahJfTFRhe1NHFisxjh_Rwfr27CTtb39fQCC_w9RSeoZs7cSZlzgzy3KHKF5FCv7_hnannkzoKFSI-okeXI5Zss0D3cmlmY|https://lh3.googleusercontent.com/gps-cs-s/AG0ilSwCCJlUfhwVMhatjziLlRO0wgYf2DUhSSfKcXpXxs40jhF4_T-p2Ku4UJnNRiae8EQ7Wsd22odkOfjPJWI4gLpcjOcJOtKaMcfJUeIXdVkMgJ-FR53Okn-DP8FixmQWbM0ZLrgdOQ|https://lh3.googleusercontent.com/gps-cs-s/AG0ilSwqyMOYsjKOI3TRKggxZfuqy2fTqQS3Ssini2yv84D0ONQ9kgy3TGEjQe4-JPipoztTrjIv9LuV4dIyFRYhBgP7DSmfXiHiGPVhSBOlws3w7dI9FpUAz-pyzGr5q74kc8vwt-FJ4w
"3 Lot jbel Tghat 1, Oued Fes , Centre clé magasin 3 ENT A ,30000 Secteur 0601, Fès",N/A,Barber Shop Zaki,https://lh3.googleusercontent.com/gps-cs-s/AG0ilSz3pMq6qj2c8b3keat846oMftL1WQuN3peJaGC6sXKjIc8vuGqZYi4YWiAF-VG7FHzOOiwxArOM54lxnouJqL9rDrStCVB7_Oktc2UeLO_qnBwZCEwSTW8IaAf4hJ5r0sX1oviB,"4,6",N/A,0625-367109,https://lh3.googleusercontent.com/gps-cs-s/AG0ilSz3pMq6qj2c8b3keat846oMftL1WQuN3peJaGC6sXKjIc8vuGqZYi4YWiAF-VG7FHzOOiwxArOM54lxnouJqL9rDrStCVB7_Oktc2UeLO_qnBwZCEwSTW8IaAf4hJ5r0sX1oviB|https://lh3.googleusercontent.com/gps-cs-s/AG0ilSxsOPTFAIDWGG8ON70F3jU9foVuzWGhw2YCTR6BFhgmgQaxj7ocHV0l7416804osKv2l0TyVVdk0bG5OZ-WUkL0d63lpeczM7lgkHQTSB7YtvNXUv3oClOZ7b5rMDQg3n_k2-XCoA
"Av. Oran, Fès 30050",N/A,Primo Barber,https://lh3.googleusercontent.com/gps-cs-s/AG0ilSxrTIRdt0ro8q2reBPKx1kzLFH3mWcXW60fkNDVPFb9dkzBRf6MhQNlVpn0gfGc8e1abpYkZ5Vhta6Z0l1r3sh3lkGTyvnuGsw4XxRnBfx1y1wV2InbwOd63VxDGSfFHEd44apO2g,"4,7",N/A,0662-827475,https://lh3.googleusercontent.com/gps-cs-s/AG0ilSxrTIRdt0ro8q2reBPKx1kzLFH3mWcXW60fkNDVPFb9dkzBRf6MhQNlVpn0gfGc8e1abpYkZ5Vhta6Z0l1r3sh3lkGTyvnuGsw4XxRnBfx1y1wV2InbwOd63VxDGSfFHEd44apO2g|https://lh3.googleusercontent.com/gps-cs-s/AG0ilSwStbUw0svfCPeotOAr-YOSwV6LuYoR6LAhj_Pmr06C4ErdplhYBt9Zk4UL47r2cL2e7brvgwlLeml4_pztz1MNHkig7bkpwzTS9H0FiA-YWEbyJGfRy4jdeMCJx1R3c1IhB3Ls|https://lh3.googleusercontent.com/gps-cs-s/AG0ilSzlgS0cezhIgPuXHi3qk9o4di_M7_NaJUhCNVQTreno-M-nu_h4avNxvKg98g4dsVnHxpleH_caKfu4iP527Dtk-zn-Da_AH3tRf9CjMz-6I55R6aUPQuobX3_BgYT7joHAkWL-VA
N/A,N/A,Barberyazidjamil,https://lh3.googleusercontent.com/p/AF1QipPM1ZhzyFG9UrjMx36ilqnhGnVtK_RQjU5WoRuF,"4,9",N/A,0660-693635,https://lh3.googleusercontent.com/p/AF1QipPM1ZhzyFG9UrjMx36ilqnhGnVtK_RQjU5WoRuF|https://lh3.googleusercontent.com/gps-cs-s/AG0ilSznV7TiF2k55rmqTkyaPkOfGB1VzuL2PrsL1apehA8OAky_hy_guDVpWR8R4eV4R7ZaMnpkvgNwiQBzjA6DPTtGxoDrfI9nM-QYQABH26kyr3EFalsen93dKQpjtT-EZo7L_K--|https://lh3.googleusercontent.com/gps-cs-s/AG0ilSw70QGn1j4ciAaGLYazkJcoD8D5tFPE-BFsjE11F_b5NOPWa9zY0mMfkSHnxDCK_Z4_UlCbFKI4FuOLXrivENk5E5qRed06hNMXs7jifTJQUZyXNFlK0PKlQm-BOLjjSPh_7Os|https://lh3.googleusercontent.com/gps-cs-s/AG0ilSyh8JtIfNxqHSHwWzP-DQ9XZ-VF8v6HIKzRt_5SePWtBAptDN9G9HlpikkhZqLPh9wKflMJaz72wSNbwvexum7J7JmGM3r3WP65NOYXQvvXgiAKO0EUb6J041S9k0F90W7RH6mhrg|https://lh3.googleusercontent.com/p/AF1QipOmr5qcAf8tqfyJCTODTKBWXwEHfxgmcp0YlFuj|https://lh3.googleusercontent.com/gps-cs-s/AG0ilSxXaUNFyGHvFc6KfRgFl0rqS1WExWJvAj697pEtLzJl9DmekktU-lAzvwnOzgBrewvTrJ1HRa-OpvCbZIaAKIen4IocL4o6XTcI5NBzNtFrwNu6K4rZqwR1Scq3CXh0EUZ2jEE|https://lh3.googleusercontent.com/gps-cs-s/AG0ilSxsgidjFLqBq61JSSMZVS4H2dbOepdVGcuFzSdHL-OPP2eyev4ay3P2mFcU24LQbx24Jyf9nNAISXBl8nH0mdG5n8WdVCDo3lVDWsJc9VIgBkrK2no6u-2wVzg5V81TYTmNDmEubg|https://lh3.googleusercontent.com/p/AF1QipOAiVH9_40b66ZOFTKFa4n_WwWKTQ8wbBpYITEN|https://lh3.googleusercontent.com/gps-cs-s/AG0ilSxwKnlgGIBs-JPOi-6z5G7-yvh-3xmq8CrihuSn2UJPkEkDLoJSVz_s58jaM_GshGqwO5Lcm8ms5cLT1s6mUxpkfh7D3Ib7IoEGXagifY3itrpxUEhoOIgLpR2nM_iQYH2G3qXHqQ|https://lh3.googleusercontent.com/gps-cs-s/AG0ilSxyJse-ooy3DPC6Rydooi5kbcaTwEgT1Q--Sj0Nal9UQVDA1aJPoW5cpcgho8kR5nAFLtgNE9bJTrQY-feIm8otVskOMkZPtOYiMy3dLvzvcHUKJ6X_gymYpwDWx_t_dnXP1hXP-Q|https://lh3.googleusercontent.com/gps-cs-s/AG0ilSxlvyNAogwiwFRWcmQYSDypAh4XZTeOo49lsekRlzm2JhPkt7OnD2SegaEr8cdrCHnM4G-yfldz3DZnWSGF0pqPYGX4yrRPp2-iyWei0Pl0AM-8YrdaswwV7mxmJs5kTFZ9xl021Q|https://lh3.googleusercontent.com/gps-cs-s/AG0ilSxlu7AJSNMwQNLDBYll8vaSYXu1NByqOiWpYiniz4DEoICeY2A6m1e2qiSpxiynbXaNDLWW2Og9W_dELuqNwEQEGFXeh2JRaC46o6zHLkgetH3TdoX9X6eAwkf3O3x1lrBu3f81|https://lh3.googleusercontent.com/gps-cs-s/AG0ilSz3HepIC-xUA79Rdf27cpA-NY67eAPKUK_vzJgoKpWn6XdgYYcTQGmJLI6FZsROSGaCbZEyBai7dqCc5eGz11hqlc-emB8i9UWitWrWI0hl0M_1G4P6WrV6G625726S61_FX3pZ|https://lh3.googleusercontent.com/gps-cs-s/AG0ilSw9wCdQKjooBgHHeZMfHM_L3NuWS1M_XXEuDSIJh_nDuQzRvoahocfO4AHw2sZ-NsXvjgwshRWxggJHjGTWAdTO9lHzWVd5n7-MpBdrQ0f1K2CHgusVE9H057SrOwDrSDhByngb|https://lh3.googleusercontent.com/gps-cs-s/AG0ilSxpoXE2-xwedK-EPI9f9Mt7uqL2ICoo8dzlXF3ju4E5g6LtrL5LXYdMPqBW3YEvdx00PDzWOuBJnMCP9uFhGKUF3vohfFu7QTkGznikoEXdb2NhRIwCwSR2BzMQmMj6QJpbL46mOg|https://lh3.googleusercontent.com/gps-cs-s/AG0ilSwTzoPGmUJekbvrc1twe0YhBFAVyDsyoyWAXViUVqfW2wBvb0Wp8Q_LQVVmTmZxqRRB_8cUCU3KoFxUNcFxRMF1_lmXPsaadvfmwDp1h2tdH-Vbcwq-CgMs5O4kvl5kP9XkfPo
"102 LOT MOUNTAZAH 3 RTEMEK MAG, Fès 30000",https://youssefthebarber.com/,YOUSSEF THE BARBER (salon coiffeur pour homme-صالون حلاقة للرجال),https://lh3.googleusercontent.com/p/AF1QipN0cO_jSTKWuzVxHSgly7LJ0Ox8OIKIZlWwk24w,"5,0",N/A,0608-388187,https://lh3.googleusercontent.com/p/AF1QipN0cO_jSTKWuzVxHSgly7LJ0Ox8OIKIZlWwk24w|https://lh3.googleusercontent.com/p/AF1QipNxPdLGHp__iuMMXQxZ54AIr9nb_h851IDGUb21|https://lh3.googleusercontent.com/gps-cs-s/AG0ilSwg8pkRcAS7__knJm3d2FZbuAjtz9zBqGsGT2Hw0tR0NI7mQ0g3WSc2KMPiC-eY6R0AdAasgaWGaGTbK1jziaM9DkdMfpIJLsuw3fFCMG6x30x6AmBvSTKtBwHYOdjHXH6zydRj|https://lh3.googleusercontent.com/gps-cs-s/AG0ilSwz7pK2UbL54taI1GtB-Rroa-Tr-ITZ-knjIUbp7BdDynxhzQ-YwvoWiNCMeM63E5fiecEdGl5FmpBTGkWhcSrhtNQX8FxX-FeVzTrOkWps0EO0TjlJVWEDe5y3NftMQ7Aga43B|https://lh3.googleusercontent.com/gps-cs-s/AG0ilSyFvoiHqnI7uQfUf_kd3xugm3R4EF71V-5niQxKRh5_RzRQVrtWl3J_cMIwye3TKxsq6TsKm3RpCYZC8OxirZgHvwDeQo0jqaCgd3JGDS7mC2M6Jl60_u7v3ylERsaRtn5ZB6V0lA|https://lh3.googleusercontent.com/gps-cs-s/AG0ilSw-I33hhuUul6nsK-Oprrwp8utlgrlAYyOxTONwW1XfCq5vV7ECw4Dizr6Z6xOdQZaQJvOflMYHh1KruWV9TEOZRYzHYxT1X7k7pGSdiCQj7vYPUwloOFeLdXiASEQlELOoC36LvA|https://lh3.googleusercontent.com/gps-cs-s/AG0ilSyY9EH_xStOSN0GEmi4IVjFlhgLbJmRzAUH7rceXOTwY2yCJDpuiYCZfJVKEovwSZU0MQ4vtK4tvL9OLm5HT37LaN2WBGSKAmRCKNKG3u2vNPooh5HYZpDKmYaolRmNM7opuM5A|https://lh3.googleusercontent.com/gps-cs-s/AG0ilSxIsEFU1cDe4UMAxFdgQlr5rJ6JldES28UaheIJpDyCoKlsLyCmMXgh32pwzZeh-JA0GcmLD44QmPErnRnNODLjFUwcQIlFY9V7RqQf63FyWdeg5MPWobr3ckGbU9wlT3RzU9Ew|https://lh3.googleusercontent.com/p/AF1QipN5k2KxxnRnfaULAbdV5ql0PXOH5Hy96mhaIaaO|https://lh3.googleusercontent.com/gps-cs-s/AG0ilSwbeaxSSOYG5FP0IOsy_kX0job5-gdxj2HZ16miUHtyiIfHwnVysP4gCIYR5688CN5cEdpF3hTDmmjGbJm6S0H3p5FELLkifd0n1sK8FNmkoHOboeTwGPRV7Bi0w8oEk4gUNGpBsEzYiRs|https://lh3.googleusercontent.com/gps-cs-s/AG0ilSzg9WOdHB3wPHVsG_S-wzO5h-bBd15IZhyIEWNaHKHUZAfXfuQ4iHvMB15z9UIhA4JjpquoW8ZgAPKbI2eWV3pacO8eAexIr8UZaMq7ayiSAO7lblAnHqN6mjcKYvTTx9qd4QU|https://lh3.googleusercontent.com/p/AF1QipNfgiysMxYw48dZR7LH0wj1GiRkHxvXGlRudMjI|https://lh3.googleusercontent.com/gps-cs-s/AG0ilSxyespLzVUv-BGzykSL9wCy9sg3aWu2XnDsDwsw22thM3peuSUAw65ZicZAKpXEHbjh-0xVZrS0SgCjEgFQNFtJiGFuseXTnKgaNYqqtovfcb0vH6zZy2BdsoBCLmqSEp61XaxzUg|https://lh3.googleusercontent.com/p/AF1QipP-0ygwXG4_LKTXdUSukMIJwXzWH7hLe09ZMjNu|https://lh3.googleusercontent.com/p/AF1QipMG9yT6BXxC-r3HEquZUslEEsDbPfnWrpgS-9g9|https://lh3.googleusercontent.com/p/AF1QipOgytiABeq8HJLvNoqlHgGRMG6kFVhUFPMlwk1H|https://lh3.googleusercontent.com/gps-cs-s/AG0ilSwz_mLp2PZxaqTE6WSnROOnGa-dZ5nZCMGlSSOtc653rmY0dt7C0TBt6dKtr-RmuajLZVECmYs3rruv4VZdKFO8mhrxXoyab5yBWBsQ5Pu7Ck-TaQVjAbSmkcke2XzZDGEaxbor|https://lh3.googleusercontent.com/p/AF1QipNGMYOo9XYEz-P4UpjZJwkANCH8F3nAcPmvoq5B|https://lh3.googleusercontent.com/p/AF1QipOf9q_d4EvDKF_X3oRGNX7gphT7kOtOi_TMxx1g
"Av. El Wafaa, Fès",N/A,BarberShop El Korri,https://lh3.googleusercontent.com/p/AF1QipN1h3j6GEwvM3bp6GSI7Lx3_IYbqnW_L1_tW5xr,"5,0",N/A,0625-902206,https://lh3.googleusercontent.com/p/AF1QipN1h3j6GEwvM3bp6GSI7Lx3_IYbqnW_L1_tW5xr|https://lh3.googleusercontent.com/p/AF1QipNYaT7ZSc40INxShCH_BbWQ5MD-Nr4KuqCVbcVN|https://lh3.googleusercontent.com/p/AF1QipOcYQpdhFBZK5kKL5htbdaILQL36RABUx2FgBrc|https://lh3.googleusercontent.com/p/AF1QipOtmF8130cGD9UO-BQdGNY0idnssBY4YwRqFG2n|https://lh3.googleusercontent.com/p/AF1QipMw2NubZmH4IErZtHjMcBwAuKG5zKxjgLDisdE8|https://lh3.googleusercontent.com/gps-cs-s/AG0ilSyyqegCZaqg_y0vb9vU3H3rDBIAwpe6QpKLeE8hct4A7uNxv_W-lUQshFkb911B72ReXFarqTssczONArl9GeKupp90_NxJh_RORIIeUzTdQRO5OQ2Tz9TnWf_ujBJIOxbfh2cP
"2259+297, Fès",N/A,BARBER OG,N/A,N/A,N/A,0617-595495,
N/A,N/A,Barber by jalal,https://lh3.googleusercontent.com/gps-cs-s/AG0ilSz0CZJnQJvzuxD0NsNhw_EuErVdpnELQVPRfa5WmkfLk6E9uOLxti17w2HYpAkxjyVHBplZCeQxgraR2hPpF0NCf7_2xvHcSzQzavPrWY8e_x9uVc1DGGoMhN65Y21tRavWoQi81A,"4,7",N/A,0600-200440,https://lh3.googleusercontent.com/gps-cs-s/AG0ilSz0CZJnQJvzuxD0NsNhw_EuErVdpnELQVPRfa5WmkfLk6E9uOLxti17w2HYpAkxjyVHBplZCeQxgraR2hPpF0NCf7_2xvHcSzQzavPrWY8e_x9uVc1DGGoMhN65Y21tRavWoQi81A|https://lh3.googleusercontent.com/p/AF1QipOzZn258JO8_QzK2KsZy523bwMPxfu88PxKcbJm|https://lh3.googleusercontent.com/p/AF1QipOK0uJM9zC63MqsaCpUV8sj4ls552nZmlW_lkZ0|https://lh3.googleusercontent.com/p/AF1QipPSzn6PvXQsnehseDi1q3vnBuG-eik_WDQOkhIC|https://lh3.googleusercontent.com/gps-cs-s/AG0ilSySu8W0haeYiSQ3eCKmjrwSt8DaQXe6J1KEIJMY1Ex9CLMxbUlj25CZOVfYe9-_jlkc85I9n1kCULw-xwFzw0_NQdJZuqohckfUxUWxhhi2EOkQqshGRpH1m1ok5mhMQk7tW_Ikuw|https://lh3.googleusercontent.com/p/AF1QipN_BHlnON69T_4mq3_FcHkLqSpTjGkt48AYu-51|https://lh3.googleusercontent.com/gps-cs-s/AG0ilSxjNjWCSHKXnP58gKvg6WyqPzO7qSX9MPym712i9bRvigaGWhE9nZmPSFHL6hWsq7F0MrYcg4V8ppqgN7KgsDne2RbYmMI1heSqioVuxtki3xvGDnUk6Bb4H4Lqvv3Do1RIPQ_K|https://lh3.googleusercontent.com/gps-cs-s/AG0ilSw4DQIIHYrX6eqeQ9LiGKQ6baKfDnDP9hFuVhYxuwmludf-xwaUJN1SjCUuzDD64w39cg6o6MYCHKSFrV4c6LcBP8NlF-GvTStuGtdx0s4LI3N15FQtyv5IETgKezO0V20RplHNcQ|https://lh3.googleusercontent.com/gps-cs-s/AG0ilSwxy8amHZ0qoBfv0V4kFcsp3FyDexQm4RZL5ti1UdbjS-BywvsowZEStslHpr3B1Rsl5evEDeamorFoTHdvlQAGaN6ylAa8-rruCyUK_DZnL-67sbRRzLbuB-cyfZBrXHM9YHK9yg|https://lh3.googleusercontent.com/gps-cs-s/AG0ilSxPDjHDmSnAEFEZDnp2lW2qfXrJ3uPHfrsasxUoZjlVll4rbct_k8-9Va9erYfD9kFdBPN8-kA7voS3AV1yf27PUbrZNkaeLbXDyw6vFOblR1pgr1s9nMYDRfADb9YmD8-QeXaC|https://lh3.googleusercontent.com/gps-cs-s/AG0ilSzkFHLMzA6yZf2PO1T9_sDduDuUO8dzHPnPOGpYyRI0-5lyvevhwn493zSd-sdyd6TpUP4pMjzygu6709c_1U5DLJjQhD4CuX0qrSKmnF--REL-Ig7hyDdvnVsNju2XRycMzEbQYQ|https://lh3.googleusercontent.com/gps-cs-s/AG0ilSzPB5ct6lJC2cJnEnRVQdY4EtE6KgCymIOH6VNbkA73BLds3_xi0ZunT2lkhwOHaBLsK9mLjMxQyA4hKB5keEy3oJmMfN7S8dTUXxUdiJGAX3gFfMZnUqNOnArObn6EguQ3Y0smGg|https://lh3.googleusercontent.com/gps-cs-s/AG0ilSwECCqRrHEi6LheWniZ1HIwwKs_cugcFnhoxkk09VV5MYsOI7HEVqt0UAasaXLyjtbr3FdOzEFw5HLDhELtj8mEX8g-poW6dadonSI4YQACsj1_q8f8qbFyDD07txbEkkQRIw28MMpdpgI|https://lh3.googleusercontent.com/gps-cs-s/AG0ilSy-sy72W2IskoRHLCvClwpdU51U_WGmE5d3nfc87jHIBSoRUNwxr6hxj35TeFSpdoimiZpDBQxvZCIiJoKVrL0C7Hc33MENVcCIsREqwQlhhYbN9w_B3Cbl6WC3qsdbF2gMQMPO|https://lh3.googleusercontent.com/gps-cs-s/AG0ilSz-fo8rWismzpdEWQ0GknQKohebNWgVZUcybRDSS3FCFtJ2VmXyYz-ey_e-1ewGjtvqo9vBk1HusXSZKBUB_2gURp3Tqkxpg1-fbxai0WeCyh0BUNTrsGe59Y8HBStIOH_E4GnA|https://lh3.googleusercontent.com/gps-cs-s/AG0ilSwxuJLTWfJ6I4sHw2Xsej1KGDzCmC2yFNM4VD8bh0juoq17fxugRjKmQE07ixbB8Ichz7xBJf2SBP-rK9KuEl-LdzqsFb6Pxld13jpw1VgaB5Jw7gDsmU2xaLrZ7I24lYortGmR-w|https://lh3.googleusercontent.com/gps-cs-s/AG0ilSyyAuJOyeYFfMQUQlB1J6IwMgZWoHw10DbPF7GMclDw8HsvaKJnQe3d0fAT02cjftfFb6Zqx5T7Qqk8t7SlRkaiEnqS9GBvmTH2UiGVDVOrVBaV3Xl14soE9VD6f5Psv8doKhI|https://lh3.googleusercontent.com/p/AF1QipM5t2z7jkBtnQ4393UfcRbDUvnw9WL0HHAiMHvx|https://lh3.googleusercontent.com/gps-cs-s/AG0ilSy5cmmlKD81JchO6ND2bdjQgG9XkSvVYAg00NWjdPnnE_-U5QMGWB7MAxAt-Mhz-mqbrbxsWLVTivIjgF8bDSy7EHqwkbpdTMDw_KuiWxiJ1svO8KbUHZa7aCsSk60f44cNHT_n|https://lh3.googleusercontent.com/gps-cs-s/AG0ilSy9Mkl_HNVjEOSvE-OE35_gFheRCdwbmJ5jonn0o_v9Q4u_kHgG56dqN6WFNNK6m4J_L2N9O1BIhkCppF-v4ZroKzxp2TpOIvH_k1-14zp4lgAOE4hJAVRNOz5Q36qDisaTnloo
N/A,N/A,GENTLEMEN'S BARBER coiffeur chez Hicham,https://lh3.googleusercontent.com/gps-cs-s/AG0ilSwo8IpGHnlvUGartZ1_OIhntwIMM5FJiBUWzCZv8tL7grOT89srAuTQTfzVzkLWlWn9fswhwEJjN-WAhpLreQwgCny-mBJZlZZyIEDccvNVAi-b1FOB01gj6s_5IbRK1bJN_sl7Pw,N/A,N/A,0666-473842,https://lh3.googleusercontent.com/gps-cs-s/AG0ilSwo8IpGHnlvUGartZ1_OIhntwIMM5FJiBUWzCZv8tL7grOT89srAuTQTfzVzkLWlWn9fswhwEJjN-WAhpLreQwgCny-mBJZlZZyIEDccvNVAi-b1FOB01gj6s_5IbRK1bJN_sl7Pw|https://lh3.googleusercontent.com/p/AF1QipOZ4itx5xvpXQ23Iq7yf1LjQnn0SwqeJGPeDVV0|https://lh3.googleusercontent.com/p/AF1QipMY21d4BJyvu9hgk8RzSzHcroHp70ycPbCbiG55|https://lh3.googleusercontent.com/gps-cs-s/AG0ilSxKFC7BhU79pRvBCN3MY-nvLE8wXZKp9GYVnu93DCfZEZWJQZThsPmj0sy-VpvoVHFsM7XY1bCzHJoyens_Ytai48tpqGZONgwCmk-4wI8_P3GUTB70GPeKEjBRFbe0XndU8vp8|https://lh3.googleusercontent.com/p/AF1QipP21pMMXHFlZ5EupoFbsMX0if4viIGvwv_cNXf7|https://lh3.googleusercontent.com/gps-cs-s/AG0ilSysWQni2jcMZyygLdmzw3GoNzUMEwqQqN-GMINtYc7SA709cCEABbj8cjWe1c19y90Sa4UaMn9RGqKIDCN8lKlB4mIebYlbbUhgnDoO8cGVgmt02FiM_sxw_ciehisdoDsRxytK|https://lh3.googleusercontent.com/gps-cs-s/AG0ilSyUNp35dP9GLpTlgSsFT3maK4o-NGLUSuj6jB9i02MxADxLTZkkQa_67snhX11B4pGlIH079O8TMbJ_qxM3o2MM6DL9hTQ7Ru4cycqTjtOX2Amh0v2QSIv06mx9-qpvRLCgxsqL|https://lh3.googleusercontent.com/p/AF1QipPkXxugxDdANX8OOXz6ZPg6ndGC3n27GSvnEZCH|https://lh3.googleusercontent.com/p/AF1QipNkhs-hnbQSciXG1VSo_neafBHHfY_WWCh_ieRS|https://lh3.googleusercontent.com/gps-cs-s/AG0ilSyLXSqpTJXNkvSFuBL2HYfT0ve1vFhVbF6oLHTptATkRZvGDEbLr2xlIW70EKcr-l_4o2U1i1sRxCINJWCjA96vT_RdaLarVrY2OUR7ZZGGY4dgpYcYz4HIzwarumzjEREpYao|https://lh3.googleusercontent.com/p/AF1QipPta5y_syNgagHQTgvLqkiyz_ggRvoJU5T9rUNr
"Near Cash plus Ibn Athir, Ibn El Atir Ave, Fes 30050",N/A,ELChapo gents salon,https://lh3.googleusercontent.com/p/AF1QipNg3g2PUcPqH23hG5JQL4DrnGI5mPLa7ZO30KXM,"4,6",N/A,0694-948746,https://lh3.googleusercontent.com/p/AF1QipNg3g2PUcPqH23hG5JQL4DrnGI5mPLa7ZO30KXM|https://lh3.googleusercontent.com/p/AF1QipOYA0fYm0EVUmlWHa7135Nk60E5eA65LyyIsplY|https://lh3.googleusercontent.com/p/AF1QipPHXOKO_h-X0Y3cOIJ1sZU1vXqe4EshXj_Rvo80|https://lh3.googleusercontent.com/p/AF1QipP8Vwmb_1lXmS4MZUtWqwbfA51h_iCDbPMNd2zI|https://lh3.googleusercontent.com/p/AF1QipOWqLfb6xEsyCJ2pqbQOlzKwotbZsnTl_4T2vSZ|https://lh3.googleusercontent.com/p/AF1QipP-Zr0Lrb4LSLHNgaFnwZCYf78gSRJt4rPYPvWC|https://lh3.googleusercontent.com/p/AF1QipPvU_0MgoCY_9S1hwxhHBtMl65XRINnMQxgGNlA|https://lh3.googleusercontent.com/gps-cs-s/AG0ilSzWBzgTYmQ_d-qPxWqkMxrGnGS9tUsWTyPVAlCqM2it6F_HN_y-qEQtaK6XEOjnNWDwPb4LkfdjoJUhNjFRn_8ZNCTgGtRVPUGxV3baVGciD0tm1NKDgXPRXLz17PpViaEPu6K8|https://lh3.googleusercontent.com/p/AF1QipPS2V8zYxyo44d8RbwAu62hEGgQp4g4UfeANHkT|https://lh3.googleusercontent.com/p/AF1QipMix8rBDSUAteSfFX2x2P1feDwz07XQP5FJz08y|https://lh3.googleusercontent.com/p/AF1QipPazYgZWzNtcXr_LZruLALcvqKSUBOcxK7Upevv|https://lh3.googleusercontent.com/p/AF1QipNpJYsaPdxDxCgv9ziQ0Ds7_3oCWcjPCzC9OJI1|https://lh3.googleusercontent.com/p/AF1QipOJfXjCXRV2iqI0bomnd1HW_GLKEP78TWRdbt_z|https://lh3.googleusercontent.com/gps-cs-s/AG0ilSxK4JEdKvN2NvwEnM18oJdn6Ru7nj-y85eFbMBASulogBZMan9-1AyGScQZUurGrWX1ncMGZX1pIDdbjDr7OfcN7rhWX3tLIltMyhYnKu1ut0sJmmrAdx4tzdB0KKmhKUcqulhDqQ|https://lh3.googleusercontent.com/p/AF1QipPbmTkp5YXC6hG2Fq3te71vQIG7pyYObZpvsVNH|https://lh3.googleusercontent.com/p/AF1QipObM7NWPTda2DOKaY2hwcgDSOgvFlNGiTHyAuTJ|https://lh3.googleusercontent.com/p/AF1QipOr2ex56zgk5ITol2bu-aclHrPZyd_Yx9sM1rn0|https://lh3.googleusercontent.com/p/AF1QipN4lDLTYJP9bfLxSTLLi-Uw4XyxaGtYhtv-PT-w|https://lh3.googleusercontent.com/p/AF1QipNfLk3K0HJR1eZRexOtziwknagogU-lb4AXdV48|https://lh3.googleusercontent.com/p/AF1QipMYepa8ydUiqur9h5RuQR3_U7hWrY6HRgCuKw-X
"N 5, Rue omar, Rue Hassan Dkhissi, Fes 30060",N/A,Africano Coiffure,https://lh3.googleusercontent.com/gps-cs-s/AG0ilSwOZsi8P2u5CTrcc-44iUrMyZQqsw3_mIoSrHbDAohvulYND-B1DYNTC1-M8pHpEZFXbeCGwWRH7KafBsQVRfcgXw4maofUB_wTlq1EhuJSp3HL65qXmIjRNl0xjvZcSMvUwG51QQ,"4,9",N/A,0656-998325,https://lh3.googleusercontent.com/gps-cs-s/AG0ilSwOZsi8P2u5CTrcc-44iUrMyZQqsw3_mIoSrHbDAohvulYND-B1DYNTC1-M8pHpEZFXbeCGwWRH7KafBsQVRfcgXw4maofUB_wTlq1EhuJSp3HL65qXmIjRNl0xjvZcSMvUwG51QQ|https://lh3.googleusercontent.com/p/AF1QipPpPk-5Q0eQ7gSWJAetR7oSnrsNhvxVvPs_uBvw|https://lh3.googleusercontent.com/gps-cs-s/AG0ilSz5_c1m1wU_9BJOs15w1p6y_bJhr-DVVZwmrghuP36_CDPVxLLCelqBd2SpeUyBJXQ9x46OH2Ytiy7EDlAAI_N-WOLB0Jv73CeTEW115Np2jZviMT8RQ-yA9LYntLrTaX4ihg|https://lh3.googleusercontent.com/gps-cs-s/AG0ilSxQ9cYXqKO4844RU1uiuE9n1nPx5HE2rdoRkzr1A2EJBvsYCcKUAjbHKpI2FNjoJyno9vB5QXnRdEHUJNh6_m_TvhlQaMMNUEWUiSS5m3K5DldEUp8epoqP6GPakpmuCYMHck_8|https://lh3.googleusercontent.com/gps-cs-s/AG0ilSzFnpbEgAysw_YGlwuc2f0wAEqF5Vy79AMrRlPnW50TrDQim0reZ2oaBPYD2AOwTmYdad4lxrlwGUX-2yDs34ZrDd7bgA5JoqRdwrVEBttWraM2X0tMqB3vhe5gdUVpDtr4uiVm|https://lh3.googleusercontent.com/gps-cs-s/AG0ilSxAEr-qgJ3COke_7xa2BGuhuVKHxM4rFtHAfX2WnL0QUOEI71DSA1obKyWsxlw422299OT1ph26rf5CU5K1eVGe0Q51Tv3Abr6hotTKUEOiOmYfs7lDfWA97xFl0eCXQWKlIkAD-g|https://lh3.googleusercontent.com/gps-cs-s/AG0ilSyJXsLjcIXbTzS5KjF9Gw8yfG8mhG5M51xKpRKDEt73yFh-r1YN3UpaCPVNdrEiHJlkwKWgHCoWkUSJm1bc8xlknBwLnotAi04F_nfqEPR8NWaNyG1RZaydWKoUoT6jPtzqTqgkyA|https://lh3.googleusercontent.com/gps-cs-s/AG0ilSzAi9E2szHBNeqlqJdScPfrh8SRrLtPkUPS19ko3AQ4T5H42eiqN8qgzYAl9SSnJ1i_sPBT58d4FtL_kzdA_MvlvIb7mZTGrkBgYwS6N4pTc7HF00ApZ733ed6JNlhMo5bgpio|https://lh3.googleusercontent.com/gps-cs-s/AG0ilSwTiYeJgMCuvsJKI54mrCSxjuk08go4uRVumf_t5A8zaBOR0JuFuXnHy-9dkSQ6QP0AQpCI7tteiwyZLq6sJOaknkOrYfR9ZJcdDSfdRjVBDKH_yr2MvhEqKfYSKHXvTqg_ymM|https://lh3.googleusercontent.com/gps-cs-s/AG0ilSzkBILU3sn1EFtrlblb_ZsZLVCewx2Ad_jx0g9GOjYLKONglrz9vnlFAIPG0lSoefqkcjrn7hntySGK7blTniIhNB6dVTYP7LjQoPtjwXY5Yt9s93ha6lQTLYMqOOLPh7WeH7qw_Q|https://lh3.googleusercontent.com/gps-cs-s/AG0ilSw3BdJaKeSOYdHGBGZI7Z9PKxsggHJCB3niNg2DT62z0F_KNvltHfRL0mLrsyo6j_ODEdT-D1floRYed2wUyP_hQkMNH6C4i7bEi157J7IVuwM6WYU1IrSqlxGzD-H4Wc5n1rk|https://lh3.googleusercontent.com/gps-cs-s/AG0ilSwG6dEOnw3xc0h4AAddvtReQiniGD38-TCJZSv5FGen_CEOOKD8s341L0qstfYr_ju76bKJSzpCSCoceduXSeERQb3F2u2KEwvEkLchM7rOxxM31zY6TmA7gikHxKl2ei0T_4cz|https://lh3.googleusercontent.com/gps-cs-s/AG0ilSzM0bh0EAzHsfjteJvVbiv0qbRX93ZjgbNtGsMnxnSHPbga1JjhCsj2TP_ZJewgx2p3ropuxJvHOVLTiK0T_qay8OvGv-4CGhoxV-FT2FLxdsLiTiRYs_mmJbucQj3ayIE5Rhq6bQ|https://lh3.googleusercontent.com/gps-cs-s/AG0ilSx1pm5XLihGr2S_Arb-uewzxEVtOKrTCXLsV9B0aYWVnfbBX-emST5BQD7UGJIHlqiwLRQ9K_7AMt3TPCiOnAjtWkjmURKQGRsyi1P3ekvxhG8xrbiztyoD8FitnckwrdX6585S|https://lh3.googleusercontent.com/gps-cs-s/AG0ilSx0fQzL23PaYyMvK72eXpeSXIGNwz1_4wg1tz4GKaFMPNuMO3OqaXAatjkS6zeiR135sd1pWtrgU5aMYYfSqWt21tCX4zJhombACxjCYLqFu_M0cBO0fpWoe2LZNhi18zvdspYp|https://lh3.googleusercontent.com/gps-cs-s/AG0ilSwMoovY2kYbXY6s7JuCGM4sWftraKONh-DWgiUIJuZCVbVyeW2WEHVd_pByW3BnBzdo7yYDwnkC3Xc6uOuj7-5QNkUIYovK_w3ixB9HggKgOI_FYFCKeiERPKe5Oi9OZ4sBgs5hqw|https://lh3.googleusercontent.com/gps-cs-s/AG0ilSz5SQqVGSX6gGSM4-Lr53HXNAOhqe_6Yc38ZCHMyNtK9Yo4QjPCfDuImfuAj9TpLKe8UmUk0MQFotEWi2s1W3RM2hQmN_MNzErei2OvB5_34zncyULuRh47YXqTeGqLFH_gISIA|https://lh3.googleusercontent.com/gps-cs-s/AG0ilSxcF8gjiRoqckr1GD5f8HVdXk554Js51aPVy3ct4qtFb25e-1dKQpy0kgn9Zotcj9ZEeCgmiFQ7kCJn7jzBK4JQmWb8LiZGsSH61rUcOuypf-XHAmQ9YjZ9POWYaR2Wcxrtg7A|https://lh3.googleusercontent.com/gps-cs-s/AG0ilSwrv7GFoLf0aWre-h9kSL1-OLPM3lhUmB6vrdGCNRCN3HhhNHusCL6S9NnhzMqq_KF47az46RK-Fgjk9rXonAn6zlHJj57cBkgOYJ3AYkLJZtN0TajGVqZsXhEoEL5ZCm-71KHf1A|https://lh3.googleusercontent.com/gps-cs-s/AG0ilSz9oOzoa5NEk3jHp0QyNMTA7iCeNfAfuCFBpBsmc-Ge1HbVfriF7H-0-r30cT4N-S-36tbikvGtfNJ_IiUb49HsZHLKkw7sS1Yz5KibpnFWO_szOHrWx4XeCdNquEwZHrunlT2lFA
"30040 Rue Ahmed Chaouki, Fès 30050",N/A,Bob Salon Style Homme,https://lh3.googleusercontent.com/p/AF1QipOfeWrsI3wVM9uI614bU9V4rR4F1AZKOOLp-lrh,"5,0",N/A,0681-045144,https://lh3.googleusercontent.com/p/AF1QipOfeWrsI3wVM9uI614bU9V4rR4F1AZKOOLp-lrh|https://lh3.googleusercontent.com/p/AF1QipNwzNbazIUSDjdNbrq54TiPM3eOKLsGU9mj7rRN|https://lh3.googleusercontent.com/p/AF1QipO7gsB2RDzDDkk777C8aEIbHahVCafj0W2QRT5k|https://lh3.googleusercontent.com/p/AF1QipPaGDbjn9UDoN4cx11CAigloRBK6qShGXcGyW3r|https://lh3.googleusercontent.com/p/AF1QipMgbVAjnwNsxCTzLN8Kve5B7e-rfaV6UveibNje|https://lh3.googleusercontent.com/gps-cs-s/AG0ilSw0BY8rvGzLCsNxCJmB1qODkEiJm-LS9pLzFxLPycWWB-yF283UtB-Lt2iOlw7q2vXtIBznJZXRsNW-ZQeVo57LRa04dndFVJ57UKCd57T8cbizmB6FLnW7fBWqYnIuaVgD1LdBhHMmSt4|https://lh3.googleusercontent.com/p/AF1QipNKRbhjUWewNv7Z3PTWWpkYn7FOxV1YBeB8P91Y|https://lh3.googleusercontent.com/gps-cs-s/AG0ilSzZhiFvonuj5cUNPGTGwT9EC61KDKPctkU46nrsEbHNcWhT3j6Glj5GyCZS5IGOw3eSF0nsy16sZkpXAVFSJ-syEPlOMe28G7LimYjfBNvg5-fiGMoIA-wClkdiW3fXWX-y8N_IgAcUcFzQ
"Unnamed Road, Fès",N/A,Barber ziyou,N/A,N/A,N/A,0676-826204,
"Ave moulay rachid, Rte de Sefrou, Fes 30050",N/A,Ziyou vip Barbershop à fès,N/A,N/A,N/A,0676-826204,
"3, Fès 30000",N/A,Fezaz Barber,https://lh3.googleusercontent.com/p/AF1QipPlKCG-P4WMo0MuNppgoE_tsmSWnC7vtyFr60DC,"5,0",N/A,0659-023006,https://lh3.googleusercontent.com/p/AF1QipPlKCG-P4WMo0MuNppgoE_tsmSWnC7vtyFr60DC|https://lh3.googleusercontent.com/p/AF1QipODFPV-8vS2aTvLLpvdhgk1vRuwrKFcojtDngce|https://lh3.googleusercontent.com/p/AF1QipN-3iZILmX_rMRtCnyWthq6-lfjxjO4MVcj-rN9|https://lh3.googleusercontent.com/p/AF1QipO91h-7kt7hg_2kwN4IGSgEiz2OOgM1Jijl9UhX|https://lh3.googleusercontent.com/p/AF1QipN5GERUPYBwVHPYUDpYQFOPeau3ApoX-JQ34W2N|https://lh3.googleusercontent.com/p/AF1QipNZCmJlw5Lo3SELZU_4hmZmtaXillwIw_8hk3Tq|https://lh3.googleusercontent.com/p/AF1QipOdSyk3I9PnXUtPvRBPeEM_QGv3KMsLncdoaS7_|https://lh3.googleusercontent.com/p/AF1QipNhsHsZy8o1F2DyyQtR4bloVf1v5HQbrO9CRQQm|https://lh3.googleusercontent.com/p/AF1QipMdiMwSlG3DAvc_WGDX2Sx9-RXibp20H5F9AhEf|https://lh3.googleusercontent.com/p/AF1QipM40zLxhuoQ3gssiRdrblLGxKfHejEw82PgsqTa|https://lh3.googleusercontent.com/p/AF1QipMRCsD12fwNw30IK8NtMOx_AJ6DQnW9rdOUVADQ|https://lh3.googleusercontent.com/p/AF1QipOM79ChGNR64DXcGANpW50VJ8adH8ki6Bsjq8Iv|https://lh3.googleusercontent.com/p/AF1QipOP_q04-5337x9BG0hrELTl4A_-x8tHID0pM-ok|https://lh3.googleusercontent.com/p/AF1QipNsCmvnrXF1HDKIDDB3ZZqlxbNzeJb-3LbG2OUn
"saada hay farahe, Hay Zouheir، Fès 30000",N/A,fennan barber shop,N/A,N/A,N/A,0693-997794,
"3X6J+4C7, Fès",N/A,SALON ROYAL BARBER SHOP,https://lh3.googleusercontent.com/gps-cs-s/AG0ilSzQAY1ZrB0RAvV8qI6H5YpHoSc_WCiGENyAL4PJTRHSmbNCUABQ9_6B-GeAiwzlv33MUAUXAQIyKxZSHxOyKlE2JDaOQ41cyA0imD2RYjL-4OxDagvB8gQm5AYcurv7Swu9hBr-,"5,0",N/A,0669-668631,https://lh3.googleusercontent.com/gps-cs-s/AG0ilSzQAY1ZrB0RAvV8qI6H5YpHoSc_WCiGENyAL4PJTRHSmbNCUABQ9_6B-GeAiwzlv33MUAUXAQIyKxZSHxOyKlE2JDaOQ41cyA0imD2RYjL-4OxDagvB8gQm5AYcurv7Swu9hBr-|https://lh3.googleusercontent.com/gps-cs-s/AG0ilSz4SmAvhH6p2gDq29xGdXuZp1lrouyZuoq3-kfo0m-1lIDYJLpOBDtYLYIHLTNrXwDtsu7wGhhEVJJO_RrSgaqfPrMdeS7pdnv43hj8RNdnwBenWN8Sw5BN7yecxs8fStP0ZE14zA|https://lh3.googleusercontent.com/gps-cs-s/AG0ilSxkj58InoBo9NzidQoUeEPav0bgowrJc_63b8dAyEQt1t07zTCVYpu_-5ZNRbDcQCK2tUii1D-aCpuYOigh6ISSgaI8qFjpynDT5jA70_QtHMfDSe-VCSfGbdtQJWziXAyvOex_|https://lh3.googleusercontent.com/gps-cs-s/AG0ilSyKI3_R_kJEQb3UX6FfXvIn4bNW73qVDCvv8S3s6VmnlMSf15JEpIBtDy72obqli9iTnafThwKesHYSiJyBfyVPT-oOjmJ9ZSNPxx-VCIIm6ZUMuAAgVxBgZJZ3yP760JSrdj0s
"Boulevard OTMANE BEN AFFANE, Fes 30206",N/A,Khalid Barbershop,https://lh3.googleusercontent.com/p/AF1QipM9kbvgRP5CVu3r9RAKpARL40R3r_iOVBLPKGPD,"5,0",N/A,0628-973489,https://lh3.googleusercontent.com/p/AF1QipM9kbvgRP5CVu3r9RAKpARL40R3r_iOVBLPKGPD|https://lh3.googleusercontent.com/p/AF1QipPVgo8BJc0em2ooKjXjuH9pcDxpDcVNMySBCu4t|https://lh3.googleusercontent.com/p/AF1QipMaAICnbvApVv-nMZ6wLMEqXh8PIz5_odL_9e1i|https://lh3.googleusercontent.com/p/AF1QipPU8toPIKwDP9YobA6QS0SUdeTMZXenWQpOliso|https://lh3.googleusercontent.com/p/AF1QipMGY3PHQjyoojVDDGDYr7Amy--9_EdkVM7w4zHG|https://lh3.googleusercontent.com/p/AF1QipMZxEc3w8fvY6NBSyTGHdX0ygR-QTrGyhSSvbVU|https://lh3.googleusercontent.com/p/AF1QipOSw2H27xVwEUphR4iX15KsB5HX0SBEaWYNp6Ps|https://lh3.googleusercontent.com/p/AF1QipP0teWOuX2bzt2JHpUTHkZ3jGuDE3mM0cosRaIi|https://lh3.googleusercontent.com/p/AF1QipN5nFCncQiS065NctXpWlU0cB2UqLwrazKfo4Jm|https://lh3.googleusercontent.com/p/AF1QipP7pRUO4CJXrKzT7c02CmO_K2XvqSedGx-TVAcv|https://lh3.googleusercontent.com/p/AF1QipMyJr4pChKb1YG5JM-EXx3tRj5hhZ14ftwYyB7P
"611 lot lamyae benchekroun, Fès 30000",N/A,Barber mustache,https://lh3.googleusercontent.com/p/AF1QipMRms-83gHFuErPWwWAT2hWzutJof4oq9yUZCy5,"5,0",N/A,0610-979453,https://lh3.googleusercontent.com/p/AF1QipMRms-83gHFuErPWwWAT2hWzutJof4oq9yUZCy5|https://lh3.googleusercontent.com/p/AF1QipMHgrlfDIYKIPBM8bY6qrsj3lhw7NHhSmytib6v|https://lh3.googleusercontent.com/p/AF1QipMOiBxxYOyYTD1r7_QPK7BpAOqO2YQIUDGCwFZh
"182 Avenue Manama, Fes 30050",N/A,Zans Barber Shop,https://lh3.googleusercontent.com/gps-cs-s/AG0ilSyqJAfcaqwBrCEOhHxmaKPQ0KSgsovaJnC7it04bC21wYpt2c6xKr1tqLsIRNyORON4OAKp1mGBy1lvVHs75Z009LIz2qdvug36nsYtbR7IgLN_JcMzIdPD8bIJRxt51_v9IgUT6Q,"5,0",N/A,0665-313881,https://lh3.googleusercontent.com/gps-cs-s/AG0ilSyqJAfcaqwBrCEOhHxmaKPQ0KSgsovaJnC7it04bC21wYpt2c6xKr1tqLsIRNyORON4OAKp1mGBy1lvVHs75Z009LIz2qdvug36nsYtbR7IgLN_JcMzIdPD8bIJRxt51_v9IgUT6Q|https://lh3.googleusercontent.com/gps-cs-s/AG0ilSz-1_Q3waTm-QEfbWAmkGjLsnmoETGHhQEa5qH5f-DUSa3ajCUcxf2FrEn00FqobpiYcJrLxJm4rgJFh9hmPpKNiP6g09mu9fuNMf3odYAdW3Kkf70RdZEVOC9Mmxy2yV0VeJr7sQ|https://lh3.googleusercontent.com/gps-cs-s/AG0ilSyhn-DL_8sQQQ8usr2Nd4h0D3rb5UryMLO05vs7uGhM5YL-luwfAEDRzj8MYF-6AdXslbisLtwEFOlHWXObEDoKcm5lx3BvJC3o3SIxyM6jwBu79KKA68BRmB7CvOvzYWCTjoS1|https://lh3.googleusercontent.com/gps-cs-s/AG0ilSw_AE-jFKqqayS29pWDq5Ytl14Ub6rzM28Wv8cw4mjBnSxajvMaNcXCkK5LeP1dY0ogIekIIIeASwm53cU2jinPLjQViwFVuePs_g7LDFXFu-kp5XjZaEjozzw89YePm8YA1ugm
"2259+HQV, Fès 30050",https://www.instagram.com/p/Cd3givCjww-/?igshid=YmMyMTA2M2Y=,New Barber,https://lh3.googleusercontent.com/gps-cs-s/AG0ilSwr3f8NHmgxkh95xwwVAXmrdfYpJ0zccEMQsRX-OvuZR-VbUCzi9o0-eLvLeaCzgkvb0SuCoQYq-MRZem7O7cYgYv837JSoRuPaK14Q9BANDG4rqRwnaXfeZ3eo9wNzfsf9eEWc4g,"4,8",N/A,0672-681528,https://lh3.googleusercontent.com/gps-cs-s/AG0ilSwr3f8NHmgxkh95xwwVAXmrdfYpJ0zccEMQsRX-OvuZR-VbUCzi9o0-eLvLeaCzgkvb0SuCoQYq-MRZem7O7cYgYv837JSoRuPaK14Q9BANDG4rqRwnaXfeZ3eo9wNzfsf9eEWc4g|https://lh3.googleusercontent.com/gps-cs-s/AG0ilSzZmMxYe43IhRqR8eiRMf9_wRDy8auJaRoXLJxfNh498Z2oRrnXGbod3dw4tPnT5HLpjQEv9HXzf7DeZIicCTR0rR9Ss79DeCoDb4iNuzVuV1DDXnyGG4YTlS_QyaovwTyUg0erUw|https://lh3.googleusercontent.com/gps-cs-s/AG0ilSxZps3bpaf8alCI5izowwQcpROj4cb38btRvOE-S_Gy7qp8liVv5AP7frHjMTiJGUzgRxRnBBuoeX4Alaw1AynB1RJvCd5Cn4Ui2sShhHNdiwkbhcr221bjLX_a5ISiH3sip41sKA|https://lh3.googleusercontent.com/gps-cs-s/AG0ilSyKQxnMyKQDEY76GAaprYpW4xKVAjkvlrugZiapA-bDdakNPOKfjOSn_N6sxRE5rCy_HsMudKBtKjNbMx2TwqCkbSJly-c2BInWD_JJbeTaO0u22hSwqcw7pyikigai4Jwnwmqd|https://lh3.googleusercontent.com/gps-cs-s/AG0ilSzZmHpBIxdB2dxijibm1FSUR541dtEPkKQsZ2OjqKwC6rsKokfCqO5S5jHFRys10vABr2Ewv4xwL8tFNN-b6Y3b-CaB19-w979gyOutqcj9jwZh81szmYPRNF8fthyP49V5UPQ9|https://lh3.googleusercontent.com/gps-cs-s/AG0ilSxRLYuluCdEQWn4CvzPcjisAhdfzllq4tJgEClWvfL2-pmKA9bwCP7qJDcxaaxt_bzdnktFoCzvc4S0mah17UpC5CC9fR7nY0qrUOYN62JC4zyELIChsPD96de6UGoTu1epIqUv
"XXW8+45G, Fès",N/A,Barber Shop family,N/A,N/A,N/A,0768-559742,
"2X88+RP7, Fès",http://www.instagram.com/zakaria_brik,BarberShop Zak,https://lh3.googleusercontent.com/gps-cs-s/AG0ilSwh1hbi_kuAf-kFLUKulzD1dNbnHkJfMnasy5693ziu66npP_dvRkBUMpsEl5a38KMaowJ3dIZTOGQ52IEAUUkNU5siBELz-pqMGcLYx2Uo6emNHkEB02_69dSZrTylcQoOhCwo,"4,9",N/A,0664-932706,https://lh3.googleusercontent.com/gps-cs-s/AG0ilSwh1hbi_kuAf-kFLUKulzD1dNbnHkJfMnasy5693ziu66npP_dvRkBUMpsEl5a38KMaowJ3dIZTOGQ52IEAUUkNU5siBELz-pqMGcLYx2Uo6emNHkEB02_69dSZrTylcQoOhCwo|https://lh3.googleusercontent.com/gps-cs-s/AG0ilSyPT9iUojBVytJa7vNyh2KUDIYmXfYeIzRO3TBsQNGbPHZqi9ldZoKqbxRxyZ_kOm41yZjIpNsK4EeBZ0dZQJPHTdrOijoQ5yS-L2JM3kFI6522lwx-2D10ikjBagqNYXer0fc|https://lh3.googleusercontent.com/gps-cs-s/AG0ilSxQ-RV0SPv4Esu6ixtcRtAMC-pwZ2ue3zUFiAiJza5LIadKzb57g62Jmfx0MRrZvZy2FZSeO11wRYbv5B7gqQwz4eJ0FhinP3ii8qDD1hvacRMFYickgMlINXukCgBvREeO3hHj|https://lh3.googleusercontent.com/gps-cs-s/AG0ilSxPPIMGzwF8pDK3hHtlV8yZPHIT5sce9seidwvBk-UlLwHdLkW4n_rezm12EFvoX7MwpwNgBN7UfDly6LvLX8MJJXhES0yawiKocVYjwn8VmtxAfkiihVzFkxdWuN9r6yw4PluL|https://lh3.googleusercontent.com/gps-cs-s/AG0ilSx71U87n1Omm_vkFrlYTCyJKna4MPhXeDJ0zcLZijvNll1cpqBu1XIAePyG45KdoEczHmAGdIoVBHOqkvvue4U3nHXX_5Dv_2eL6A-aCXraFe3R4vcOYyGoo9rUxAw4uxRZ8Uok3rBSHiDJ|https://lh3.googleusercontent.com/gps-cs-s/AG0ilSxjYk6bQ7ExC_xlU2QX3AzJ2Ph0hIyd3b7V9BlrYgWYBFtXmP4D0Yd2Y29SmwMF7tuGUU6oZIMi2a8u-mLApeHwi8Oipw0zd2e2GL7gqG1_1MyhEV7ngboAW0Ut8RUlRSNOiADEig|https://lh3.googleusercontent.com/gps-cs-s/AG0ilSyNyce2IhGL9FuOxUcESaKHVFjlEyfsB6z7Lqg0H5z2E-C8Q6NzRxZwSQYtoL8v0CGd8ZET-7wmhBnlzZS8M5ZHCHzRR551knz8WAVPC8a-E01QI86Ce4kGM1bXVDppHhvsYeQu
"668 AVENUE KARAOUIYENE IMMEUBLE AL IRFANE MAGASIN N, 30050",N/A,Barber Nouri,https://lh3.googleusercontent.com/gps-cs-s/AG0ilSyy10ijlsFJ-QVjVMVe88_20-44LpndQh0hgDCmCe_qDjp8IpUDWzmGVAw8dowhY72a2NFzhm276w78kKQ7WrrNqbn58M1JxYFE2pHnEEZ22vOnVQG0UhiXdruhhl-YsjyeYqc_,"4,5",N/A,0660-295471,https://lh3.googleusercontent.com/gps-cs-s/AG0ilSyy10ijlsFJ-QVjVMVe88_20-44LpndQh0hgDCmCe_qDjp8IpUDWzmGVAw8dowhY72a2NFzhm276w78kKQ7WrrNqbn58M1JxYFE2pHnEEZ22vOnVQG0UhiXdruhhl-YsjyeYqc_|https://lh3.googleusercontent.com/gps-cs-s/AG0ilSzdPCbWOQ0D9sbYfoCiK4FXEYrcJvyUw1zq0mrcL2DbMkJHbC0_goy4wM5mdwUNJw8wDZ4-JdYPKe_p2VK_8D7LM510ILLo1PCJJ6uXZCQ7_Q4j_CDQlcZ8SsmTkcQYvmfHEH9wbA|https://lh3.googleusercontent.com/gps-cs-s/AG0ilSy4qUjxqiZSZ0ca8_K49slTShHwHZ7SWfOuqy7pbQiFpGehO8dWz-8CNPD-Wfu2xSoJ9gjM09quxJFkQZAGtVRDE77m-0DDmQo0MjJfzRLtYV2KcNyXNYCvFtKDK1NvziLvxEyAyw|https://lh3.googleusercontent.com/gps-cs-s/AG0ilSyy5HuHS7bwWGxRyQ7hDJy07GHaak894K5i875KNtIlgJ6WQbzESg2DISjY6svNSBj7D5Z_qIQiKc1Wht998JUYZ24-EPPyh8NUGbcWs37HPnq5G8SW_VXv4h48FGnxiN0SiStX|https://lh3.googleusercontent.com/gps-cs-s/AG0ilSzVmW0skQWtLxQYIk6nAY3CyPT4nKUV60x52kYg2qztRWfJ-F3JqdRd4oi-JROZ11lyrIUTAO0GjnAc_KgFcZF8-lqJ5h8PVVY3qoWziaEENOBCynK44HSJ0-1mHN8UYLIjRFYG
