website,rating,location,phone,images,title,image,description
https://www.facebook.com/salonzineb,"4,8","Hay Ibn Rochd, Wifaq, Témara",0697-043259,https://lh3.googleusercontent.com/gps-cs-s/AG0ilSzgCZ8mH4kBiG0q_dC-nps2ctDbDiFOSkkEaECNGgph9rqme7OKYHuZMnYbB26qi58INqhxfxmFQI8EK3PKxPJfzVnFtYyim-z02O6J0dgPPp3qfZDzbR0UdXP9i8dPE-Bom-ju|https://lh3.googleusercontent.com/gps-cs-s/AG0ilSxOQsxc75kkpCqSV74FKsehvkybVAMMcCQqyiulpol6JDpUtymVjlQWV3Ld4EKYNAYoKQAsVKCwGXFz8OiaL8afzKGPSv8_W__e8rHIXvGVJsy2RiWUB5UNR3jwF7FxsYovmfnn|https://lh3.googleusercontent.com/gps-cs-s/AG0ilSwhWWya3hYsjWgV56my_0IVf2BIDcXIhpJM2g54mY7iTfYA28cjogagaOfwSTj9-cPCDtMsujQMZUrAskXlbe_Jfp0GxOx-_iIwwgLs8o0e34mNfVJHbKZ-W_jVybi_3ZVzn7co|https://lh3.googleusercontent.com/gps-cs-s/AG0ilSzlOpkjQpGqIVe0uVhSon0xC1McdQCHuhJuomM4WuLLe9OH-QMwS6kfFAnMxpIq-arGboQHvm2iNjx72cuj8MiGvwHKOAbZSpFw3F6LmjlbukKjmTM8VynysKHb9-l9CTmuopk7lw|https://lh3.googleusercontent.com/gps-cs-s/AG0ilSycotuOZeSm2xmyJ3lFuGbhRe1YE0eC6xy6StFQuTvFuNFeJXKWaw-6WUa_EmQ-EYsai2eRLzTR51JZfyfTcb114MTpbN8_UVPdWy30rgJGBtWREbfwmIr3g_1_rLWfNqx8ioVT|https://lh3.googleusercontent.com/gps-cs-s/AG0ilSw3yMrYiY0kRppqf2fmg5iPFHDM1yUGvjvOJBca6n2bXVOTW5taiudhwmrYe5vWhscaPxNo5JQNoeeoLmh6MwF408Ale-WsAL7snMuk0-4CRcaChBlvnyayuCqEESylaYCDezXN|https://lh3.googleusercontent.com/gps-cs-s/AG0ilSxQaW96pl6e22a3bz3mSQgvmQQzzNtgGxTW992jJkSUDlBf5uMqHfm7ffJ2Z4jde1j7QvmOnqgJFVbSsJh-I5AP5rvO6eH0rcjVhbSsbbj-VR8Tu-dZ9GNfvJS3iD0NNljuVxLE7Q|https://lh3.googleusercontent.com/gps-cs-s/AG0ilSyCXpWAjtmcBlhhwSwrMbO3oVDLTh7O6F2I0BKfb2jqdArSc7fszi9aJzPKiuzGoVTWhleapCK3gcYYLIxLKAwLFHfU9CEQsYxA1hWKene6wyF_ZRBFwUSpTggXPrEt3RPRoDLi|https://lh3.googleusercontent.com/gps-cs-s/AG0ilSyinMY2zWviPZnIOX2Fl7i__RQBW5kwHHdOQ0YWQjABYHrB3kM2PbkBHXqCkIqI4l-8dsVejeImT5cW05TQuXiySzkGcfWVg3h3zx8VzZHPHSpzAvgg9vFWABzhLjwo1jAn9jjrvA|https://lh3.googleusercontent.com/gps-cs-s/AG0ilSzsyOCFaKxmRKJoiaJxrG5bVLHhhxjKI3sAd30uheBE-n-mj9q_XwVgXJE9_Kvzl7ZiMt8Ho-CCw-YmJJHt1qPOg847yXYbd6DbivEawhrTNa8RnX3Uz0vNuJpX3aBRzqIEFCA|https://lh3.googleusercontent.com/gps-cs-s/AG0ilSxqZx1P5SRQBNCRX8yqPqlNTwoNTaYOOduTP9wMWnKjUBcZfttEGkv1kMjfLumwm6uZP_g9tHRSQGB7ztjF4JfX7KFz50lTqUxpADze_ZkJD4klFAtN3qY-CK7v7shiCKcdKxV4,Salon Zineb,https://lh3.googleusercontent.com/gps-cs-s/AG0ilSzgCZ8mH4kBiG0q_dC-nps2ctDbDiFOSkkEaECNGgph9rqme7OKYHuZMnYbB26qi58INqhxfxmFQI8EK3PKxPJfzVnFtYyim-z02O6J0dgPPp3qfZDzbR0UdXP9i8dPE-Bom-ju,N/A
N/A,"4,0","Résidence machaallah 3 magasin numéro 15 quartier al wifak, Témara 12040",0661-702512,https://lh3.googleusercontent.com/p/AF1QipPlwG6ZDDDkDsD0qwGQxXTJye-XCFRPAkuI4Cli|https://lh3.googleusercontent.com/p/AF1QipOnff-LkhiPJr4KSjcp-YGkMNALqP4aI-LnM-aE|https://lh3.googleusercontent.com/p/AF1QipPjT4-TATDjkGCcNu12nbgEQaA2_GJX-VuicwS2|https://lh3.googleusercontent.com/p/AF1QipM8i9W43gLW0fwkdMIYuNGKpQj_JjWuXIibInFh|https://lh3.googleusercontent.com/p/AF1QipNOXzPujq810qqwcYYD0kGIaQB4IItWHPSsfkeu|https://lh3.googleusercontent.com/p/AF1QipM7OaJ1F18FCglS5lXxTAJArOnb8kByABPuVfvU|https://lh3.googleusercontent.com/p/AF1QipOOs-_MKE2SZiZcs0H5OfpIgjTONLWJoKebbHJW|https://lh3.googleusercontent.com/p/AF1QipP7BzMLY8T_S90Oq0F05PIwbTZ046qF0-9WhBhL|https://lh3.googleusercontent.com/p/AF1QipOGxGwASKD_rkohf_B_foFrAt2nMqY2EFmizoIM|https://lh3.googleusercontent.com/p/AF1QipNg096V6bV6LElvyRVkX8cXO03V3IrVoEd0eXNE|https://lh3.googleusercontent.com/p/AF1QipMJdCD5SRlgaPO8ZTqZmjulLV4m17WIAwRvPzJj|https://lh3.googleusercontent.com/p/AF1QipMw_x65vZcXOiOmc_1G8QAvgO9FMFTNG2Xwc7lE|https://lh3.googleusercontent.com/p/AF1QipM67AWXxgQxhp_MeyuWrxkyVsq5DcWYigj0oPhJ|https://lh3.googleusercontent.com/p/AF1QipMJSFX_voZKiJUvVnZtR5aQhY9Cfa3Qt5L3mVp7|https://lh3.googleusercontent.com/p/AF1QipNmHixz1lYoDU1yz3K54d9JB8A6UKlDqoj9sL7q|https://lh3.googleusercontent.com/p/AF1QipMRin9w13qGKxgRrKGOJ9QMApi4Iwfrv60VQp1J,Salon Karim El wifaq,https://lh3.googleusercontent.com/p/AF1QipPlwG6ZDDDkDsD0qwGQxXTJye-XCFRPAkuI4Cli,N/A
N/A,"4,8","Wifak, Témara",0617-977907,https://lh3.googleusercontent.com/gps-cs-s/AG0ilSzw9dYw6DMiN2PLrrPa3dDm8TAJGRzWMwPsFgqjCzOHhNvEcRWa-oTsZxf8sRqhOI1B3X4--SLYdZjJhKq_IEFBObEI283m8UFwac91JUDnXu-GqIjou5KVkxaOi4fkUJvQRhvtDg|https://lh3.googleusercontent.com/p/AF1QipOIehjQEaZ4_18Qof1VdjwMzBx-J9Xemx0Klqv_|https://lh3.googleusercontent.com/gps-cs-s/AG0ilSyOMEyv3QXwe4utyG1MdthuGfi8xXyfx6mngU4iu-qU0DPVJSmoRvPYPuAyEMifyCKXb43isEv51PaSFLVAPdgH-zDNwqJWZg0GINZuaJAcVvtBYNDxUnmepfp55owvfPvucAr0hA|https://lh3.googleusercontent.com/gps-cs-s/AG0ilSxJaL6JjGR9cozbFn-Mj97VddwVyEeXJsbUoLl8MScSJUy8GMJk0e5yxftBegHYRP4BvkpRK1AfTI7CZjv0WPQeT7R9vFOroaZU8fRXPc4ZPu85pSO9wD59TlPkqB7XYFBOxICS|https://lh3.googleusercontent.com/gps-cs-s/AG0ilSwvSJzINYDxVqyTSrpxrIPI3iGTTFkN7a9zGk8fHd-rQVSwWFSvfnJr3zOQdrEjOD3YLZdbtkyEzFHTwOVfWhm0oebXsvD-zY7F4oWLIeP0WSEpJ9ReCHKITnRcmaxJrUq9StEU|https://lh3.googleusercontent.com/gps-cs-s/AG0ilSycuvjvMqIKneQ7ZLek7tgsEItm4w4kU4v-Q_a5nbFV6U0pdfVawpXLYpyIKAB6Rqd4rCn8yvfM2kBW0Q3rG_ToeQhRboQ4nJlE810b4YtkvofK6bHf0kmrcfdpZEETR4yIfmia|https://lh3.googleusercontent.com/gps-cs-s/AG0ilSzTff5HuoPH9hcNI4qQC1IdfQKQ26fydcNJSrV2tbYhWA6gnj8RrOphk0aP6dcNjGsjWfz9oZo-iOAp8BWxZG626vvQuQjWi2q2kScioowYZ7kDETBaF1BZYBhHeSjjaL7gdMVmB4Ow3Ac,ROYAL HAIR,https://lh3.googleusercontent.com/gps-cs-s/AG0ilSzw9dYw6DMiN2PLrrPa3dDm8TAJGRzWMwPsFgqjCzOHhNvEcRWa-oTsZxf8sRqhOI1B3X4--SLYdZjJhKq_IEFBObEI283m8UFwac91JUDnXu-GqIjou5KVkxaOi4fkUJvQRhvtDg,N/A
https://www.instagram.com/maison_eve_spa?igsh=NGNnZWNlb2pnd29u,"4,7","W3GC+J3H wifak, Rue Rajaa, Témara",0641-532754,https://lh3.googleusercontent.com/p/AF1QipNBHX50p25SdbI9q9E7PCn0Yw31a3iaeGhDHanA|https://lh3.googleusercontent.com/p/AF1QipNdyFoRPw3Jptm3qJbwdymzuDbo2B9jR52A4Obi|https://lh3.googleusercontent.com/p/AF1QipPsTFGcN2p40UqdMubaZVUGR4m-pFZDBz0l1wPy|https://lh3.googleusercontent.com/p/AF1QipMUuaNgZXlQXHWeNGy9EuCuJgWnQG-T5gxgjmai|https://lh3.googleusercontent.com/gps-cs-s/AG0ilSyZvehR5g8n8T_JvrUwSebzYDlbHx78n8Lzbi_nM7A_rgr_KCBKE33ei60wHF4-sF8SVD-xf0Xo7VPeCfwXt-2ZC7tPix0lLL-c46I-dxm46NEJaicdIqNeN4YlXNdXEwp_CTE|https://lh3.googleusercontent.com/gps-cs-s/AG0ilSxhL1wiLFpcRhMDuAhyiQJP4obzYQoqhQqReeg7yoW5mfkv4Lo595iXuUatV5dWnTqWQaphDCQtNy095YPZXUEL_cpf_kcQ8g4CSMt_8X-55nXgf9jQ7c3maG-iDEJ4LyxpeTOm|https://lh3.googleusercontent.com/gps-cs-s/AG0ilSzVz2XqCsGjRBhvDQnj4K69JdPopdiYm6im_FLZ3nMaymbnbqJdyG3bBtCcBtwqa40COan6pD9cWh3L9xsc5_ly6_5qY5mRGAdFYzy0sOjZFcmm0OYxDUe60tN_RNvC33hGfNMg|https://lh3.googleusercontent.com/p/AF1QipNYx1C2XOETSvb4EtwjbiirkP5ERvQP22wj29Fd|https://lh3.googleusercontent.com/p/AF1QipOj86YFYn0fUZgvSqWasDPTwxKkYsV7EWzQrVY1|https://lh3.googleusercontent.com/p/AF1QipOYDdcqxINpr2Ph37UlF0G4Z07bY18mj7H4XQQ4|https://lh3.googleusercontent.com/gps-cs-s/AG0ilSyw2hHApROkon62Ebo94jetDK46EAGEbncttiGRAcCsMEsSpXuA7isFvWAHQFmUGKtxS_RbD17l4y4IRC-EYiZtCPr0B75AoYbth9Y2WyZUDaxMshxRPVKT6L6GSex38_8QGpcH4hX7xFZY|https://lh3.googleusercontent.com/p/AF1QipMnRqW_-ODUO2XCnYKSlD4LhyZhTb3br-4CF1uk|https://lh3.googleusercontent.com/p/AF1QipOc8l9stB-oNxg_A2htr60CjIdYAaxyZtXDQOmi|https://lh3.googleusercontent.com/p/AF1QipNVmX0BTtQ_GWW4OfLN4zbrvNdcaJ-cN3M-200P,Maison Eve Spa,https://lh3.googleusercontent.com/p/AF1QipNBHX50p25SdbI9q9E7PCn0Yw31a3iaeGhDHanA,N/A
N/A,"4,4","lot smara, immeuble 106 Av. Khadija Bent Khouailid, Témara 12040",N/A,https://lh3.googleusercontent.com/p/AF1QipM2EAVCS12zmrxps_-ImArhgcyXovS4LxXu2XgC|https://lh3.googleusercontent.com/p/AF1QipPqPHFyCsQW4vTyH9xvCGc_3Hr7K2OfXy7O4Akv|https://lh3.googleusercontent.com/p/AF1QipMieI3s_cPb5RjEDexpzC2fvtWmwDh6rVO-Y1st|https://lh3.googleusercontent.com/gps-cs-s/AG0ilSyKiY5jTsIjfEBgsR4kLR___W05MTsM2pGQmyqbQEssuOZSJuZ7h_FpH5T3z4EK91MI5dhTNI6kPTyWlzEUwW50A61NyxOqwa5KJZ-jyrSEi516RWwz70qsbsOJ_nQVKK3MYJ0Odw|https://lh3.googleusercontent.com/gps-cs-s/AG0ilSwjHT4hdK_EJcG8M6iaaO38q--hnv5ojfnz-UfcYkb9bnF_Y2CRU23KWr7VdVOk1CsstY2wUTYfBMC1Ko7CLn4f64FGLDoOoLtI_7qZu0ABERtfCpY16j8V_E-vnpY4ZB6IEqGgfg|https://lh3.googleusercontent.com/gps-cs-s/AG0ilSzs3K8P4BoDANZt3eobMUQfHXjXNMdpjbFm47jlmLWaNFt9ddwnpbSUx76COtYWBDaV2c0nDru2ft_fQWPgtBF6FDVD5I4gsrTl5yxnSY8WSWk-V8f6ZNiACDGgW5qkhOQ6XHUX6Q,Instant de plaisir spa 100% femme,https://lh3.googleusercontent.com/p/AF1QipM2EAVCS12zmrxps_-ImArhgcyXovS4LxXu2XgC,S'identifie comme géré par une femme
https://www.facebook.com/modhilla.modhilla,"3,3","Lot WIFAK 1 im 1 mag, Témara 12000",05374-04672,https://lh3.googleusercontent.com/gps-cs-s/AG0ilSyKiY5jTsIjfEBgsR4kLR___W05MTsM2pGQmyqbQEssuOZSJuZ7h_FpH5T3z4EK91MI5dhTNI6kPTyWlzEUwW50A61NyxOqwa5KJZ-jyrSEi516RWwz70qsbsOJ_nQVKK3MYJ0Odw,Salon modhila,https://lh3.googleusercontent.com/gps-cs-s/AG0ilSyKiY5jTsIjfEBgsR4kLR___W05MTsM2pGQmyqbQEssuOZSJuZ7h_FpH5T3z4EK91MI5dhTNI6kPTyWlzEUwW50A61NyxOqwa5KJZ-jyrSEi516RWwz70qsbsOJ_nQVKK3MYJ0Odw,S'identifie comme géré par une femme
N/A,"4,9","W3H9+82X, Bd Amina Bint Wahb, Témara",0667-216694,https://lh3.googleusercontent.com/gps-cs-s/AG0ilSzQrAJAwRpU9F4kZfhekzcDCsreOVUlG4epTudwDXpM9krnzgJj4x2JMX60cMeXu1X-3flztnjq4LN_P1xJ6yF4vpnY1jAf75ZjO2B_ih8Cne9Vr05Ok0FxinhfZKgVMOrgwTOF5w|https://lh3.googleusercontent.com/gps-cs-s/AG0ilSyTKmJgMy5wKwTnL3LsH-sfBr7BeyVkNfKNcrAhXeZ5EiiFloVzBYRx0POcQYjwwB0HuK-4wCDXB_9ryGpMaV_JaJ3saagF4UsXEWFUGhQsAQnUNql30FFIFvLgbvRGPo3roactFg|https://lh3.googleusercontent.com/gps-cs-s/AG0ilSwa8USZvhI-dWf4ys55dEv6Yy61x7KD3MwZITg5D8-OmWYMaXRSJpb19ZeH_anTFvwkwTqBDe_UYD8WyXl8d5AMQBb8QP88ontBSp_9AsrINplzQJ83BvNSQ85sLfDSzTt1qnO9|https://lh3.googleusercontent.com/gps-cs-s/AG0ilSzJ6uZCvXlXJWO5NPhwP9ns40gdGPSy6_MLfX3YJDHBYydg5y19deOaAU0E00c5DhVWUsS9vAIGgKMcHGk7DZjbt1ALHkf_K4rX4R6PMezRV3t7YmrtJeer8RPlB0z4qGhq8Ufr|https://lh3.googleusercontent.com/gps-cs-s/AG0ilSzatLtdMz8f041D_gKtwZMxm-XeqW4ElrZkx0_Bp3ugeK5LUehdoJCEjAKHEM6I9VeFF5lkJYR2A2T1d3cIMI60cBREAGhTFM7LMorOK2zBDwxGHU7AWYAu4oHfyvqTlMAJd--A|https://lh3.googleusercontent.com/gps-cs-s/AG0ilSz8_N112VPiWLb6Xa29gJTKGXIS00twCiA9QqzVE5CS5KmNezbqnuZmVwnDebBNenHBdLNuAtUMOkyuNwBvabXm8nfjiEvLxhVfrfb5tJGAAQDlpYTZayfum4IyUUQ6d8UR9e8cUw|https://lh3.googleusercontent.com/gps-cs-s/AG0ilSwQoipkHmFkKnHDVxmMoopqDnVcpfuHSnaYb0Kz5oxHIGw99AEc_tHYXKFQ_6xDap1sOc9BibmcvO6IsJqH5iPWXzpIM3F-ur7xfJKRQ-uvEAzhk3Hbm2nE4noBF0V1TvUspzcdKQ|https://lh3.googleusercontent.com/gps-cs-s/AG0ilSwYtDuwpo3ah0FpOFq0JL9RNi_wWSR7zcK9XAil6ynXGyB095HATGL6pXbXaKVO81CoLeRLjAWkTwcccZyUPOp9BS9vXdG3sQz_Fwop__1IVJT4WzqD1pLBAtxD9R9OuZJDUIeV|https://lh3.googleusercontent.com/gps-cs-s/AG0ilSwdev-XQSaCpoWaZRZONNMTx931sp0lfmFcM1acHFcIxKvz6naicSLuNPtgPYRmzxiIPGa3-itf52uwNvcvqptklBs7OQrJA4oozJhH2MlKm3sgHmm-jJnNutHk3POoBIDfIKQa|https://lh3.googleusercontent.com/gps-cs-s/AG0ilSxrA9xU_U6qgiTGC0BPE8_WKILBfrYrLeatoBxn4oKx6M0WZVU2NtCcjqIeKSgKj2VX2uaOHNpvwsXVt6Y1hwR7ISapStyPtCmzXMIqddcos3s3YvYXCVeD4diki3iDi6PztjJa|https://lh3.googleusercontent.com/gps-cs-s/AG0ilSzH3SId-A3KGN0Q7YakONQQfH0fDF_ClmndgIPyqUrcu7WF2hw08_lT1YSvuw-38v7unanUAiqm0oBB_0aZtHgJtYWg1e5G1tp8FHnR-Whs5u_pMTJ7v9lFyrIv3SgBTYai8J5M|https://lh3.googleusercontent.com/gps-cs-s/AG0ilSzOvNiweGjaXYftb2PT_QdAT4HBbECpJVj4KYKsK3sAzLXOO3mXEf761wrivsaIf4PCUdgOngVWWaZDmcqsvsmn-cCNWC3rC4oHzUCK09UYl3SNK7NNYfV_-zEsldBYWgyxPIQ|https://lh3.googleusercontent.com/gps-cs-s/AG0ilSyuzwGEFc8wynQcU185Zcy_IEzfasnMjGGm7U-SONa_gLlgr_h5kKD50VWOLBiQZJ0RJmj3fPkBW-bXtQofuM7AC2n1R2_hyhHLtzt9_9v2MqZYNXjS9YxJA8j889NgAQjZ0MIX|https://lh3.googleusercontent.com/gps-cs-s/AG0ilSwibubzME5E2rAypokMZzBrTMrq86ohqCaKhuBAVpfJGO6HagZi6WjW-vBcM1wxnx6-TwAWsKUCQgSy6CyqZKUUfMvOJZf-MNuBfiVy2ZM5CrpbVv1LJCfjI130fGNDt9DBDinmdw,Glambar SPA,https://lh3.googleusercontent.com/gps-cs-s/AG0ilSzQrAJAwRpU9F4kZfhekzcDCsreOVUlG4epTudwDXpM9krnzgJj4x2JMX60cMeXu1X-3flztnjq4LN_P1xJ6yF4vpnY1jAf75ZjO2B_ih8Cne9Vr05Ok0FxinhfZKgVMOrgwTOF5w,N/A
N/A,N/A,"W3F8+QV8, Bd Gaza, Témara",0623-760660,,Zs beauty coiffure & spa,N/A,N/A
N/A,"3,8","Immeuble 4 RDCH, Guy ville Plage, Magasin 2, Résidence Islah, Témara 12000",05374-04231,https://lh3.googleusercontent.com/p/AF1QipPwEe2xJ0wTXrEvcVDPqXYPnLZQnoCYQECm6mHD|https://lh3.googleusercontent.com/p/AF1QipOq5UZV8mMQDKx09A_DpuMClMai9emkBWLt0uiE|https://lh3.googleusercontent.com/p/AF1QipOGkwNT8fk-sATxSZqgeZ53TTJXhjI9p-ezeyHq|https://lh3.googleusercontent.com/gps-cs-s/AG0ilSxGZRBBYsCtcaFIncSeBGtU01BC-u0ENear8c6UCHYw-2wpyef0l1tcDVA4mSXiMm4h26DNHm_-scN7xsr8Dipst9BBvarmbpr5zolaO5y004yDLDAOqT2ItT5pJk9Rw1DpmfiG|https://lh3.googleusercontent.com/gps-cs-s/AG0ilSx4_xjaVOjCEIsNDkPJL1ltwd7BzR7SFJ4DnhwMurGRRIR2Y-SGf7RpbuuQTzFrO23l34L4qHZzpb1vP7Api6wSDKWJ01FkI74jpYi7YSI5FX77Mc0uByVPU0iWCczqzyWgMQyq|https://lh3.googleusercontent.com/p/AF1QipN51cJcahD4TGgSJEiBWgQ4rygztW1MmHcIqZvq|https://lh3.googleusercontent.com/p/AF1QipNoDNsYdPGu1xqy84wDl76dOGPNN23R3CZvlcCd|https://lh3.googleusercontent.com/p/AF1QipON3qG8k-JX5Vytrw1DDkFa1JyTs9snzEksy0uz|https://lh3.googleusercontent.com/p/AF1QipNKwtiwUWaPad5C1oT-fInasAFaxNUQJSXDiI94,Majesty's Pleasure,https://lh3.googleusercontent.com/p/AF1QipPwEe2xJ0wTXrEvcVDPqXYPnLZQnoCYQECm6mHD,N/A
N/A,N/A,"Al Wifak, N° 38 Rue Almanar، Témara",0615-683107,https://lh3.googleusercontent.com/gps-cs-s/AG0ilSxA8SJNoI2Rv-7eLyKjC7zvDxi_JEfI2aWPvapSlb4n4b1xMTuu-oXx1kFthyrPlPuymNmlteZxEhV6u9BWmRIINtGdtU9UtcODsBsf_SIVTEr8em1zPSEMMDwHJ5xjFD3r9Phs,Salon ODAIBA,https://lh3.googleusercontent.com/gps-cs-s/AG0ilSxA8SJNoI2Rv-7eLyKjC7zvDxi_JEfI2aWPvapSlb4n4b1xMTuu-oXx1kFthyrPlPuymNmlteZxEhV6u9BWmRIINtGdtU9UtcODsBsf_SIVTEr8em1zPSEMMDwHJ5xjFD3r9Phs,N/A
N/A,"4,7","W3GC+WCG, Wifaq Rue erak, Témara 12010",0648-588230,https://lh3.googleusercontent.com/gps-cs-s/AG0ilSxqKjtxrxDjy0lrthHjJCLePmE6b55Z12JZ-X2a9JV9QsY9C0wPJlCH3abrPYTafektUcPk8YEizDa7Ov68hMqzy6A18_T1RO3HMMiiz7-SHZk6GEworoxss0pI1IeZHD5DLHE|https://lh3.googleusercontent.com/gps-cs-s/AG0ilSzCyXjP-Mot7pNJWwvE2V79868MZlTPRXNXzZvXePODdq3uneMnM2zdYs6aE_Q3_Wk3haLMeC4baBlYxjLEVszHN_kdMUSzrKDBYlfeyqOk65-P8DvYdokR9-tmvM4pUs4n6sI,SALON ABDOu,https://lh3.googleusercontent.com/gps-cs-s/AG0ilSxqKjtxrxDjy0lrthHjJCLePmE6b55Z12JZ-X2a9JV9QsY9C0wPJlCH3abrPYTafektUcPk8YEizDa7Ov68hMqzy6A18_T1RO3HMMiiz7-SHZk6GEworoxss0pI1IeZHD5DLHE,N/A
N/A,"4,4","102 lotissement smara hay ibn rochd wifaq temara, Témara 12000",0626-148892,,salon la belle lina,N/A,N/A
N/A,"1,7","mag13, résidence abi houraira, Bd ibn rochd, Témara 12000",05374-04838,https://lh3.googleusercontent.com/gps-cs-s/AG0ilSyR2LhJMfd55tvSzV3STGmtk4lZNqJ69mGrI6oatHO2HlW7sTCfE9WzUdK51Vgv37RlLgmEUu2ePDebyXkwOLQjdG2IpGb6clWBQ_xB-9p260qewKC0lkYsHfOROhDaWtKBaUCQQjY35gzD|https://lh3.googleusercontent.com/gps-cs-s/AG0ilSxnWosDH8Ne_UA0H5vMtiKUldlocwSbtpK2GUfFcgrt3328hjLzlN2kxIY-tjrycLXVQoqag53l1DXZzvProEojw4Ovjfp3CiqnTBLcsigVpYXC2wBGYZCaoLiklpErYShLLnxt8Y0Afkb9|https://lh3.googleusercontent.com/gps-cs-s/AG0ilSwWsfNJrqAA1gfj052yRfA_wtMuAgylm83OKW_FIzx2Hi8svaDePQhgYNdjp98OoGQAW7QL7CIi1qbeZb8B96OFmUp2atcYiY9jkgtlw_g3IOqgCihRQRVvgM1TZNqLeG68Oo6Sng|https://lh3.googleusercontent.com/gps-cs-s/AG0ilSwaoCW4QOzx5mPgoQO3Gm8VPyct6faNJnd3x9GuOzklE3us-ZDDOraocSQ-XgwdXLyxVdcn-qZtKft9xi8HWGgAKfBovMUdq9JJx-PuR5IitzNkT-7hgon1WMBNUIqeTFv-q9BR|https://lh3.googleusercontent.com/gps-cs-s/AG0ilSwGD9IeAXhzBY3WIohXMLABR-MqGa_v9uDVeo8QmKqZboRzL9zWRT-Pvx0pl139ZFjB2RCq3BGuqxoKT9OzeDuLDmBM1V7K13Yv1zZmWmXrbtLAjW-vc1HPwiFfdW3pEhuVffPpj0RS6vT8|https://lh3.googleusercontent.com/gps-cs-s/AG0ilSzP4YVB3TqcS26hWYQuDk_zWxk5DooV8PjaABpkTcQNw_yAt4PdM-V_1SdHpW-jzLlY63QGp-O07hXWR9jAoJRbhvzZKu7AwodLkD_AA-f4oZtk636iwmfFouCIwYmiItLSJVHrdbGA-uM|https://lh3.googleusercontent.com/gps-cs-s/AG0ilSw5jg25w1KFNPCf6ALpFlnZ_AA4-KIyKnEEXBAXkmBTJRTMv6D3uwLtpAUM913WH3imic2TM1ZX7nzUayPIqLxMqy4uDSIF4nMuaGNcG2ybqdETNrkVjoMucqK7k-H-jaxCTR5jPm6ShWAf|https://lh3.googleusercontent.com/gps-cs-s/AG0ilSzi6Y9U7zfEmI-rB9TDT5yNj-6GM6Di7b_Lr24yNzUrZtD5f5k3-9LG8pzkUgwo-iDro7X3FPTNQVqMYuE1TStrgzkU8AmmxpYwYLlSVE6sLFFIsbASifig3AYqyPlzEvM3lJYgjK9faTwK,BEAUTY BY CHANTOU,https://lh3.googleusercontent.com/gps-cs-s/AG0ilSyR2LhJMfd55tvSzV3STGmtk4lZNqJ69mGrI6oatHO2HlW7sTCfE9WzUdK51Vgv37RlLgmEUu2ePDebyXkwOLQjdG2IpGb6clWBQ_xB-9p260qewKC0lkYsHfOROhDaWtKBaUCQQjY35gzD,N/A
N/A,"4,3","W3F9+99M, Bd Dr Abdelkrim Al Khateb, Témara",0661-212439,https://lh3.googleusercontent.com/gps-cs-s/AG0ilSy9MMC5djv0pjc8IonUb2Us9oZe7ZOhi4qXjAnNroVNGi87vhPjDOEwZTIgpBJyb7EiFYlCV4m-7P2IBT0YU2X5WlcJAiXdc3y3CAZJUnkk4TULrENxByF1lCY9zNnIOOqxPco|https://lh3.googleusercontent.com/gps-cs-s/AG0ilSy_AcE-BZKF7pUoCWcrgUgwGlotLhCEZHcetc02QQ-0W-ykKcEtZnQc5PLL_g82KQYrYBr_Jov081v2I8xdu_PqsEQnLNsmINEqS2CZbiRyzb3FWyeY1vxI84hX_jaf_T1RrkvE|https://lh3.googleusercontent.com/gps-cs-s/AG0ilSyVTiZ2SKwqWZrsrzBJoMqZorY-Upzyf2JoZz23ICdAFdHGoA7uImhMuznmFGZQ0qu265fSbbgMEWP4wwyaKbCmS1Fbuw2_PMjWSwqb6paWcvl_IvvS4fuuLVoy2HpCUPD08__y|https://lh3.googleusercontent.com/gps-cs-s/AG0ilSzozSHZE8FdNPzHqExrpqZ2LY9A3AGgz6NiZivzy6QwRruFdt7wTQUHsJUrrr0FX6ojLGdDJG-1Mke3qbntdlwpny3pfLGHJctfTQAmS95cszKdUOYNMCkSB_ggq-m97VxlyDtv|https://lh3.googleusercontent.com/gps-cs-s/AG0ilSz_xQiFFA7lYnTmmZ-yJO4EaLqCh2XYT8UkeAEzsvGpqnWMohpwkZREuhgK_DFBXaCQKXvu0TcolTU-ibj5PCTCIYKtLxSABBMTlARqECAPiGBkYLRBALGgvG9IHiZtbTaD1LJMkA,Spa end,https://lh3.googleusercontent.com/gps-cs-s/AG0ilSy9MMC5djv0pjc8IonUb2Us9oZe7ZOhi4qXjAnNroVNGi87vhPjDOEwZTIgpBJyb7EiFYlCV4m-7P2IBT0YU2X5WlcJAiXdc3y3CAZJUnkk4TULrENxByF1lCY9zNnIOOqxPco,Situé dans : Résidence Azzaitoune 3
N/A,"4,9","nº1, Residence zineb n° 1187 magasin, al wifak, Témara 12010",0621-803687,https://lh3.googleusercontent.com/p/AF1QipOiXpooowhKsI8To6XUZC4r2KKyerqY2kB6Wem8|https://lh3.googleusercontent.com/p/AF1QipPEmpobuJpZVIb0qgNJa1XktouiwcmymOyyHiQ1|https://lh3.googleusercontent.com/p/AF1QipMT53HkDyKfsfkNJWWJ_RNrQ5CORzKH0p-FGk1_|https://lh3.googleusercontent.com/gps-cs-s/AG0ilSw0rdhAAFGc31BXbjbptrZaPveh-DTa9AZ0fNPiTg1f3iPfgYpAic35-sgJLC_latCMfdJaL6XBpX97fuIKkU6HPOcU5AwylFg6sgyqwGgw7502Wek4hHEZisO7Hadd8vEg48UQhG3Gc6b3|https://lh3.googleusercontent.com/gps-cs-s/AG0ilSzrM6klnw9wf93gN5xTkvdnv1Y1CkExctOH0r99-tU9GAhr3M-GC1zUvMFlIIqTb_acrXyzlOfZWLZuwJzW5KDoL0lfsvvbS3tx-Uxrv5syyZTXNVKO4i085xTp1Ku8BRiYY3A006thT0rU|https://lh3.googleusercontent.com/gps-cs-s/AG0ilSxLtoJTyLUdsQ6X9Yj85KfPOvit5_2E_QfcRquGJTAmC081Row0qjK-gKcgw63asEb8idYRAIk-JpMEpahAk-OaEdyDZy_8PjF_x1NiSYMit4dT9AGTbL1FAzv7xRdhjMjn0QS5C7ybpm17|https://lh3.googleusercontent.com/p/AF1QipM-aEZ2pCi0bWgLM-e-4W_f5KMQ9OwRn0K3I3iW|https://lh3.googleusercontent.com/p/AF1QipNi67FyhxL8OpUeRCJPhDZoharuVHe4spO8CJLo,Sunrise By Youssef,https://lh3.googleusercontent.com/p/AF1QipOiXpooowhKsI8To6XUZC4r2KKyerqY2kB6Wem8,N/A
N/A,N/A,"avenue al forkane 6, Res Machaaallah 4 Im 6, Mag 22 461 Avenue Ibn Rochd, Témara 12010",0660-677795,,blinder's barbershop,N/A,N/A
N/A,"3,5","W3GF+V6W, Témara",05376-17444,https://lh3.googleusercontent.com/gps-cs-s/AG0ilSwUJt4J98RgbvWtxf3NQcZBGNG3AqZ4zZmCfiEn35V5xU2-vwpk2GoPBL5R9Q_LefRfIpUFDWIBe4nwC_mi7lntjhG7l129tM9Em9E2P_J4z9z3_WqepZZ_3cyhTCtZK94kILJOXQ|https://lh3.googleusercontent.com/gps-cs-s/AG0ilSx17aA7OWgxN76r0eGhv_s1GQoWORW4N7WLQWbqnDW4Cli-RRuBknDLH5nTb9uzir1DSsinqLbd7uPEAT880U5r4IvryBIYfsw9TBDFujf34m_d0h-ghsDsq_KCK-gcmOyq9betrw|https://lh3.googleusercontent.com/gps-cs-s/AG0ilSwZyiSeOXMsJ5sZq0f_M0U28TJ3Jg0Vu_i3FB0HOR2X__WVvz_OI7PUklctngexJawfkqNDv7wh5N3E1eTbNXiOuLANo8ezM3P5KmR73nTOjPFgu_eGmZ8wHoxb69-de_SKFANh|https://lh3.googleusercontent.com/gps-cs-s/AG0ilSwEE60mk4mnaaWLwNTPiPd0h-xh_IhlidbCltnswR76RAD4JtnIXoASuJC2kGlISGhivYBsq0EpJcchFybx_KKnuftZkzR4zxpQXBpS_StnfbTuoRMywQ2pDtonRk5RUWq_BlMa_g|https://lh3.googleusercontent.com/gps-cs-s/AG0ilSw89Y9MI-3Vai3NqDph9_vjvQGgGtLntQLD2VmU9npI4KVhNmmoBFRNOZtHdNZoF-b2vSLaPSDA9k188FxcybNM9gUgbAR7pJCQhrct30-0VqY1KPXuT5Ac0U0GSIkiK7YGP1jxRw|https://lh3.googleusercontent.com/gps-cs-s/AG0ilSyLXO4064z3jnxIiQbCpAB0ebJWae2nnyuEWYTfkBcD5hzlZV3Mo9w3kEMDJCJZPS-6eD70im2uKAkpCnm-eJqM9HN64iXBUhib9JIiXUzyF_9VXHSdfmPoYtUHYsWifr1H8Epu,Institut de Beauté Perfect Beauty,https://lh3.googleusercontent.com/gps-cs-s/AG0ilSwUJt4J98RgbvWtxf3NQcZBGNG3AqZ4zZmCfiEn35V5xU2-vwpk2GoPBL5R9Q_LefRfIpUFDWIBe4nwC_mi7lntjhG7l129tM9Em9E2P_J4z9z3_WqepZZ_3cyhTCtZK94kILJOXQ,N/A
N/A,"4,2","8 Av. Mohammed V, Témara 12000",0708-277040,https://lh3.googleusercontent.com/p/AF1QipOY9TcM4rGicBlT-btAlWnaCtnyraspRh-d1HSu|https://lh3.googleusercontent.com/p/AF1QipPZ-r7cuovpM9dpqc4Mkkk-cz9VAbL2A1ySq64P|https://lh3.googleusercontent.com/p/AF1QipPekTtBRUQSxXVSzaRC_CLv0pAnoFM15KAcV3TM|https://lh3.googleusercontent.com/gps-cs-s/AG0ilSyhJPpHXcN9q_J5oCnl9N5leEaXS3eJSAdImZEK310s9jBnnyTB16k0d_htUuiC7-1hNnINN2Ng2bHhCv3904xNPhrPzaivm6UUHZnVfaHJFzgZQWUZKF1tyZMrekQ6aG9IqBs|https://lh3.googleusercontent.com/gps-cs-s/AG0ilSzDGfHcahEG6S3gO0dDznOOu6XL2hcDeomztqHUWXH5IUd6YTMkuR-tgrkyY3gXJ5sfPWItxrxKY-DS7X8osHJ9Qoof0zGlBK6j_o-CX0gga1Moxcbi12602jqttTQ1oJ5zQF1o|https://lh3.googleusercontent.com/gps-cs-s/AG0ilSyNYxy0U6_ghWi8gs45xm6LU4XTDxj3P5CWCIj7he6x_7vxoNPXnCQ2oNomFinPVujeq6ESBZSW5_nMt8nOPzbzy3cBMlV4rN3nq8Y_FoXLwcLsBettanaDIHzviS1z0nyyJVKPzg|https://lh3.googleusercontent.com/p/AF1QipPW7xRrWNKjm36vH_Z4NwvmvLETxgVLbi57Bs7-|https://lh3.googleusercontent.com/gps-cs-s/AG0ilSwDBni1bP6rTPPFw857IStN5PTp05XGgwgMOG03zsQrUqtxFCNmHYNeifOtWrimNNXEKfFLPp-LjvfiSAOq5voqSyil6IxwKoTcbI8HtxGXPJm9RXn5eEye6cAFg-kL8xORK69p|https://lh3.googleusercontent.com/gps-cs-s/AG0ilSz9_LzQB7YBOl14DSK0dOshcjCcWYDc4pnK0uKio6YLbTFEFAsnE2Opv_oCjNYcZIQPSDT-7OUr8OBXwfFG29Fn3TGU9c-e249aRti61GiCJV_4S3bJowS6YJpyCTL4uMnzxAih|https://lh3.googleusercontent.com/gps-cs-s/AG0ilSwQLWOdSto4uec_hxH_Qlx0OCEfe9JmMwFAtxfhTvW_SngciCiww7mMUcuw7Ki6pk1zMwfVH1Q5MvRHv4SHpsmDT-XKvwMUZ7aIkRiWNfNMKFr7Ll0NaLX3fv99Uh_msd1umgRXJw|https://lh3.googleusercontent.com/gps-cs-s/AG0ilSydgI1dtFaQ8sW3MepIXnrV1ptFE4qoc-Ar6tI9jeX6hHNRp3LUhHGUZoPI_dLfnTHVN3YaElf5h5C6PZsg9QEot2oAcJJ38zYvx-VOgKsZr9kCZ6POTJV_rfMgBXF2Zdu0RnhXlw,Barbershop temara,https://lh3.googleusercontent.com/p/AF1QipOY9TcM4rGicBlT-btAlWnaCtnyraspRh-d1HSu,N/A
https://www.instagram.com/radiantsalon2?igsh=MTh0OTFlNWNoNW1pdA==,"4,7","Bd Al Forkane, Témara",0600-721321,https://lh3.googleusercontent.com/p/AF1QipN7yWO4cZpfRdM1VHY9FUCRxt3aX5oa2mtZ1wPK|https://lh3.googleusercontent.com/p/AF1QipP46ENzoRl-Eljmt6YBjLCBUmXpGtu6K8ja6CIl|https://lh3.googleusercontent.com/p/AF1QipNyurlDmBNREzn_POPtpiI05XlBPafH2Gc9SWJ3|https://lh3.googleusercontent.com/p/AF1QipNNivlJ_cE5arl-xIcS-Xn9vYX8NjTVNervO9DB|https://lh3.googleusercontent.com/p/AF1QipPtqKPtVVjlKeQBUYCgItte2Rfiqi8WgfzX6cFA|https://lh3.googleusercontent.com/p/AF1QipNHj9mA3TZZ4nticqzhyVUy6stoFx4WP1uSKFgC|https://lh3.googleusercontent.com/p/AF1QipN7_KzbKzZnVVqATa9Gx6wXOS_v_R7yZ8nXQ07D|https://lh3.googleusercontent.com/gps-cs-s/AG0ilSx3lKL6vrUqYRjB5_xvAJZqrYNU11zDZRY1-61ixPiKaU07--d2IA4LieePaueNyRr5kT9bhBMIdpM5beonseqkLh6KcPR0T9DpiMgmvAhk_1yvN4ThE49oM99MPvQKV_71UIEALkPuSPbk,Radiant Beauty Salon,https://lh3.googleusercontent.com/p/AF1QipN7yWO4cZpfRdM1VHY9FUCRxt3aX5oa2mtZ1wPK,S'identifie comme géré par une femme
N/A,"5,0","W3C8+J3W, Témara",0651-868929,,Nuance Beauty Center,N/A,N/A
N/A,"4,7","Arabicana wifak, Témara",0648-931990,https://lh3.googleusercontent.com/p/AF1QipPf2t_kCSMDNzny2OZqoNGlTyJoVd1Wc0rrXL5r|https://lh3.googleusercontent.com/p/AF1QipOuGBwtHlTwJ0tUHMp0j8aKtdQqu8l4FUeTLCB0|https://lh3.googleusercontent.com/p/AF1QipMAy7JsY-8E7BJUaQMcWF6fXyuoNUNdEacsra8C|https://lh3.googleusercontent.com/p/AF1QipMF6iaIaezbcEzX1EQQVXEvXLShAMhR_9gyshJy|https://lh3.googleusercontent.com/p/AF1QipMWVoIuQTEjyQWbK356CRBVNLu2zIeNy3LJvbuT|https://lh3.googleusercontent.com/gps-cs-s/AG0ilSy00fbME_kDJubjjJbBZelgLqvbRz5foS2-PUueaf1HfpJoasXusmSSDsUQHtFevuzXoopfQLEHrr27sFAO_V53lUNrVLOoeP3PA-Cln9CAVdLdJQAxmSBDVrFm6XJwidNskEL9|https://lh3.googleusercontent.com/p/AF1QipMovN2R0E4zRn9hvwBnd-5peOQmVK5tz0Fs-TaL|https://lh3.googleusercontent.com/p/AF1QipOfhGhxO7L9LhZGwyEAl0a4CpGGxCLQaEYyVJL8,coiffure KD BARBERO,https://lh3.googleusercontent.com/p/AF1QipPf2t_kCSMDNzny2OZqoNGlTyJoVd1Wc0rrXL5r,N/A
N/A,N/A,"Résidence Zineb, Mag 2, Harhoura,Rabat, Av. Mohamed VI, Temara",05388-72216,,S Beauty,N/A,N/A
N/A,"3,8","LOT 3342 SECTEUR 3 WIFAK،, Témara",05375-82237,https://lh3.googleusercontent.com/gps-cs-s/AG0ilSy72kdGwzHa1XldcBTlUsKxVvS0nKwyvB_1N7I286SJOevIE7NZE0wRSxhfNc6s-VaIWjcS4YHS-ZLPjPpcOQFjI2GU0_FRoC_qIj6zaAWwBgxMkHMPod8TXU6KvyEM5YS0S4wb|https://lh3.googleusercontent.com/gps-cs-s/AG0ilSzZtmRD14v9XBaZq8WqKY4cFXZd96VWJlsoruDarbqSEcExqmDV0Ei8j4rUeEd3qqka0czmr3kWlPQMEOm_SEHLdwEdcLflLQtcnyAenY8oRsZtn9qLSoYgezk_2CuFIj-u4_-8|https://lh3.googleusercontent.com/gps-cs-s/AG0ilSxw18KCJN6DqdsfMDP4--vierzdcQm1sNVc-pbp-Nn73rlreq-WcrncAhU4YslSUqXdiJCq-g_s62JqOjOZ2DzIlJZq0sodcpnwcBmk1WP78GhjBU8D1afBEQrUMM9dK9U5VrCqOw|https://lh3.googleusercontent.com/gps-cs-s/AG0ilSyDVewJzTxD6JF_f_rBaMomybAdDYye9OarsabhDW0Sv1VjwSoEuADHYh6nrydIqqSDKk_EaFDe5BpquSWGXUf7qiWsNb8f6ZOhJFsPzL1amYKsMhnN5l1XPIrl8fpxvdVKRZXE|https://lh3.googleusercontent.com/gps-cs-s/AG0ilSyYW8i6ykMrSx__e9qOCus_lJFEa6QzzwkrhiOrIW5eLtZODpQ3IZn7RVLJUBIkc77OJgh2huycCVTcdRBZM2V4nSMWE_IolPK5BDc8idoN4-G8MV5o13zJ9jA2llghF_4bu-pifA,relaxation house,https://lh3.googleusercontent.com/gps-cs-s/AG0ilSy72kdGwzHa1XldcBTlUsKxVvS0nKwyvB_1N7I286SJOevIE7NZE0wRSxhfNc6s-VaIWjcS4YHS-ZLPjPpcOQFjI2GU0_FRoC_qIj6zaAWwBgxMkHMPod8TXU6KvyEM5YS0S4wb,N/A
N/A,"4,9","Wifak, Boulevard Al Forkane, Galerie Al Firdaous, Résidence Macha’Allah, Témara 12000",0661-605049,https://lh3.googleusercontent.com/p/AF1QipOWVqaZAblVIDTP4Ohm6wcfhQJpTE_K4hE1ePjH|https://lh3.googleusercontent.com/gps-cs-s/AG0ilSwDEV8wh_zUd6PSgdFV7KXyxZleklTx1yaEHNFHqSlqevj_JJEGWBr9KapaGvoLVj84chMGlpLKy9tMXQG3TGFtLfB7GqNZCQlRfVyyt1sXfIjhZXeAZrlZDNkcnQM40skRxIKLAXdaVC4|https://lh3.googleusercontent.com/p/AF1QipMSjseqNOowNsWl0arS62A8Ia9qJBApb5kUc4Xg|https://lh3.googleusercontent.com/gps-cs-s/AG0ilSyOGF1wbD2cm_mr3gl1-PmuE0XPdIqbBNfHqgOO78UMbGMPVuYC1LVMsBMzm1yL7U33dvKvrit7tiluWchLDIeAw7WRW-S_8LS_rbLibmz4EUOz1jpJc0jqTGdgy0zSmj3BFHgO2NU0fRjT|https://lh3.googleusercontent.com/gps-cs-s/AG0ilSz8qD11MK5hbtwGlFskQkUkaGsraU3IaaeHH2tIKP7aBNtlLT0bfKhEMa7TnpVm9QRtXuaSGVxEpFBcYRcfUvTUNs_fKHwVtQ3EhMsY3oXr9lMUcRoVLTE_qi3L0AsXtnozmBavIg|https://lh3.googleusercontent.com/gps-cs-s/AG0ilSyPeXPqK18pia3YNPXdnJpPOZCl29TUK9-wdm56Rey1A5V1VyDiqqDOEqOJ-nBifP-xoPGTzeplk4HiUS3R5Tu9vNroGnbfPCVxsfgbqvUG4gs1nch1DRZd75ahwyprCd_RwuludMRhmPw|https://lh3.googleusercontent.com/gps-cs-s/AG0ilSzIEarc-gHOIRIekbraCARR5Mlis8l3LrBAv6iOwhKL-dT-nE5Yfgfy8IvanqPdPiDKtYjPZlAUlEnyCJFUQg3FfEugM-zlFQQQ4LnKfgNvNOst7CLIAX-7AfSKzX3uN7Zn_Fyp|https://lh3.googleusercontent.com/gps-cs-s/AG0ilSwcjUA0f5-fU8TGkV32zTKOVOjUCWMSePpea7e_pw56LCP5iywEKhm1AigOE-LXOgUdl3eZaj14spD5zy9lxejzzctPuCq34LAs428qWdCXTixYI7cgE29pWyqj2drNyFwleHEf|https://lh3.googleusercontent.com/gps-cs-s/AG0ilSxEQ5igydv272KkcWPEygHuCTzGz0fGIzaekqDzay3GEpJ0VZf5pmPRMpADfOjfL8DIMSdd43iJUagqSVu8v5R7E1uW2fZepBxfVI81pUctw4lYnwg4fawpO4Sj9OtaLwYfISKZex0IBEkk|https://lh3.googleusercontent.com/gps-cs-s/AG0ilSxJV2pB3ct1HgRcwXBxGNCo6tV4FsHggkn-K5UVnvFrPdwhNSRi86aJ9rl9n4WZ4Wwk1d8oPxhwAcv7EMZQQEPQgac-7Sigy4GslwPjW-YYtPdnG5foyUkcO6qYxegOPQs5Fk5Xdiga_xAi|https://lh3.googleusercontent.com/gps-cs-s/AG0ilSwV6sHJ5qwQ66MNDODWLHmk1AAs3du_Xc106RRQeGNBWilyCRtkowiGAD2k1NScUQVpFdPDnPpYwN9db0Aoi-ls036zqAe4jVMQkRZxa3k5E5i5VCQIysUUUMpS4vAGZMNzTs8x|https://lh3.googleusercontent.com/gps-cs-s/AG0ilSyF1vA03VdU6ON-lIAZGYx7VFDTNUFKWG03JLZn5SO8AoSW36UezBo_oXiDi8zimg7ri4pgAh1QlGamkJIapKJSrXTvmVULgX2vBOs10DREtE0v5rKpinMNANF9U7vhAVC_hiIHU2Wf40M,Joury Nails,https://lh3.googleusercontent.com/p/AF1QipOWVqaZAblVIDTP4Ohm6wcfhQJpTE_K4hE1ePjH,N/A
https://www.instagram.com/comptoir_des_ongles_/,N/A,"wifak, Magasin N° 7 galerie mimosas residence machaa alah, Témara 12000",0530-179300,,Comptoir des ongles,N/A,N/A
N/A,"4,6","Rue Berkane, Témara 20000",0708-841585,https://lh3.googleusercontent.com/gps-cs-s/AG0ilSzfsetIB0jjjUUHLUuXrleLO20LobzTtmte-1_sRbXFpwZGKeTjuxSqIYPyLDM3WlSKAjPC9ab-l9nPsC7dzutg97_ERaQKUvbpEDMy3tXDhGU-nWDuAFIPhcTXKs--6wC3itXhBrUinUg|https://lh3.googleusercontent.com/p/AF1QipMduSgdgVP_08cfcUHu0cAZgi6mkjkiQiBlM4Ax|https://lh3.googleusercontent.com/p/AF1QipNIflIuW8lRZ4IBISsHPxR4D3pLWqPQq_H0muK4|https://lh3.googleusercontent.com/p/AF1QipNHh6DerKzT3zoT4Hw0uG1qodP1GRhwKCSkLnPt|https://lh3.googleusercontent.com/gps-cs-s/AG0ilSzclUfGr8rj0g8zcYzyVtZvRVElSQprK9DunYq5994fUed2kaqDCJrnnlyjQRwojBJF1oV0t2oTJYYXhmSPJTUUSMdyDgNpTZFYTUEGY-9NHoAZgHPiMH8mi-6gGU2Y9KCcV2vBoQ|https://lh3.googleusercontent.com/p/AF1QipMSBVadZxG31hcxUfRbWlxAz_UWBdJhjJF4hmIS|https://lh3.googleusercontent.com/gps-cs-s/AG0ilSxgiEZlMq80EtH_8YBq_nJj71oh-8Tnpw3CF3vXTlKU_0Sh77k7wN5xkZ5z3Ejsh8cnHRgZqYMIpwoEfKs39rlCchjC-f0WdLjOuLZsg5SrILPWyb66D0eNZHD1YhNaf19uUAkCt3IZyak|https://lh3.googleusercontent.com/p/AF1QipN1lXUGoEEa3Ovzk4_Qs4WUWkVIsnJkSFdcVTk4|https://lh3.googleusercontent.com/p/AF1QipPK2ANEpdhDMg1EF5iMtIR9aMuy6odbX6KhtXz_|https://lh3.googleusercontent.com/p/AF1QipO9sCvQUb8r52FekjSSCVH5xIWunXAHTGrpJ1EQ|https://lh3.googleusercontent.com/p/AF1QipPImAUQozCCcKBS3DL59jYVRbNgkrvkKLLwpG7S,Azzar ~ THE BARBER’S HOOD,https://lh3.googleusercontent.com/gps-cs-s/AG0ilSzfsetIB0jjjUUHLUuXrleLO20LobzTtmte-1_sRbXFpwZGKeTjuxSqIYPyLDM3WlSKAjPC9ab-l9nPsC7dzutg97_ERaQKUvbpEDMy3tXDhGU-nWDuAFIPhcTXKs--6wC3itXhBrUinUg,N/A
N/A,"4,5","Situé dans : Domino's Pizza Harhoura, Temara",05374-04507,https://lh3.googleusercontent.com/gps-cs-s/AG0ilSy-7A2bUcbQ5JYmRVgFK-aG2G6ITB0XE-94ZMa6IN9IJXQVVc_lUlJV3_RYjaA8pCBHnWEnquctrmPKQLRQ4Ge1WP_4bhJdz8YOcIaUqY9H1PEq72MvAd144_ohJ9yJfBwbEksV|https://lh3.googleusercontent.com/p/AF1QipPdCWYvdzg5iH_J8MnzyJaLU2qtM-PPLubkKQuW|https://lh3.googleusercontent.com/p/AF1QipMlWQoI6FIPFWictbCwT4dCaf8gcIaLEeUbatJN|https://lh3.googleusercontent.com/p/AF1QipPvZmou8wFzTaeuseKY4q7gpifAdryNpj_P6xHm|https://lh3.googleusercontent.com/p/AF1QipOT_kx-0RW-yuVEC2JzMcuJw1FQh-2zdYWHzzJy|https://lh3.googleusercontent.com/p/AF1QipP2XfrgbtxIkNfrlvz68L3Fmu1NFkGWEWw9pnve|https://lh3.googleusercontent.com/p/AF1QipPkfX3dYlFDSSBdYPEJEJmGvYUDfM6LAkXqCl9i,Beauty Lounge,https://lh3.googleusercontent.com/gps-cs-s/AG0ilSy-7A2bUcbQ5JYmRVgFK-aG2G6ITB0XE-94ZMa6IN9IJXQVVc_lUlJV3_RYjaA8pCBHnWEnquctrmPKQLRQ4Ge1WP_4bhJdz8YOcIaUqY9H1PEq72MvAd144_ohJ9yJfBwbEksV,N/A
N/A,N/A,"W3G7+82W Al, Témara",N/A,https://lh3.googleusercontent.com/p/AF1QipOT_kx-0RW-yuVEC2JzMcuJw1FQh-2zdYWHzzJy,Salon nice women,https://lh3.googleusercontent.com/p/AF1QipOT_kx-0RW-yuVEC2JzMcuJw1FQh-2zdYWHzzJy,N/A
N/A,"3,8","numéro 1, Lot safae el hachmia n 2 magasin, Témara 12010",05377-47927,https://lh3.googleusercontent.com/p/AF1QipP850hnRgm7pj6PxK2jyN32H05UoS1Lsc0T5UtT|https://lh3.googleusercontent.com/gps-cs-s/AG0ilSzBodDG8RPzt2KIZjFrPxFX2PxQHaTSt1FFJ7w9DZkI6lRzuOwT5HzH7RiuQ2PxvoakRGGQLJPaagUVgRA_Dv8tg6xNNdC5uXL2wcRBHMhwN41Ozse9MTp5UupqIy02h-vRWgc|https://lh3.googleusercontent.com/p/AF1QipMSlGXH5vswJDnjqr3wujV-BV-IhBkelOIdeaa2|https://lh3.googleusercontent.com/p/AF1QipO0yGpPHr-NnaNJFaelTD9lvauY7g4Y-SCPSss3|https://lh3.googleusercontent.com/gps-cs-s/AG0ilSyhgYsH0h9L9L-ZWoyeK42gXUXhRbiUrfy8TrbMWlyBwAB_-10LVGACKPBZjjJusQt35gyERq-UaWoK4akdG_kFur80WXxA-M3UJ-1Aj6Urgz2WtxxC1fibEOOOftQbcmA1Leak|https://lh3.googleusercontent.com/p/AF1QipMm2MdZUd3XgzkR8nDLFBEzo1QBYIzmk2ptxcmQ|https://lh3.googleusercontent.com/p/AF1QipNq0af1UQQZ7FZYQkgopmw_KzBN5iTtEzbftewJ,LUXE SPA & WELLNESS,https://lh3.googleusercontent.com/p/AF1QipP850hnRgm7pj6PxK2jyN32H05UoS1Lsc0T5UtT,N/A
N/A,N/A,"lot_sakina Wifak, Rés.43, Magasin 4, Témara 12000",0708-249094,,Salon de Coiffure Walid,N/A,N/A
N/A,N/A,"Rue Arrachad, Temara",0660-668667,https://lh3.googleusercontent.com/p/AF1QipN5rowFmF0WhMT4WUe_EFnx75oOxsfKLK2N0GYS|https://lh3.googleusercontent.com/p/AF1QipNvGJJPnz4bMqsFjPshtdWZQ3bWq6zzS-KWIRWh|https://lh3.googleusercontent.com/p/AF1QipNPe9oMBdpiGa8pqsXpy8cyscyO9jUcTymp5OaD|https://lh3.googleusercontent.com/p/AF1QipPPgY_45OIpO5gakA4c4TTzIp1iMc9BTnw9gVUt|https://lh3.googleusercontent.com/p/AF1QipO0Dfw52N9RYTS_SxZ00yLE3ypt1Iw9rFXjwDzf|https://lh3.googleusercontent.com/p/AF1QipOlItm5k8kyGc9JJplOad5ArfbKa0uk5S6s076D|https://lh3.googleusercontent.com/p/AF1QipNEM7sBApVFfnV-vd8zZvwDGeUyDAsFExKbJKvg|https://lh3.googleusercontent.com/p/AF1QipNXykeqwkNHefYqYO068dg6VLp5vt-DF659vsfS|https://lh3.googleusercontent.com/p/AF1QipMF5XG4iuLPuaNTPdkmwMom4OKSUjA9f5Vi1edC|https://lh3.googleusercontent.com/p/AF1QipMR02FsUn2jnUQumAwGJLGwLQroNY8jR33AKSAl,Atelier des lilas - Temara,https://lh3.googleusercontent.com/p/AF1QipN5rowFmF0WhMT4WUe_EFnx75oOxsfKLK2N0GYS,N/A
N/A,"5,0","W3G7+54H, Bd Amina Bint Wahb, Témara",0667-272726,https://lh3.googleusercontent.com/p/AF1QipMDxqYgQToX57zASLx2I9Y973KC0h1pbKOb39gK,Ahmed coiffeur,https://lh3.googleusercontent.com/p/AF1QipMDxqYgQToX57zASLx2I9Y973KC0h1pbKOb39gK,N/A
N/A,"4,7","HAY MANSSOUR DAHABI, Rue Al Iwaz, Témara 12010",0667-341798,https://lh3.googleusercontent.com/p/AF1QipN09epWEq0dnVeXvPyg3eL-gAQtsGhOQd2RQWuK|https://lh3.googleusercontent.com/p/AF1QipMBUPx5QV9nZ2xXsnpR_ERnv1Q4MHP8_P6w8ppc|https://lh3.googleusercontent.com/p/AF1QipM8DXE4najE0hf5KVV5oi2QQtVhgXQk4nxLctWG|https://lh3.googleusercontent.com/p/AF1QipMKaE0VTL1dISW0-YWxtwSThBczGkvVKhrH7e8R|https://lh3.googleusercontent.com/p/AF1QipOFiujnVST_FohsbdtkFlZx7hquoWMdqnO-U9CT|https://lh3.googleusercontent.com/gps-cs-s/AG0ilSzYAlmIlBveGjItgUZlm4xWAGZgV8vDtF-uZCq8dOpg-14PgjSDV9IJ43F2y_v1XqAGjTTDSgDImntHZPWpnohhaRZK6dmMe0K-W6rBFDUpMj-BTFNFdy9ZkJm7EWgZ4netRtt1dw|https://lh3.googleusercontent.com/gps-cs-s/AG0ilSxS6OjLFZcT2CQWSIjMPhewrXBHmeCyigV2w8OPucxNw27248ykMC44TCRRGZJ86ErxNEbpxJjlzehYZlwnEURqOxvNvRKGaIm1TXThlfccPy88rSvOAhXVsIgFjlZckye7eGc|https://lh3.googleusercontent.com/p/AF1QipNwV_eGet2ah5tov_QLg90Otg6pmFaNVn1GzFT6,COIFFEUR chemmakh,https://lh3.googleusercontent.com/p/AF1QipN09epWEq0dnVeXvPyg3eL-gAQtsGhOQd2RQWuK,N/A
https://www.instagram.com/_beauty_salon_katy?igsh=cDV2M282emR1aWI4,N/A,"120000, Témara 12000",0530-926524,,Beauty Salon Katy Témara,N/A,N/A
https://www.instagram.com/atelier_sept_?igsh=YTlxamZwN2xjdm55&utm_source=qr,N/A,"Boutique 25, Boulevard Al Forkane Résidence Machaa Allah Galeries Mimouza, Témara 12000",0615-877372,,ATELIER 7,N/A,N/A
N/A,N/A,"WIFAQ-TEMARA, Bd Al Forkane, Témara 12000",0662-131717,,ALMA BEAUTY LAB & MORE,N/A,N/A
N/A,"2,8","W3G9+HFG, Bd Al Khansae, Témara",05376-46414,https://lh3.googleusercontent.com/p/AF1QipNRhMeGBkwgkE5qku5BoLohsNtkujN9k5Pqeuoz,Jonric,https://lh3.googleusercontent.com/p/AF1QipNRhMeGBkwgkE5qku5BoLohsNtkujN9k5Pqeuoz,N/A
N/A,"4,4","W38H+GM6, Av. Mohammed V, Témara",0667-223831,https://lh3.googleusercontent.com/gps-cs-s/AG0ilSyM3I5j9tMkZWXp5ptXbfrPpCLsN8wW3Ncr3xOKpuubhrHQyxE8E5B-KAP9THgtG0155o4fukV1JvMj1iSIrlGIU_DKokXq_N5245-rOxsmp-hV1RoJkw73AKaNiaqFjLupdQVQ5w|https://lh3.googleusercontent.com/gps-cs-s/AG0ilSyKbyH5-HH1RN8-sA_94lLj2e6UoQTEOTOFyYvxELrKXO55alu8wmWmFDAw--OY7Q1uwmF004dPHHAV09ZWHA2Vny-qGqn9ApJ3UGelCJLe31DOpOAx4l3WYwaZXiK6hyyY3TRp|https://lh3.googleusercontent.com/gps-cs-s/AG0ilSxvPcmJ4UknA_bYWaEwYbBgXPsIZrWAQmJWRZNgbDTPvQObgxikWrQDcuV7W9-0G0q-GitXUZDdvII2piS2MBJfGCYcrlW2CiywcEZAASGmxYwJFuXHLUGs_xEY12jG19CVG_EG,Barbershop men's style,https://lh3.googleusercontent.com/gps-cs-s/AG0ilSyM3I5j9tMkZWXp5ptXbfrPpCLsN8wW3Ncr3xOKpuubhrHQyxE8E5B-KAP9THgtG0155o4fukV1JvMj1iSIrlGIU_DKokXq_N5245-rOxsmp-hV1RoJkw73AKaNiaqFjLupdQVQ5w,N/A
https://m.facebook.com/867364206652609/photos/a.867383703317326/1087518441303850/?type=3&source=48,"3,4",N/A,0636-174198,https://lh3.googleusercontent.com/gps-cs-s/AG0ilSxYdO91kRDV9Vxcg1xaM8BgM5hC38ZfyiTJf8qg1ouOBBzqddf-bhH3yBxg4DsQ7HTf8YptHoUdGL7ZqUGZTW2flekQ-o0Pyoa7lG2UVH7INjUOkiJAt0R1zg2lPDSa5HtUoIVd|https://lh3.googleusercontent.com/gps-cs-s/AG0ilSylvTx8LUoSTROk2C7OhxER-AHFbwHLg1v1qfnH6MIxad7UmNhA5O88RLiEx63zzt7FVgeGZKZ6lj8W1SPFAWTfCk1ABVh8_TmYWLHSClvbHHyaNFgdeOOvkC4p9FWZ_c6WaVaj|https://lh3.googleusercontent.com/gps-cs-s/AG0ilSz9BVKYasx4aP9iGhvrSNzdNNy27v9O2n3I99iORaMviQr18_nlxp8ED3FYfFnJiWZAoO_dkhq0VCQtonfN3HARGfvzXOMxFVLJpFcWPznZJFBJDe1yxaW8SsorBeRn5iPwlFM|https://lh3.googleusercontent.com/gps-cs-s/AG0ilSwej3WA2U4vQN7VnLbLrspQFqVQSo5OpU82x0ykQATrJIMtAlIr-CI9zw-8paqiEdAB28glP8bK4cvPIulvUhSyTfLovm7TtsQUX63T5miGLpawXGhjQtNeNTNeQm2ynnjQbOPv1g|https://lh3.googleusercontent.com/gps-cs-s/AG0ilSy2kq99pWWWJBByFe0meAJlHapE4SvHrqonexNChK9MaEZP3Cr9jhGRt4Zd-jfpASXR237Y1957Qm5J2OgcGy6vQBRfzeM-32cdw3XdpIVhINPAuQRt34r92qTDRQYm9oSOely1|https://lh3.googleusercontent.com/gps-cs-s/AG0ilSytMJFdtB7iA9UoHcdYkSes8p8N-PhWXtZL0MAfBmzRTTFEJ3Y9g9OAICuZYvXLaYhatXqUMPQu0jo2tOBcXZf8hKanbtE588T0Xr8jjTpW9XVH9S1uF-3yHRA8UwHWEU2UC5xfOQ|https://lh3.googleusercontent.com/gps-cs-s/AG0ilSyiK7cOYJGSgbdYIr2XDyQ4-Rz_yBgdrDe35VzrN3_6xvsIO7g7Vq_B3eL4mvTLyPwJfupIMG5s8uKBAGoLYluniaqdn4m21Ap76aGhCnrgKblX0NPBl69zM576q89iG4sgLIoLbw|https://lh3.googleusercontent.com/gps-cs-s/AG0ilSyeSZmjVwFt3dnWCEO07hTi_mWJlkWLBHe1SJcDNe_aqsGRZYyUTbjCRreks5iC3aq6Wqg_fit06xk9FifMi_O2OR1CiidjzlEQ7JKrB6NSR5MMrcPUtKCHfAYvgUpRT1uVdSqQ|https://lh3.googleusercontent.com/gps-cs-s/AG0ilSwuNZy7D4lXtJuDMF1m8pyzbZAdlhfQxTGmd-b684J_rknGehu-TuDay30JQNCgBWZi4qj_a-Bcms_zkc0iuyKcQgo_RLjbC7zN0zVMuxV6HDNzebASKQ3bMGt04XP4Bz_uK1Wl5w|https://lh3.googleusercontent.com/gps-cs-s/AG0ilSyVKsQJOJ0fZ1MvAndrSBIP8mrVtRlH201mDqn9k-w8n70_lLLQIO9n06eeVFAwJWdc6hBA7gQGeRBk6iSSLZ9ZMXvNxUTFX4y2YQ_Cw-KmmELUFlsxYMiFE_7FZ04yrFjJesPb0w,le rivage clèopâtre,https://lh3.googleusercontent.com/gps-cs-s/AG0ilSxYdO91kRDV9Vxcg1xaM8BgM5hC38ZfyiTJf8qg1ouOBBzqddf-bhH3yBxg4DsQ7HTf8YptHoUdGL7ZqUGZTW2flekQ-o0Pyoa7lG2UVH7INjUOkiJAt0R1zg2lPDSa5HtUoIVd,N/A
N/A,"3,4",N/A,05375-81322,https://lh3.googleusercontent.com/p/AF1QipNt6L2XBQJgtf4S889XLuRE943kmQch5ZLsG1J4|https://lh3.googleusercontent.com/gps-cs-s/AG0ilSydF59I--2qBs-BkGkNtyE2XTLQlxd1bBE8DBFVhwvxFMYfeK7Zfp7nQpYPcUiIJkEmoy0lNoF-QzRqCMBYVGdUVwHFe60p62lWPk525wFefuXL6mexB028fL3oVVLHj4vkZUdQ|https://lh3.googleusercontent.com/gps-cs-s/AG0ilSycV2aF4BFsY1fkNc4DZGdaKUiZ9kSToh6g6K39QpzxGsgjlsLkQbLmupvd-kSmo_tWLEJFsZ9WLpC8v0kSEhZIZbVAqHw7il-942Lr3dWGNt9DIyG3Vn9hwqd6e4ji2jUid0s|https://lh3.googleusercontent.com/gps-cs-s/AG0ilSwMgV1Mg-MbCZsXayO-I2AG9usye6HKfED5s-Qay4NR5Pv3byDsbIFPjHdaH1TgLd1HtAiHCkXm87bWnnaMDjSdw5P0jYuKSDObmV46sLv6UGrCeTXeDNt8e_GTq_l4uLiBpDfp|https://lh3.googleusercontent.com/gps-cs-s/AG0ilSzpkbYp7xcRAhfxngBUP7gXj8nu3aqGE_IdXNclr4XDv6vLVWfcGK2cCVyjsU7hpYKIzX4wnd1K1eg0CaQI6ZP67mvbglCl6VGiNixdpoXQlfSfr49bmcqXQjvokmKmp3ZqK30m|https://lh3.googleusercontent.com/p/AF1QipP-yb45YJCJVNVklbVGcHR9F2svrABcV31dv7zi|https://lh3.googleusercontent.com/gps-cs-s/AG0ilSzZf1oLDgNQQBWi0zFxDPtGPT5YEF2Pp8SCYexfHVf-2wDn0TOAyLal6kRbQslgWevaZZnP69rCObaG3O9plSho4OU5k4l0QelriSSe8awh41syEfvuyozwOJIdD2jbjJ3o8V5Jbw,Salon khair,https://lh3.googleusercontent.com/p/AF1QipNt6L2XBQJgtf4S889XLuRE943kmQch5ZLsG1J4,N/A
N/A,"4,4","lot smara, immeuble 106 Av. Khadija Bent Khouailid, Témara 12040",N/A,https://lh3.googleusercontent.com/p/AF1QipM2EAVCS12zmrxps_-ImArhgcyXovS4LxXu2XgC|https://lh3.googleusercontent.com/p/AF1QipPqPHFyCsQW4vTyH9xvCGc_3Hr7K2OfXy7O4Akv|https://lh3.googleusercontent.com/p/AF1QipMieI3s_cPb5RjEDexpzC2fvtWmwDh6rVO-Y1st|https://lh3.googleusercontent.com/gps-cs-s/AG0ilSyKiY5jTsIjfEBgsR4kLR___W05MTsM2pGQmyqbQEssuOZSJuZ7h_FpH5T3z4EK91MI5dhTNI6kPTyWlzEUwW50A61NyxOqwa5KJZ-jyrSEi516RWwz70qsbsOJ_nQVKK3MYJ0Odw|https://lh3.googleusercontent.com/gps-cs-s/AG0ilSwjHT4hdK_EJcG8M6iaaO38q--hnv5ojfnz-UfcYkb9bnF_Y2CRU23KWr7VdVOk1CsstY2wUTYfBMC1Ko7CLn4f64FGLDoOoLtI_7qZu0ABERtfCpY16j8V_E-vnpY4ZB6IEqGgfg|https://lh3.googleusercontent.com/gps-cs-s/AG0ilSzs3K8P4BoDANZt3eobMUQfHXjXNMdpjbFm47jlmLWaNFt9ddwnpbSUx76COtYWBDaV2c0nDru2ft_fQWPgtBF6FDVD5I4gsrTl5yxnSY8WSWk-V8f6ZNiACDGgW5qkhOQ6XHUX6Q,Instant de plaisir spa 100% femme,https://lh3.googleusercontent.com/p/AF1QipM2EAVCS12zmrxps_-ImArhgcyXovS4LxXu2XgC,S'identifie comme géré par une femme
N/A,"5,0","Lot. Moha 12 Mansour Adahbi, Témara 12000",0662-598181,https://lh3.googleusercontent.com/gps-cs-s/AG0ilSyKiY5jTsIjfEBgsR4kLR___W05MTsM2pGQmyqbQEssuOZSJuZ7h_FpH5T3z4EK91MI5dhTNI6kPTyWlzEUwW50A61NyxOqwa5KJZ-jyrSEi516RWwz70qsbsOJ_nQVKK3MYJ0Odw,Salon Khatima,https://lh3.googleusercontent.com/gps-cs-s/AG0ilSyKiY5jTsIjfEBgsR4kLR___W05MTsM2pGQmyqbQEssuOZSJuZ7h_FpH5T3z4EK91MI5dhTNI6kPTyWlzEUwW50A61NyxOqwa5KJZ-jyrSEi516RWwz70qsbsOJ_nQVKK3MYJ0Odw,N/A
N/A,"3,7","Lot. al fadila, 30 oued eddahab, Témara 12000",0605-420539,https://lh3.googleusercontent.com/gps-cs-s/AG0ilSyhUmtELSBJ6bEk52otKA8T0TJiUYGg7xS2ila-_O9mYtGKEf5OetBdJpP_oK8Zx2x9K0DpFHy5T0pV2nh7o_DqR1IA4UxqVgNV3VfZdFzdLQTAo7tBOB3F5Gg4yxzJ-xDOH0Rf|https://lh3.googleusercontent.com/gps-cs-s/AG0ilSwv31i9JWRW90QC55X1odx_sPbeeltq0w_sT00eXUZEmnr7hRpq2PL6rncWAWO9SVIiOn2ToDOTOpmY_HI6lkkZ6kqgwlEeVCmY5jAoeyjKUS4cI2XLsziETzgiff9n5_q20Nw|https://lh3.googleusercontent.com/gps-cs-s/AG0ilSwuHGHhlSwTegWv_7d5KDgoA8EI3oB0z3QHrDNc7U_Lhh0edsS8GcjQIpfs5dwpmxs-5tAXurGh2YFB3D_mLAEHvq9iWNhJp1ZhdZ56DGUc7wSm9jBdRGbz-qFNLZC9wvcSce3IPQ|https://lh3.googleusercontent.com/gps-cs-s/AG0ilSw5nuHG-eljNY_i3eMZzYYfvh8h4XjiJ_0pfk1uW9LvwmBWvcMANgBEI3mjb0eD1I93L684p1L8bcV6kSlbsNj8QiSwx-koECPYUTpe4Cns5MSso_FK_cx-KGpTlV4VMDWAMGW8hQ|https://lh3.googleusercontent.com/gps-cs-s/AG0ilSytKaUWB1T0SCRhZCLmPnf85KDQHlAhp434w0UI-Ps1asK-tV5yQt9IX19UsznT9KSjJyNuu1BXEhMj837YcVU6M3wbVz7JVVMFGeBRBqEOYBDBs_INC_5UJOrG2u-Qhn3D9legUA|https://lh3.googleusercontent.com/gps-cs-s/AG0ilSypkco6joQnnE_3BpdOJjCq9z3W3CQ3gJhaayv5TCpKh_mnaX89CBZnJc8d0bhdNwUgrCnCF3AtD7d_zBZQKsLxpCvjOWEae7kz6o0TffvczNUW6goqhg1g8b0IYaA9Y5DYtYs|https://lh3.googleusercontent.com/p/AF1QipMKVW6JAr-zgvjgxh-LCbX_49uLYnNi3S-wwCLt,Marine beauty center,https://lh3.googleusercontent.com/gps-cs-s/AG0ilSyhUmtELSBJ6bEk52otKA8T0TJiUYGg7xS2ila-_O9mYtGKEf5OetBdJpP_oK8Zx2x9K0DpFHy5T0pV2nh7o_DqR1IA4UxqVgNV3VfZdFzdLQTAo7tBOB3F5Gg4yxzJ-xDOH0Rf,N/A
N/A,"5,0","255 Av. du Caire, Témara",0642-741683,https://lh3.googleusercontent.com/gps-cs-s/AG0ilSwe-ZTMhWtTQ2R7ark5xXOvu4x4J235shQ5OEqEJ5za2ep_C9HCGNjuSlx_rlZ-3Ifc3eBotF95uxpi4izIkV5R4CVxJ2oqB6RDaYnCCnVnhFS0vlfhzmKiLs8r-tVgjqRK3fY|https://lh3.googleusercontent.com/gps-cs-s/AG0ilSwW7kXPpX9cHOZWdD85zmhzlliePrQtK9tPGB74ED5y3Nk7OMjhLNhUkFD25eFbf4pSBrlFhBFtGRh2oHYtnWwuKAdtmfO34UxP1cnk-wf2C4UI2HjN4ou3YKfgsiyJdizwINuc9A,Salon de coiffure Seven star,https://lh3.googleusercontent.com/gps-cs-s/AG0ilSwe-ZTMhWtTQ2R7ark5xXOvu4x4J235shQ5OEqEJ5za2ep_C9HCGNjuSlx_rlZ-3Ifc3eBotF95uxpi4izIkV5R4CVxJ2oqB6RDaYnCCnVnhFS0vlfhzmKiLs8r-tVgjqRK3fY,N/A
https://www.instagram.com/comptoir_des_ongles_/,"4,1","wifak, Magasin N° 7 galerie mimosas residence machaa alah, Témara 12000",0530-179300,https://lh3.googleusercontent.com/p/AF1QipNLb0SwqMuBacRtfsIucWwzPD6tfYO_f2zfcQpe|https://lh3.googleusercontent.com/p/AF1QipPtADXCaiQfEBo-1rDHVvpWOKPaJnTIyBOdhgJl|https://lh3.googleusercontent.com/p/AF1QipM7rP4JVFSpWfHLeV-vmWzeP-JYjDWdHHqtIDyk|https://lh3.googleusercontent.com/p/AF1QipNuEhP0JX7-XzhZCSw-tsd3OID3ZCbRId_jbc90|https://lh3.googleusercontent.com/gps-cs-s/AG0ilSz8YNtwWo0LYwJpgNlHgldP-sgSfEDf8RScrK89pcAkHJFGr4xUwK2UVC3vfINQdcs9EDDDpcz5ovx5wTY8p7eraCkve_M5mWU5BwSEIK_AgBx0LdeJvU3V9adz0htBaFP-HgQD|https://lh3.googleusercontent.com/gps-cs-s/AG0ilSx6Z_wfVzKKg8FBpYtSpCfu4MPcZD10ekk1cc6oZndX6jGD4szfWJdXKaYkW0KUiURNRu8d9ov7xD0RP3Jee_ySkX9AgjOYi7bWN86FnX8sHJzkk8PXo-uFLv21KCl9hhKppB8|https://lh3.googleusercontent.com/p/AF1QipOLQNNRbK9Jm9WdrdGwaPWSMSCldfOOi8y2-uVs|https://lh3.googleusercontent.com/p/AF1QipMeb5vAWHAu5kyCpJ_Ac_S_YTCFAfqpYR8UaiC3,Comptoir des ongles,https://lh3.googleusercontent.com/p/AF1QipNLb0SwqMuBacRtfsIucWwzPD6tfYO_f2zfcQpe,N/A
N/A,"3,8","LOT 3342 SECTEUR 3 WIFAK،, Témara",05375-82237,https://lh3.googleusercontent.com/gps-cs-s/AG0ilSy72kdGwzHa1XldcBTlUsKxVvS0nKwyvB_1N7I286SJOevIE7NZE0wRSxhfNc6s-VaIWjcS4YHS-ZLPjPpcOQFjI2GU0_FRoC_qIj6zaAWwBgxMkHMPod8TXU6KvyEM5YS0S4wb|https://lh3.googleusercontent.com/gps-cs-s/AG0ilSzZtmRD14v9XBaZq8WqKY4cFXZd96VWJlsoruDarbqSEcExqmDV0Ei8j4rUeEd3qqka0czmr3kWlPQMEOm_SEHLdwEdcLflLQtcnyAenY8oRsZtn9qLSoYgezk_2CuFIj-u4_-8|https://lh3.googleusercontent.com/gps-cs-s/AG0ilSxw18KCJN6DqdsfMDP4--vierzdcQm1sNVc-pbp-Nn73rlreq-WcrncAhU4YslSUqXdiJCq-g_s62JqOjOZ2DzIlJZq0sodcpnwcBmk1WP78GhjBU8D1afBEQrUMM9dK9U5VrCqOw|https://lh3.googleusercontent.com/gps-cs-s/AG0ilSyDVewJzTxD6JF_f_rBaMomybAdDYye9OarsabhDW0Sv1VjwSoEuADHYh6nrydIqqSDKk_EaFDe5BpquSWGXUf7qiWsNb8f6ZOhJFsPzL1amYKsMhnN5l1XPIrl8fpxvdVKRZXE|https://lh3.googleusercontent.com/gps-cs-s/AG0ilSyYW8i6ykMrSx__e9qOCus_lJFEa6QzzwkrhiOrIW5eLtZODpQ3IZn7RVLJUBIkc77OJgh2huycCVTcdRBZM2V4nSMWE_IolPK5BDc8idoN4-G8MV5o13zJ9jA2llghF_4bu-pifA,relaxation house,https://lh3.googleusercontent.com/gps-cs-s/AG0ilSy72kdGwzHa1XldcBTlUsKxVvS0nKwyvB_1N7I286SJOevIE7NZE0wRSxhfNc6s-VaIWjcS4YHS-ZLPjPpcOQFjI2GU0_FRoC_qIj6zaAWwBgxMkHMPod8TXU6KvyEM5YS0S4wb,N/A
N/A,"4,9","Nr 153, Hicham Coiff Lot Oued Eddahab Hay El Ghazali, Témara 12000",N/A,https://lh3.googleusercontent.com/p/AF1QipP7BVDpdBfuMw1nA11qZpjog_4FvqktwqQdElwh|https://lh3.googleusercontent.com/gps-cs-s/AG0ilSzMqfL1AN8L1xkfdzxyvMPKwOPsVvTmTyrHgUbUwtbT6ztHZLnhBtXtGX_luruTUrCKKRgKWUGCtT9LWOlDRuh9OykziE-iNyY6o4qjmwBZjnHAlI3OoU8uZOGE3meFgf0wpG0g|https://lh3.googleusercontent.com/p/AF1QipOf-EZvTDxCaSfHWmzZSAjOpUyaWexPi2P6jNij|https://lh3.googleusercontent.com/p/AF1QipP_SgxXmxE4dy3cTFzSSeIRrmflhR21PwcKftc-|https://lh3.googleusercontent.com/p/AF1QipOIR8Eypx4u-jsXIoD1Emh53L65mfap-VY0uBtk|https://lh3.googleusercontent.com/p/AF1QipNQvVg0KvcB0eK8sqzdHZF4k4ePErBXNOfOceN5|https://lh3.googleusercontent.com/p/AF1QipN6w9thhT76MFTZ7RETg6DGtuifzy7FTBl_7dzT|https://lh3.googleusercontent.com/p/AF1QipO7PLJnqHSGuGUFfrGJw_185d4H2zET4cVWEYAj|https://lh3.googleusercontent.com/p/AF1QipPrFMN0gCzhh2UBeFeaPNQdhPQqPFtMLvHPkpyc|https://lh3.googleusercontent.com/p/AF1QipNTNGUF5ZaYNTZD9HCZ_unGVYs9u2BuDzx7itNx|https://lh3.googleusercontent.com/p/AF1QipOzVEfiyVLIYPZZWwMVHc4F-zmyCJrd76Lvw80t|https://lh3.googleusercontent.com/p/AF1QipOAn2NzuLnDOd3b0mupfgkbbI6uwskE-_AA72pM|https://lh3.googleusercontent.com/p/AF1QipPjItx1GCJTesMuoYfWS-qdcxYebP_3grxCuDDG|https://lh3.googleusercontent.com/gps-cs-s/AG0ilSxb-5-yvWcXHG-hYE74CgZ3tqmvR2jpwOgm_D-c_WZ_fikaK8rxGuzF7ml22ugmlKd3pgVg1z1s2smQmmsNZZazdryBRCUqP7Xpq4sqsQD4xuE5zvg6BEk0_j0hVJCniQBpvjM|https://lh3.googleusercontent.com/gps-cs-s/AG0ilSwtXVqpaAVcqSiulsHvClnq8zruaW9H9Gk-7BCyDuvWFJZE35mAkUOgdRD9G2bwQ7vfKOoxpqe1hrdbOHTmqPOz2psG2FczifX_1G1vnFTBm_mpFGQPSH6B7OebxiHCI-YP9MlZHA,Hicham coiff,https://lh3.googleusercontent.com/p/AF1QipP7BVDpdBfuMw1nA11qZpjog_4FvqktwqQdElwh,N/A
N/A,"5,0","W37J+F3P, Rue Azilal, Témara",N/A,https://lh3.googleusercontent.com/p/AF1QipM3F4pvpleZYiEGfzzs0LGTHjy8bJ82hDhvLr-I,Kaoutar Elegance,https://lh3.googleusercontent.com/p/AF1QipM3F4pvpleZYiEGfzzs0LGTHjy8bJ82hDhvLr-I,N/A
N/A,"4,3","mag 18, Res Naourasse al bahr, IMM E, Témara 12000",0661-314780,https://lh3.googleusercontent.com/gps-cs-s/AG0ilSwF7JPz9kvTF3np0qIO6wmnc0eJhIwnbWIXGZNCEFAbRl0MG6lS_Agp8r1cp59XAc7gnhCeGYCjOLPVIwYDy6HEPS7AZpV8M_twWriwuV6pIBgZpv9ptfZdD8jV2D852m0uyuloWUsRiLE|https://lh3.googleusercontent.com/gps-cs-s/AG0ilSzw19Da0Z_VQ0p8_Iu1diuJ9uLLCcD8Dzwe8eGc_r9G5PpDTy57bFOS3zKM8H28k7tXHwezcv4G9GdBA39_tysaCoXA9a2qdOgyt6AWZZrYJvpGmsT10xcRxy4RxiDajf9x4Yy1|https://lh3.googleusercontent.com/gps-cs-s/AG0ilSyTJXLuFxoNSecfuavF7AdIUuKA3zpgMp4m2wjR_0-UDq5f39VNm1UitQEtt_XvLojN7452m88fw10r7Q5oG9wpcV3sJDd6ZLdvWv9UCwf54CHqsB-SCEDxhvSN1twFulxxwmLURQ|https://lh3.googleusercontent.com/gps-cs-s/AG0ilSxCr_vYiXz18l1B420IIyHqUs3tnkrDh_kEg8A6G8ZE3Pm3BrMzRaZWxrOlJboA0J4mLLq2Q4kA7KCbzatvjY_0IPgJ3m3CM-Qni2K2uu-VL4xZOBYULF296qwXFsLP7u7ou5Oa|https://lh3.googleusercontent.com/gps-cs-s/AG0ilSx2_BKfrCpyjgH4ldzRCqlflhzZq0Al4cwO2HVk-uKEAJeGld8uPd53GfQGJG7SjmrUKtKu7dgsVX5J8y3U2iJDPQKHLfeiTbPYWy4-Lg7E-HE5DYISIa6wV5eoUjVka9CBbJUY-vEt0jJw|https://lh3.googleusercontent.com/gps-cs-s/AG0ilSzDYWfiRPNZkOaWv0il2pBYBCVxuFx3v3VpOrKQTna3f1WplYfghp-mpAwqtGW5TVwAGiGkuDzRN-iwKLNa6JM6wxgS_cd6Fz3HQw7LkljxT27kdfHCfT4pZn9oL9Eyj548AzQbjKzXm3xO|https://lh3.googleusercontent.com/gps-cs-s/AG0ilSzpuLgkeog8HMCiBl1rcDpFpEguyuw86PDWGe2J6C9R1mMnn-0JADZcrNwHCFXGNnlW0jh22RsgxF3p2pJjPXUhWda_C-x_ecpOKx_oxTUxh5n4MuwhOHin-jNyaEYBhgg1CfOa8bV9R0Eu|https://lh3.googleusercontent.com/gps-cs-s/AG0ilSx7qIVQGnlu9F8gnIR-1apnaajkjDAkPkf4vcVK1WWo3e1y8bKyftg6BO5r4UkrKZW6sgOb74dJtyq_9lFxbFZWUcUla5QdV0F__t_3mM04i6IA7T7kX-VX5P3nIUzjRGNdoO1_-VcB8qUi,FD Ajmal Institut de Beauté et Spa,https://lh3.googleusercontent.com/gps-cs-s/AG0ilSwF7JPz9kvTF3np0qIO6wmnc0eJhIwnbWIXGZNCEFAbRl0MG6lS_Agp8r1cp59XAc7gnhCeGYCjOLPVIwYDy6HEPS7AZpV8M_twWriwuV6pIBgZpv9ptfZdD8jV2D852m0uyuloWUsRiLE,N/A
https://instagram.com/ladiesspotbeautylounge?utm_medium=copy_link,"4,0","9 LOT NASR ALMOUSTAKBAL (RTE FOUARAT) T, Témara 470 MAG",0666-068326,https://lh3.googleusercontent.com/gps-cs-s/AG0ilSxPsUlOWvMz3bsJKBcdXVFFOWRBNowIOLARUL_Fbh5e724gtulJmU5En9h3rVITnTl7NpLqrdu1AhyJ4z9adE1kV7wwMv1wXNrffOU4eS6Gm7mJSC4sdQw3MQXzkDZe_LJzWJD_LyscRLZt|https://lh3.googleusercontent.com/p/AF1QipNIX2nGZpzpCpW3wYGyK1ClayH-enkwjPoKMb51|https://lh3.googleusercontent.com/p/AF1QipMpL8WI7vUWy8bMQliwZGiCt_IRSTAEF_Sc7Q0_|https://lh3.googleusercontent.com/p/AF1QipO_GhvnHCEZEHDpUVV0hFQ4KEJicHl9ozwplMs_|https://lh3.googleusercontent.com/p/AF1QipMd_ypwQm74oHcN48MMLNM6Z1AS2sqKIrSnixp0|https://lh3.googleusercontent.com/p/AF1QipPg59yGDTQzKUFBgJ4zh4Lmwbe4ZzW1320yS_6V|https://lh3.googleusercontent.com/p/AF1QipO-EFAKnJMQQ2FnHwBeuAyLD_XVENHattje6YVF|https://lh3.googleusercontent.com/p/AF1QipNMkHaULSy0WrASmwgdx_G9JdvuLJ15bIggriBq|https://lh3.googleusercontent.com/p/AF1QipOPmCT57xTY5kMddbG8bCcvWDCew7bb_LOQ-hgw|https://lh3.googleusercontent.com/p/AF1QipNunJfJlMW-fhibf9XN8KXphvZsAbPcHhLHl3XQ|https://lh3.googleusercontent.com/gps-cs-s/AG0ilSxr_TFHf6Kthr5INUglqMTyQWYWT-SjYjZL0P1tFu_3lYhNT64T1NGDFie88Cmg044nMUkTi6u4GsA27sHPUpEauAllGzX3uOt5rfKSuKBRCW04y6CQna4PiSARiQp7-_-QfQY9Sz3aV2Rs,Ladies Spot beauty lounge and spa,https://lh3.googleusercontent.com/gps-cs-s/AG0ilSxPsUlOWvMz3bsJKBcdXVFFOWRBNowIOLARUL_Fbh5e724gtulJmU5En9h3rVITnTl7NpLqrdu1AhyJ4z9adE1kV7wwMv1wXNrffOU4eS6Gm7mJSC4sdQw3MQXzkDZe_LJzWJD_LyscRLZt,N/A
