phone,title,location,website,description,images,rating,image
05376-46620,Body and Mind Spa,"Rue Rajaa, Témara",N/A,S'identifie comme géré par une femme,https://lh3.googleusercontent.com/p/AF1QipOJ7voTiAxO0uZ_hXeww6Ed4rVU7F8MFblu9DOT|https://lh3.googleusercontent.com/p/AF1QipMVsk3jJa6bnnnJYmJWIZa0-zVTn1VKn2Zu2ZAS|https://lh3.googleusercontent.com/gps-cs-s/AG0ilSxWBV1cvJpSiI-TLRGq8i1hyWlNpHgVeS-_2pT6sbjlC7E0SqDGiO3Tu6P3rsgFTNZ61DuxvfyUv6eSv5hqIg_UKvM_KGxlfPmaJPjodrbKKuwvJ5jBuYYm6wbcL3Wuom8Cv1Bu|https://lh3.googleusercontent.com/p/AF1QipPyBpp5SyS5MsQeWPCWwhGmP9Ctj807Rl2e-mHK|https://lh3.googleusercontent.com/p/AF1QipPZvDQh06vLSlwFlaNSpp8AaO3nqmqr9DbRrGhj|https://lh3.googleusercontent.com/gps-cs-s/AG0ilSzE8yi0VU0VELdoMempq-Z2UGBM7TGySHD8FyM1DaI0wKmpGPIIOUY1AcUW0UU474JGbcTqVHonlqCDzIdiNXeRbtWMXgmMCXw6RFI4JEm3dB8doFS6zYsmc2pc2LUOWzYDhiAr|https://lh3.googleusercontent.com/gps-cs-s/AG0ilSxYewUCqgWyU6Dz1jF_SW9gdq3hdW6LQpb88f9ClZ6Nc8GEdzLwLturjl1DwxLVz1GaR4DwE2jW61P2Rj0qHdGqMalonk3G5fymTOPquvDli4N-EUmKesSf-Pvo9ASKRTdnjdquFIZfpQKL|https://lh3.googleusercontent.com/p/AF1QipNeIVA8JXyPlyefJQZrQp8YRU0v4NElIXs7Adyn|https://lh3.googleusercontent.com/p/AF1QipN6IiLnL6tKxwyRDMKnN0LOD6QfwDBle-IKo-ZE|https://lh3.googleusercontent.com/p/AF1QipOyOOXtSaldCw-DH9cETdEjXnLrINnJZdIOUmCR,"4,4",https://lh3.googleusercontent.com/p/AF1QipOJ7voTiAxO0uZ_hXeww6Ed4rVU7F8MFblu9DOT
0530-757576,imperial-hammam-spa,"W3F7+2H6, bd al khansae imm californie, Témara 12040",https://www.instagram.com/imperial_hammam_spa/?utm_medium=copy_link,N/A,https://lh3.googleusercontent.com/gps-cs-s/AG0ilSzLBwDVYC1Vh_dN3OWwtdmrbEBl1L4vciG6vkxqUwfwoVkIAnIfVZbUqca8yqIs458n8RmvC1YkWGrP2a2zZ0PQ3KmKku5cj-RuxdhlkGInPMdDDQSUlsSTvYNslFKU2cC12h0x|https://lh3.googleusercontent.com/gps-cs-s/AG0ilSz__qNvhzQT5mDbua5NpSsh5nLI0ohkOiQMG-wodA0usJJ6VUVIsojG0N0M6I-0J3JDyyv-5SdFcV4WrK-7jabImaOzhNwWG8d4hCUFZc6ODX_BpijrHzKI2WOcqOTrIWv4TukjbQ|https://lh3.googleusercontent.com/gps-cs-s/AG0ilSxJCsusFeblq1M85WQd8q_xr_0n2VlAScmhnEq8menovZe51zTYXWAxmUgGO0-DTl2R1IbLhwY10SsPZpJagfCIrJO35X5H0hldUhOlSdISAYPQgp3xUS0yLyosZ8-ZA6noGy-Wdg|https://lh3.googleusercontent.com/gps-cs-s/AG0ilSyULxM8rRrA0pbPbDD1Vm4EpwShRdoerJhTG5roxEmh4-ipik6cl30ER_aCgQBtzDUAFp750d8RYgtY3wAXVCcQQMrm-XTPJT5BGaXsASgzvOIsaAFb70M1OkRszaIYqfXGjahHbQ|https://lh3.googleusercontent.com/gps-cs-s/AG0ilSxvXJLMYwd65qQL48i42v0XjDxjvC8-2Yl7rJg1_Fr7xpQ_0UweECo7rSK2aKMhZCl97Q2NoXhyO452V54NGueCDnSfSFgaFsR1obKhSHvAGkNLQjOdYMq8kboTrpNCg4QTbK8|https://lh3.googleusercontent.com/gps-cs-s/AG0ilSzwzxQu8TNhX7IRz6vosECwa2TvI1NkpXqsUJYAOTPpARAriNbFwGJeacnwUQmRIwgxP_7_RO0ujut6my7H-A08nfq3x9FsQngQINKJre-bV6r1AIV-f2VOTB6q9UvPOic0VFY4|https://lh3.googleusercontent.com/gps-cs-s/AG0ilSwZmBWd9HS21tyyNYvaTvuBWArIV02PdLTMK5Y-2s4SOxowwPSZP0T8BhG4JJr6lqXi8Lv67PnJOYD-J03fVw8QBO_8A_IhLw32EiGoMKNGJ9GjafEKuHCDo-9bUTXW-i5m7nSW|https://lh3.googleusercontent.com/gps-cs-s/AG0ilSwS8Oiq0OP5FD1Kyt8ljgllG2eRZnhwIQ9L_ZhlX77CEvbj-PQOPWdI7XkSblonP-3tuvYCbWg-3y7Sf05OXcZj70SaMjWeq7Yx4f9OQb4kUNX7Km0ConYvhXa7xfYaqpOrjAhsAw|https://lh3.googleusercontent.com/gps-cs-s/AG0ilSyy9WJEB6MUVp0zOKHq5Sh59dLp6vNvM_XXtnEFSWD9V-eusp3wue9hVxxFlqQ2z2R_mDjsA4F1dKZanD9WzgQ9Dt_wIMlDp7TQgTN_cwylxNzOc7-Qfwj3TFkj_34GH84s-C_L,"3,7",https://lh3.googleusercontent.com/gps-cs-s/AG0ilSzLBwDVYC1Vh_dN3OWwtdmrbEBl1L4vciG6vkxqUwfwoVkIAnIfVZbUqca8yqIs458n8RmvC1YkWGrP2a2zZ0PQ3KmKku5cj-RuxdhlkGInPMdDDQSUlsSTvYNslFKU2cC12h0x
05377-47927,LUXE SPA & WELLNESS,"numéro 1, Lot safae el hachmia n 2 magasin, Témara 12010",N/A,N/A,https://lh3.googleusercontent.com/p/AF1QipP850hnRgm7pj6PxK2jyN32H05UoS1Lsc0T5UtT|https://lh3.googleusercontent.com/gps-cs-s/AG0ilSzBodDG8RPzt2KIZjFrPxFX2PxQHaTSt1FFJ7w9DZkI6lRzuOwT5HzH7RiuQ2PxvoakRGGQLJPaagUVgRA_Dv8tg6xNNdC5uXL2wcRBHMhwN41Ozse9MTp5UupqIy02h-vRWgc|https://lh3.googleusercontent.com/p/AF1QipMSlGXH5vswJDnjqr3wujV-BV-IhBkelOIdeaa2|https://lh3.googleusercontent.com/p/AF1QipO0yGpPHr-NnaNJFaelTD9lvauY7g4Y-SCPSss3|https://lh3.googleusercontent.com/gps-cs-s/AG0ilSyhgYsH0h9L9L-ZWoyeK42gXUXhRbiUrfy8TrbMWlyBwAB_-10LVGACKPBZjjJusQt35gyERq-UaWoK4akdG_kFur80WXxA-M3UJ-1Aj6Urgz2WtxxC1fibEOOOftQbcmA1Leak|https://lh3.googleusercontent.com/p/AF1QipMm2MdZUd3XgzkR8nDLFBEzo1QBYIzmk2ptxcmQ|https://lh3.googleusercontent.com/p/AF1QipNq0af1UQQZ7FZYQkgopmw_KzBN5iTtEzbftewJ,"3,8",https://lh3.googleusercontent.com/p/AF1QipP850hnRgm7pj6PxK2jyN32H05UoS1Lsc0T5UtT
0641-532754,Maison Eve Spa,"W3GC+J3H wifak, Rue Rajaa, Témara",https://www.instagram.com/maison_eve_spa?igsh=NGNnZWNlb2pnd29u,N/A,https://lh3.googleusercontent.com/p/AF1QipNBHX50p25SdbI9q9E7PCn0Yw31a3iaeGhDHanA|https://lh3.googleusercontent.com/p/AF1QipNdyFoRPw3Jptm3qJbwdymzuDbo2B9jR52A4Obi|https://lh3.googleusercontent.com/p/AF1QipPsTFGcN2p40UqdMubaZVUGR4m-pFZDBz0l1wPy|https://lh3.googleusercontent.com/p/AF1QipMUuaNgZXlQXHWeNGy9EuCuJgWnQG-T5gxgjmai|https://lh3.googleusercontent.com/gps-cs-s/AG0ilSyZvehR5g8n8T_JvrUwSebzYDlbHx78n8Lzbi_nM7A_rgr_KCBKE33ei60wHF4-sF8SVD-xf0Xo7VPeCfwXt-2ZC7tPix0lLL-c46I-dxm46NEJaicdIqNeN4YlXNdXEwp_CTE|https://lh3.googleusercontent.com/gps-cs-s/AG0ilSxhL1wiLFpcRhMDuAhyiQJP4obzYQoqhQqReeg7yoW5mfkv4Lo595iXuUatV5dWnTqWQaphDCQtNy095YPZXUEL_cpf_kcQ8g4CSMt_8X-55nXgf9jQ7c3maG-iDEJ4LyxpeTOm|https://lh3.googleusercontent.com/gps-cs-s/AG0ilSzVz2XqCsGjRBhvDQnj4K69JdPopdiYm6im_FLZ3nMaymbnbqJdyG3bBtCcBtwqa40COan6pD9cWh3L9xsc5_ly6_5qY5mRGAdFYzy0sOjZFcmm0OYxDUe60tN_RNvC33hGfNMg|https://lh3.googleusercontent.com/p/AF1QipNYx1C2XOETSvb4EtwjbiirkP5ERvQP22wj29Fd|https://lh3.googleusercontent.com/p/AF1QipOj86YFYn0fUZgvSqWasDPTwxKkYsV7EWzQrVY1|https://lh3.googleusercontent.com/p/AF1QipOYDdcqxINpr2Ph37UlF0G4Z07bY18mj7H4XQQ4|https://lh3.googleusercontent.com/gps-cs-s/AG0ilSyw2hHApROkon62Ebo94jetDK46EAGEbncttiGRAcCsMEsSpXuA7isFvWAHQFmUGKtxS_RbD17l4y4IRC-EYiZtCPr0B75AoYbth9Y2WyZUDaxMshxRPVKT6L6GSex38_8QGpcH4hX7xFZY|https://lh3.googleusercontent.com/p/AF1QipMnRqW_-ODUO2XCnYKSlD4LhyZhTb3br-4CF1uk|https://lh3.googleusercontent.com/p/AF1QipOc8l9stB-oNxg_A2htr60CjIdYAaxyZtXDQOmi|https://lh3.googleusercontent.com/p/AF1QipNVmX0BTtQ_GWW4OfLN4zbrvNdcaJ-cN3M-200P,"4,7",https://lh3.googleusercontent.com/p/AF1QipNBHX50p25SdbI9q9E7PCn0Yw31a3iaeGhDHanA
0639-204014,Nil Spa,"W3P6+P66, R322, Témara",N/A,N/A,https://lh3.googleusercontent.com/gps-cs-s/AG0ilSy18z7xxGKSUlF9XN1XZsO8aAbxiAPqPd-Lm3zJIM0WJIyZu4_BM2PeZMOuQc-ri0QJkvfbFaq-K1ni48NSmk9H-XrcUPaWFunsG6VQb17WYxHs9NlMYrs0r0xZTU33HVGSBsXNTQ,N/A,https://lh3.googleusercontent.com/gps-cs-s/AG0ilSy18z7xxGKSUlF9XN1XZsO8aAbxiAPqPd-Lm3zJIM0WJIyZu4_BM2PeZMOuQc-ri0QJkvfbFaq-K1ni48NSmk9H-XrcUPaWFunsG6VQb17WYxHs9NlMYrs0r0xZTU33HVGSBsXNTQ
0762-626864,Lilian's Spa,"N, 1425 avenue abdelkrim, Témara 12040",N/A,S'identifie comme géré par une femme,https://lh3.googleusercontent.com/gps-cs-s/AG0ilSxWvEnDEGhJ7CcDlH4ssoftkiTdTDeoyUjRdYd1xQirND_-XLHbAY61S5vXl5oHqBnr_SzJokJia0oLSsTxAjvKJNsyi3pkiqNeDux79Lb4zM1i3ymQ31tTQuycbWSAgSfnZJqp|https://lh3.googleusercontent.com/gps-cs-s/AG0ilSw5TJIxxK3ByvSySB4XoirU9p_oGRtQa1mhJBuNP47A17VBiodSPSg2tMalErY4AyEZJvQ_IAkErqgDSt5CWGgaVunxrOoOcw93gHdlHy5JJ8JwjST-ZYadDF2IoOcmuJCdEjl7|https://lh3.googleusercontent.com/gps-cs-s/AG0ilSxV_7mjvB5gmS2Ez9p8UiI3w70k5Xzdy9WejHsZZSaFAddSOWW2dkxYqwLBR6vMKHxPIeWXhynn1YFfz9voTd9QtPff6B7-dpedKmgLute7kwwv0p1jS9TqvFc3NFHao052eHis_Q|https://lh3.googleusercontent.com/gps-cs-s/AG0ilSySSjYK71ueHJZ43bHP2AY0Fl254Elcd-7H8N4SX5UCA9DJG0AuQ3iuZb0mvyki9EarppCE_CszOsiqPxD435rmmY4BRAU478lxyY1KNfSTQwRmRoCFDE4LnXN9XHWd6KutPVgu|https://lh3.googleusercontent.com/gps-cs-s/AG0ilSwmZ8sHXIFF_0xulQ2XSHVuFFVU2bBtZx6ft3CI89aYQKUpqmNBX_ZEoSaXFPXms0lrO1Gven0Tqk0KAjpgXVzcEQgFcmqZdbbsG8hcFHOVBiAQBt--nJtUSZXf_ZkP-NkOZE17jA|https://lh3.googleusercontent.com/gps-cs-s/AG0ilSza38kycTY27YgFm-oBykaOrXrCk1B7M52C8o3lcdbCsbArLud-x9osVC92jMxyNlhjVKVp6fFYhBF0m5pAP1DTASRYGKBwuno7Igtvwv-pF5tvUAoWqBcVipupIRE5FHyDglw_CbSWqOYL,"4,2",https://lh3.googleusercontent.com/gps-cs-s/AG0ilSxWvEnDEGhJ7CcDlH4ssoftkiTdTDeoyUjRdYd1xQirND_-XLHbAY61S5vXl5oHqBnr_SzJokJia0oLSsTxAjvKJNsyi3pkiqNeDux79Lb4zM1i3ymQ31tTQuycbWSAgSfnZJqp
0530-433433,Le Castelo spa,"Wifak erak 1370, Bd Al Khansae, Témara 12010",N/A,N/A,https://lh3.googleusercontent.com/p/AF1QipMSReO0kLSW51dA4sea0NFXw3C0SP487w6vjr6c|https://lh3.googleusercontent.com/p/AF1QipMERNCQjiCTOr28bbb3koJPJjIWoqYot12dFvs9|https://lh3.googleusercontent.com/p/AF1QipPFuzAjpu_g_emeyqUt3cr5jfuxyITf_hVD7M8U|https://lh3.googleusercontent.com/p/AF1QipPjGFRO66SjQ-HiJY9F57A43XeSMuLu0X38tSmV|https://lh3.googleusercontent.com/gps-cs-s/AG0ilSxYLu1UoO2A4Hjk9-ta1NxBz_iECAmziZobSeyq9R_EgbjAN08oxn5oFZw09MWf3a7gygDXOmyRmiQlLlWyNOpxBaF3MV5rZ66ULbR73or4xxs-1hxNO_LbUibpzq2CYrY8i2ZM7Q|https://lh3.googleusercontent.com/p/AF1QipMAIslHj8T_R2DUIY6y8dUm70AEGk2EfOKx1YFN|https://lh3.googleusercontent.com/p/AF1QipMT4cTiXBze4bwFR9cmIADx45j055uPibWHT4kE|https://lh3.googleusercontent.com/p/AF1QipMFvvte9Lo24R_UMZ7BX3DV8U45qAU68-6_FbVT|https://lh3.googleusercontent.com/p/AF1QipMNRNsqjdWPDkBEvsbAzHWjtRh46E_Tbtly8w7o|https://lh3.googleusercontent.com/p/AF1QipMy_p2rj1oSCMzO7tBw2c5BzsqfWDvS3-haGS1V|https://lh3.googleusercontent.com/p/AF1QipNpISQaRmK8EZkwVzVIEDdLUnBJ006GuaGMNPLL|https://lh3.googleusercontent.com/p/AF1QipO9_XPHyvZ4luo_OqQdrAsNQm3K48Iy9yHB49jn|https://lh3.googleusercontent.com/p/AF1QipO3CabCXBd-XbPL9bp_ebc-_jMcZryUnjyOIxh1|https://lh3.googleusercontent.com/p/AF1QipPRCjqq2sBrTWWYVwGTs1cROpkLhY3OXeXzieLn|https://lh3.googleusercontent.com/p/AF1QipMlbkeoR_TgpSsb48DiLPqTPx5kAbOlnsR1r_X8|https://lh3.googleusercontent.com/p/AF1QipO9ZQq_R61KzcPP0r1JJQL2oXzmw0PIC66_TCcx,"4,0",https://lh3.googleusercontent.com/p/AF1QipMSReO0kLSW51dA4sea0NFXw3C0SP487w6vjr6c
05376-27220,"Le Jade Spa, Institut de Beauté","12040, Temara 12040",https://lejadespa.com/,S'identifie comme géré par une femme,https://lh3.googleusercontent.com/p/AF1QipPd6fRyE4P8L34qa3dFTgvxI34HqrJ2g0y20NHU|https://lh3.googleusercontent.com/p/AF1QipOLRHPwRIsrOddAXCXAPS5IjUrD2aE2eTgqm-oB|https://lh3.googleusercontent.com/p/AF1QipNa6RQ4oD5evn16fdgoKsaWaFY06QAf3oF2aLpY|https://lh3.googleusercontent.com/p/AF1QipN4U71tiiIgK4pzqAQCsjFPChmrtp4d1YCN90QP|https://lh3.googleusercontent.com/gps-cs-s/AG0ilSyoTG0qK_knP87cU9E3pZ4WjwtypR3ndi3biuAFH6Pkk8cDNtAU0R_8tuM3V_dxyq_pKqkiY9VQRf8Z7J71WFZzgMIe-RppkqkxljGgdodi2QVLY8REoIDp5f3XIEm7cFeAjO7R6Q|https://lh3.googleusercontent.com/gps-cs-s/AG0ilSxYKf0pDtYGOT5BbA7CtZqjmgNrJlqyJQ5OyymG7bXdEikpVd4IQbwEmX8sBptBnSKUcW1WYaoGOQ2U2h0IQQN9y1iaXf1jFetMK0cxmP4SpSh_0S7qXGzMJTHH17nUE--oIuW7|https://lh3.googleusercontent.com/gps-cs-s/AG0ilSz0mE6hEiE8X3EsGrcVuKnpoxc-6i-ltOoVMMAMCT67WCgIsbdY4Jor2oS8Ow7UqLnGaeO24qp_pppgr_0-OdBj2UTDt0Y0xO_3PPennDDr4ixnhYC53XUCGut6UnVoAYW223uFnw|https://lh3.googleusercontent.com/gps-cs-s/AG0ilSzg5OuTNqwGY9IbQ2CxmMa2kk5wFU8tiTGnKPnZLXFCdEFAaSJ7GfQqvzTgXIGE4Pr76gAWNkJ_Nd4seXblnh0iVF0pnQ8bqjQFhEexwe4HcPqOwm9K9aYruz16N5Y4sLi5syhi|https://lh3.googleusercontent.com/p/AF1QipM5R_-_30rC-z9VKS9b7_qMAltrb7MK5RI3tUhH|https://lh3.googleusercontent.com/gps-cs-s/AG0ilSy3jhWOTso-KrcLDxCuEVb-Vc5e4dbHM_b5qcXIeIjZS2jivn_tRkFAqAJnV4CBbsEX7UATDaDq0wEAGgpKKE1JlRsLo41b739XCUWZ2mLjA_HvpzZuImNIhHM0pf-diVbec_P1Ug|https://lh3.googleusercontent.com/p/AF1QipOTAflbP0r833GGlr85B7SGafyn79nxiKtwPO0r|https://lh3.googleusercontent.com/gps-cs-s/AG0ilSwnswmfS8WVsOIdX7XqUHArMEN-gV0VAX8OJMm5076qgDQa4gBwmrDY2lO4PFFna34aRTTWhLW2FD5rxilPHsDKo2ppIj2T2zybH7pKvYMr1zijVPSZkKSpP7OpnTW9OgRCxWBh|https://lh3.googleusercontent.com/gps-cs-s/AG0ilSyvsL8bYOvH0D-lh0KufyOAeQbLk4NlN0RZYUj5ovPnJRouRMPSQ5D-O1GDwx2M8KYbp1UzvUjbspXqE-szvoJfpgnb8qYtR2BOrlxI2f4rE7tCl2XL1eoZzMOIDE-Fj3NcXGvUJg|https://lh3.googleusercontent.com/gps-cs-s/AG0ilSy2SwrRHwGUe5Ujc-Hr7MFSUaj6-E2Z6Yte94_JBAts2acofu8s8oBOCyx_oFvu1XY_WkMI3bf5Sv-umSTBZWCy-sRBvgIBiV6WxAtt2adUpNGtE5Mn50a5enp7Wi7d36Fz01tm|https://lh3.googleusercontent.com/gps-cs-s/AG0ilSyBp_x0xweqMCH_Dp3u-sPcUi1oD5rNgfqvYX0ZXsx6ZCUPVS04GjlmPjMwzs7ee4iqQxi4MS95-6cnE5q_6lQJgzgLrmxXx7se67Td67_Jlwb1oxDnnGyIUyiPTkDbByjZYyFB|https://lh3.googleusercontent.com/gps-cs-s/AG0ilSwIgU9GNKoE8BlWv7oBa2HLXFsm9YI8g2s8il1Ln2LTuHibCPbYM8obDiCdvCAWMxCSG6d-hxZglU1C5QRCqywBdKmVZjDz20MZqO269oAu3IquWvcSnBnh-0M67iz1JcoEMg|https://lh3.googleusercontent.com/p/AF1QipNp9oyF65clmKDzzNP5jo88N-qYf9mSJMjVYEot|https://lh3.googleusercontent.com/p/AF1QipOK-9b4NEmBJ8Q9ZqIQwCYtCjdGBxoc7aKJbL_s|https://lh3.googleusercontent.com/gps-cs-s/AG0ilSx7AdZHYmsvf1loa2VgeOdxaFrc9vVnw3mlyJ0hON9pLdIyN72ZNwQbfzqoY1B6_boL-pCOKWnTC1RtIrpT_c91qX7R36RCBSsqBmkBbylNZoUaR-kjnN6AdWdX6VMqyn9jm2fh|https://lh3.googleusercontent.com/gps-cs-s/AG0ilSxM-i_yEeecHejRPctj0ABOzb2-ErG-ohNkHCKBui2a-gX0XWGivRNUt3wNdQZutoKx7LSbJ1biLOqnCnFfHREwIB474J5c5OsV1VtQNOww6odMX9KapSQ1f4OvA11ghqGYIbsi,"4,5",https://lh3.googleusercontent.com/p/AF1QipPd6fRyE4P8L34qa3dFTgvxI34HqrJ2g0y20NHU
0642-485758,DOLY SPA,"sable d'or, 12040 quartier tito en face de l'hôtel la Felouque Harhouha, 10 Rue, Témara",N/A,N/A,https://lh3.googleusercontent.com/gps-cs-s/AG0ilSzmJYB3bNhhmVvN8JaQ_qurxohbQg04JUILafr388TbgONUzveDsaw8Xg4qhRZIOUdzOcggH5Ka8hQiMfPQL4hqqZvDWpwwGNoCEsXLy21FvUYzsAe4gbkw0EV3xOwZ6O0GAp8cM73E4GA,"4,5",https://lh3.googleusercontent.com/gps-cs-s/AG0ilSzmJYB3bNhhmVvN8JaQ_qurxohbQg04JUILafr388TbgONUzveDsaw8Xg4qhRZIOUdzOcggH5Ka8hQiMfPQL4hqqZvDWpwwGNoCEsXLy21FvUYzsAe4gbkw0EV3xOwZ6O0GAp8cM73E4GA
05376-22269,Divine Wellness Beauté & Spa,"N°1, Av. Hassan I, Témara 12000",N/A,N/A,https://lh3.googleusercontent.com/p/AF1QipPVU0DyXUa253kf2_8VDAKbYyA3-os8HYxtHd1L|https://lh3.googleusercontent.com/p/AF1QipP4RfnyoEqI8BO7Yevwe3Zr1U6KiuTlfdSwOGxO|https://lh3.googleusercontent.com/gps-cs-s/AG0ilSwL6HKYZeMX9obfo4J4d5G4m85295PtR7H27kp7jHlToWqMqDMPVzZvYu_dWdWVbWUfINNxaQFCX_xVgnnRdPg8kaLYYjdWTD-b11Fg0PJoOjOlzRHq0EnG5eN-d4dfxK_x6_M66A|https://lh3.googleusercontent.com/p/AF1QipOlFxd-JBWHzsV-kjuC8XfhUHGnIcYGlcrlStNC|https://lh3.googleusercontent.com/gps-cs-s/AG0ilSxiqu881roYd_gEcB5psBWUojZDs-WTXI-TDSjXaBKyrFlsOjC-Q4_cNbZWRYOBPWNUkJTWUgVssh1dHo5jipvUFafWo8duubKZDFUIpDIlhuNN5YYw8v8bvOvxIsMi2l-TTspb0A|https://lh3.googleusercontent.com/p/AF1QipMmyLnLfTpZATlvMuvxXiaFoEdDt9h7tfelQGQb|https://lh3.googleusercontent.com/gps-cs-s/AG0ilSy58a7v83Zx3SKGqnR0_FxfKIUvJDyILk_xHSq3G0F7v7S-0iny-uJ2MPOuujx6CAr7iEkLl3g8xFJB444XSJLac_asC1D2-aeuCD9woCsoFpvN18KKwXZvWUbB9WeLDNCJ2SSsLQr7iRSn|https://lh3.googleusercontent.com/gps-cs-s/AG0ilSzQkT562dUJFP7PP8H7LTj62h-yEd4cHAOTPAUVpeakRUrm7dMAhcKM-ST18AVzm_xPyHMfopsFuBnux6ba669Rt-WavirG3yy6Hw3Gd10DjHd_MdPR-U554KFBG70IpQfhqNPm,"4,7",https://lh3.googleusercontent.com/p/AF1QipPVU0DyXUa253kf2_8VDAKbYyA3-os8HYxtHd1L
N/A,Massage Spa Rabat,"W3MR+FJ6, Avenida Moulay Ali Cherif, Temara 12000",N/A,N/A,,N/A,N/A
0666-439340,Salt Spa,"1350 residence kenza, Témara 12000",N/A,N/A,https://lh3.googleusercontent.com/p/AF1QipP2exd5q6gZNBcFz3med9qhi0tedabvGHXuQt0_|https://lh3.googleusercontent.com/p/AF1QipMmjFYDEL_Sj9KHdi3_AtU3966agqGVfQpGOkty|https://lh3.googleusercontent.com/p/AF1QipPiItrZV2uJ_dXitY35c1VCRE5nhdXyN1kAHl-q,"5,0",https://lh3.googleusercontent.com/p/AF1QipP2exd5q6gZNBcFz3med9qhi0tedabvGHXuQt0_
05376-16231,Hammam et Spa Jawhara - حمام جوهرة,N/A,https://www.temaracity.com/fr/listing/i-fitness-club/,N/A,https://lh3.googleusercontent.com/p/AF1QipMnGlergNGwXm_6fRHgm6-bFpV4ZlbVDDxC9KDd|https://lh3.googleusercontent.com/p/AF1QipNACW2_fzP61RdsXtrAx1YWANbqR3nhuOMcp266|https://lh3.googleusercontent.com/p/AF1QipMAhJhhM0ZHxirTg-cDe2rau7LQrQ-whf0FZf_5|https://lh3.googleusercontent.com/p/AF1QipPfb_jkYGKHw33shb3NY5d6JcI4lCs20_DWkCLl|https://lh3.googleusercontent.com/p/AF1QipNR0v8kFtNoD2B2pTExfKKjInzzAJGbwZvN_J05|https://lh3.googleusercontent.com/p/AF1QipPlEmhR7brl70owjVK87rO3Z9Cw-URT0Yrftpvk|https://lh3.googleusercontent.com/p/AF1QipNxsoHU76hUtPOR3Yxd0aO-c_8bZXgsinu4t1Uo|https://lh3.googleusercontent.com/gps-cs-s/AG0ilSwrZglmu-SC-coa7kbanRbq3RIo4SmGJkrs_hDjY8Ybtd2wgv2Upnfwd2DRSuwxqm1PZ6MKprzwUj14u1YxBad0tFwnitUIZFieLI5t96y6SvS7OPlY-bOom_NpVvmBJ6w4dGEg|https://lh3.googleusercontent.com/p/AF1QipOWX3kUpqTusezX8ghW6MhU5yWW4bxb_camuBWN|https://lh3.googleusercontent.com/p/AF1QipOnaOBruV9hH1UMFwuNaO6Lfd3DXlc0n8ztJWfs|https://lh3.googleusercontent.com/p/AF1QipNyzfNplmK6GHfoyXAGI3LjKobJtGnPM8-mQLSA|https://lh3.googleusercontent.com/p/AF1QipNCELUye9_FFbS0sKTHMrqAkfAIRfsTosu1dVhv|https://lh3.googleusercontent.com/p/AF1QipOYQ52Qd2rB4cov8GnnLLNlJS7YG7dlf1wR2f3P|https://lh3.googleusercontent.com/p/AF1QipOIfHTWTjx7RfMBx0N8RHfWtFdCNzAaU-voQzqH|https://lh3.googleusercontent.com/p/AF1QipNHhiJbQZR8aTT62y-rQ29b0Sguk1SV4f3YBbac|https://lh3.googleusercontent.com/p/AF1QipPI5U8wpztcruFqY6XZbGBLPuMVQQ6dIQWnd1S9|https://lh3.googleusercontent.com/p/AF1QipM55wUxKOvawaBKeFvPvM2R9QwE7tPlMDAz9w4q|https://lh3.googleusercontent.com/p/AF1QipPqLXvL2rsj0p-MKKETJfqDG2BsVbi-zsCmFeEk|https://lh3.googleusercontent.com/p/AF1QipO4qqH6YiWZpWe08dGAL86omxOpidsUrUxU1hig|https://lh3.googleusercontent.com/p/AF1QipPsUh89ZRJBEJ9ZrsJipl6_T-4b1nxcb0o1zqlB,"3,5",https://lh3.googleusercontent.com/p/AF1QipMnGlergNGwXm_6fRHgm6-bFpV4ZlbVDDxC9KDd
0676-300132,Sunset Hammam & Spa,"N, 11 lot Ben Moussa, Témara 12000",N/A,N/A,https://lh3.googleusercontent.com/p/AF1QipN0c8Fibp_L9Kx1Q8QgHj2TYOuhQk3ds_F6EhJ8|https://lh3.googleusercontent.com/p/AF1QipPb2JrRr3txXFYPD6shyKfuQuaXSBq0Zmy3zxPW|https://lh3.googleusercontent.com/p/AF1QipOSmdi8gA4Bf6gc_avKQWWnHQJ_oy7B2b9ThFom|https://lh3.googleusercontent.com/p/AF1QipOzdkmsaG00R3e9zD7S0hZEd30rYAB6XO4KROFS|https://lh3.googleusercontent.com/p/AF1QipNmi2LVjmaYsCloh6_WO8Hjo0A5zY3Za_NyDtAs|https://lh3.googleusercontent.com/p/AF1QipPQqsFe21J22rcDTRh2in5xksIpxKTj0Zt88xN0,"3,0",https://lh3.googleusercontent.com/p/AF1QipN0c8Fibp_L9Kx1Q8QgHj2TYOuhQk3ds_F6EhJ8
N/A,Instant de plaisir spa 100% femme,"lot smara, immeuble 106 Av. Khadija Bent Khouailid, Témara 12040",N/A,S'identifie comme géré par une femme,https://lh3.googleusercontent.com/p/AF1QipM2EAVCS12zmrxps_-ImArhgcyXovS4LxXu2XgC|https://lh3.googleusercontent.com/p/AF1QipPqPHFyCsQW4vTyH9xvCGc_3Hr7K2OfXy7O4Akv|https://lh3.googleusercontent.com/p/AF1QipMieI3s_cPb5RjEDexpzC2fvtWmwDh6rVO-Y1st|https://lh3.googleusercontent.com/gps-cs-s/AG0ilSyKiY5jTsIjfEBgsR4kLR___W05MTsM2pGQmyqbQEssuOZSJuZ7h_FpH5T3z4EK91MI5dhTNI6kPTyWlzEUwW50A61NyxOqwa5KJZ-jyrSEi516RWwz70qsbsOJ_nQVKK3MYJ0Odw|https://lh3.googleusercontent.com/gps-cs-s/AG0ilSwjHT4hdK_EJcG8M6iaaO38q--hnv5ojfnz-UfcYkb9bnF_Y2CRU23KWr7VdVOk1CsstY2wUTYfBMC1Ko7CLn4f64FGLDoOoLtI_7qZu0ABERtfCpY16j8V_E-vnpY4ZB6IEqGgfg|https://lh3.googleusercontent.com/gps-cs-s/AG0ilSzs3K8P4BoDANZt3eobMUQfHXjXNMdpjbFm47jlmLWaNFt9ddwnpbSUx76COtYWBDaV2c0nDru2ft_fQWPgtBF6FDVD5I4gsrTl5yxnSY8WSWk-V8f6ZNiACDGgW5qkhOQ6XHUX6Q,"4,4",https://lh3.googleusercontent.com/p/AF1QipM2EAVCS12zmrxps_-ImArhgcyXovS4LxXu2XgC
0660-858584,Malak Premium Spa,"133.RUE N°4،, Av. Allal Ben Abdellah, Temara 10200",N/A,N/A,https://lh3.googleusercontent.com/p/AF1QipNYR-sGZDGC1pazPh4u3H687befBczv3BdZVze_|https://lh3.googleusercontent.com/p/AF1QipO-IKMRWeQC3MoP03sG67hEyCbU_0IgnAECOexr|https://lh3.googleusercontent.com/p/AF1QipMZbK68M7Y35Gvpz7RzROVM-zVBKrIVMtV02uZ0|https://lh3.googleusercontent.com/gps-cs-s/AG0ilSxrPz_bieMv645uELytQZfqIJL7pmxWZGwT0goylDv4oa-eII_cLMzG7hNwO8Jba5_fFMyz95AbPdg4wTKJa1A98HepXoycyosZSlhNlABYH8KVtQ7fktQ_nL3PTSKm97JqRXk|https://lh3.googleusercontent.com/p/AF1QipM1pTBUToVcoeTgkk4mOnKnt8wY758OsxqYg5tp|https://lh3.googleusercontent.com/p/AF1QipMVXfhwrE2mUJl9JoapkSTWwqMOTCXqg1ZpUGum|https://lh3.googleusercontent.com/p/AF1QipNrzQIX-B9iVG2305qHWKLbIGbm8uhZJMcKeBX5|https://lh3.googleusercontent.com/p/AF1QipN1oskjsGGDeAIUdM_m0I7Y7uPeZiaJUoAkRHB9|https://lh3.googleusercontent.com/p/AF1QipMXDpW3-GNLQlZ_EYb0wBwhSqJ02jPufCksOuhE|https://lh3.googleusercontent.com/p/AF1QipMB8rve7I65_l0FA0SCdF2Yz-6SWNb44oxSnJU2|https://lh3.googleusercontent.com/p/AF1QipNCO1jNjEcfxY4r1s1bOKSzoKN1QhOUe9R0OwL7|https://lh3.googleusercontent.com/p/AF1QipN77MSUMLbIqxp-oLKSL4x7u1d4iSDrILiuObNo|https://lh3.googleusercontent.com/p/AF1QipMDac1WDQKwlF4Yw52PHmNejRjUHKB7SUNZyHPk|https://lh3.googleusercontent.com/p/AF1QipMeCiJ0jwgD_5JGG0hdYl5Eudnjo03SgPyHCAAW|https://lh3.googleusercontent.com/p/AF1QipNt-aUZnIrZLCXhuNSQtYh5RLENUAzfeZ0m7_oD|https://lh3.googleusercontent.com/p/AF1QipM28PKQxTosGXuEr_cneq5s1vkSA2thsT4mrkrG|https://lh3.googleusercontent.com/p/AF1QipOHEWw7PTVo9_fm-4HFPd9w1IQb_PfCYGMatQWJ|https://lh3.googleusercontent.com/p/AF1QipM0Qshr0iBJHE_jYvRE8iwlUCNsJvPpigUASAee|https://lh3.googleusercontent.com/p/AF1QipNwAxnFJXHPY5q1Q0sLB7CrXmSsqQGAzeuPu-38|https://lh3.googleusercontent.com/p/AF1QipMWOBegJtODhvlwTpR3XREHOHsr1QKUyz1SrBjP,"5,0",https://lh3.googleusercontent.com/p/AF1QipNYR-sGZDGC1pazPh4u3H687befBczv3BdZVze_
0700-877755,Mimi Spa,"IMM 815, MAG 2, Témara 10000",N/A,N/A,,N/A,N/A
0770-850468,Désirs D’orient,"678 metaa, Rue Ouled Aliyane, Rabat",N/A,N/A,https://lh3.googleusercontent.com/p/AF1QipPzn4WWUbQ5f5UAWq42PtGqn2ZpGR2CC1TcDThM|https://lh3.googleusercontent.com/gps-cs-s/AG0ilSxTUBykOlUUubcQoHmWURJduce7LDkl44zPSI6Zf0-roqrtIDGE7p_6vy0gGsq34iSzciU2U4xRSNYoBAm-s3VkFCKVnOMJNxxylPjQTYoZnq7TkeLmyEIimungsEez2kdXDNdCJg|https://lh3.googleusercontent.com/gps-cs-s/AG0ilSyTiAiqaG4t8LE2BNGivO1_lDbC0ECkv-6wP5_lZjckt211G07zhjxr5MJE7dKXYdn_0htF_Ff5mB5FXxLvwWjihjtN6irDOEPmJP18-25FClnQP9zFwfaijTNz4TOOEU7uKQI|https://lh3.googleusercontent.com/gps-cs-s/AG0ilSwIm2FUp7vvl6fzM189G2j6r4jqAyeyAr7thBO7FvLZyZRi-YRUeyc-rVeYCcJgEwCLNf18pIDmhAg77npOAna-DxLStGKIoYQx4LtYp3fyEoagOnnjacxuIGWCdAJJwzdBn0Etvw|https://lh3.googleusercontent.com/gps-cs-s/AG0ilSwZMKwwAH-tUsZVdtewfJvYvDe-hwKxtobxRcFsu9e3HxDEV_H5AiLqAJUK3W0_fGnM_dAEnryZGT3kVb003vEwH7p8Q04lj6zT8eHbGxO-211ACmTSxk68RyR2E4rfd19yWe4|https://lh3.googleusercontent.com/gps-cs-s/AG0ilSycTnHRM6JMGdSplug7IH2nwhmtseMKJ3VSlbMnSEBIDfeY3meheyDZBeFGFpTh5uyGK1ksp9NVU-Iaez3WHr1x0JB2UcT7qeZK7DRdbc5pTE8u1Ebz8M2MQSsq2kfgH2WjBSjeyA|https://lh3.googleusercontent.com/gps-cs-s/AG0ilSyWFCi280rkhKBT4jIEZeeRtslbWwCGnIFCCNbhOFpgU2_iSWP8qASn1gxKrgjYHn0KSWUU9PDK_Q-3t6wFBYBQXZeI3SubM-aPTo_TZsQ7SgX7d32xFnzVOkSt8qy6j5VHNQov|https://lh3.googleusercontent.com/gps-cs-s/AG0ilSyJ7PNDb3RQBSV_6N4_s9OHnx33CJoiMBqhzktjYIMnXfN-t1PaBrx0zpbEdguT9H3ag2055-JcEHwkwepKmINdSXmP49X50iXhSL44KYkCZJLYlmrURHInmqsBguad3qfub-xw|https://lh3.googleusercontent.com/gps-cs-s/AG0ilSzjg9Ej1DgbcVVZottH2rW9B-gG4nNON70wIJ0r0Jnho69P8gClDQIYvO9Kzr5IsLTdBYXL9Ao8KLBTzgfrxOgzyPZ2nrIPoIrJR8DiQSeK7AIFJ7DQIRD_lQC3S_4p3ZDZvNI|https://lh3.googleusercontent.com/gps-cs-s/AG0ilSx2gBGpUduLnXgMqPwbSbDWaBejjGQKqV8MdC3_KeajeWUkGZn3ZhYFvIiB5qZt9VWjimdJ-Zp9QGhENBFntyEjkOkyFR6MhJI9DjAPlMrOtNWO-Am3HZxslbgQ2JqCpDzD6Ydd|https://lh3.googleusercontent.com/gps-cs-s/AG0ilSxkD1qAhxbde0tZLRdnpAVzhEOAm6PP04wkcQfbMITqnueXM4osztzeBUDKvVmkvuFOCe3r1h8KVTABbzB2Hqh8dHZqzfO4-MfesoaVlOrHx2RUNkYe0Y-SeRt0k3dVSzOCQHLc|https://lh3.googleusercontent.com/gps-cs-s/AG0ilSz1_-KAjdGuQXnLVheKSV0N8JZW548ZhAZ9WeDg_0wYfI3-_oTRZG562qQk83Rns2y-04Yp06gPgxLVVJ0aoHG9JJfqVP8yj2lI2RXGroSEK_7uiz1tezTi3WNhOkxOWwrGAytlAw|https://lh3.googleusercontent.com/gps-cs-s/AG0ilSxT7TBJ5UN7UNx2ZX49e2sckW3rQukU-7lcn_eFAg3Cy_EiTCv-gD6LGcGVmDItvPRBN7E6dehaoCRG4PtP_uxSlfDVh0ry10_mZBSiOHuES8jjdRdcsnGApUGVhSE-9IjJxn1hAg|https://lh3.googleusercontent.com/gps-cs-s/AG0ilSwE6fLfStbqP2SwXC9SjzPv67Aq3CeURcer4sry-DggEx4lJkepC0T78OYVmdDyr3UsjeVafYekQP2wql_zNuFKx0Q6_B7xlHx7U2zF7u1F0UkJSsgg-60UZRw3rTjdt4c3zXkrLA|https://lh3.googleusercontent.com/gps-cs-s/AG0ilSzsNy3pNkKahtnxx0oFDVa9R1UMbeHl25c4EYJgG_KkX5caYaqBeMFUpVafqRpfDz9Gh_AY2SGm1UJOs-EbARSMqAHlro9y6PJ80k26DZypqzbpjdrDk7dYl-jqpFvjkdNlyHKa-5-lrELj|https://lh3.googleusercontent.com/gps-cs-s/AG0ilSwDSz9XQQU_2PHJtf4zVyY5uTyW-Ec_1PX1Vb5GPcIwZCAh2EqV-_xQmvLx9HiF8CxL_jww7Q8mjQnxkluefGv4tsTnZ3JchQhL9J84cc7A859Q7Kj4ERkvDu88Bp2YON6-AZJ6_QkR5zgZ|https://lh3.googleusercontent.com/gps-cs-s/AG0ilSy0N5q_QerKkKRRTJISgsVPx_vGv8WhNTWy49rHBGwe8K_lsHD5_by0b-snlZcmpC99_ZmY2JBcuWMLkQqjOO2bv1rSV9PoW3rOxNbIjNgcXElXWctfWtJp44qiEjOFqzWQweTO|https://lh3.googleusercontent.com/gps-cs-s/AG0ilSyeKDp_Vl1iLKFuYEMzrFn6UQbUILrpqx1RZxztdVI-nxNM1VVN7_muOlKT793d8s1_pAlyS7eZHIoW-sIXF-gUyvx5YnEG-jXOQSEwMnirAB7Kqx0W4qiqdioTdFOpcPKq2Sau7PVBMYw|https://lh3.googleusercontent.com/gps-cs-s/AG0ilSzVb2mcxyibZIGAfDj9RsRE5bU4Zu4IY-YiCceGkEy1eBkIz05YNxCRBPTeVUkqM6PV2EfJUZIjfDa4Js6uPz6o78BCjql0QtvzNgQ8w_PzFEKT221WFHMPtClYsqg0pnDAIkJr|https://lh3.googleusercontent.com/gps-cs-s/AG0ilSwH8QZ66Cd8SoOdBkgqbaDm4H1bU89ejcSoZUiGcbrMU8n98z4M13ISOpdhx49I05FN865yyJHeyleaL9iADX3Q7KnzYVL-TOrWqx34TXyHsfMZExKFbh3xl_tRmTBYzYhNRvwL,"4,5",https://lh3.googleusercontent.com/p/AF1QipPzn4WWUbQ5f5UAWq42PtGqn2ZpGR2CC1TcDThM
05376-17282,spa marjane,"Avenue Mustapha Essayeb Villa 36 À côté de club yasmine Guyville Harhoura, Temara 12040",N/A,N/A,https://lh3.googleusercontent.com/gps-cs-s/AG0ilSyJHTb5AEzNJ6cRuw44HVDXECbeX0qRbUUFOubZR3Dsm0lM8MJIBv_O7vY7vba_YYyjZJisJ4l2ScXKU7oJWwypbtzFyHB2FFuBj3NpRFrK9zZdtf5lBtZndr3mJo4owGNoRfzjEA|https://lh3.googleusercontent.com/gps-cs-s/AG0ilSxSyCjRTaviikRVKRdk6oube6eww4Rl3QvX_pjlxHDWZJ-SutGSCr9VAFJGpgNzUjB1UNrmfBstC1UYy6Q5lHm3WGdnBuHRLA0t6Z1R0p63D6Rh3WUnB6Pd88WFvd7rxFE_TPTw|https://lh3.googleusercontent.com/gps-cs-s/AG0ilSyL0RCJyQV7gfCIr_4fyxuBm-2k5S75-1MWzjIoRpfzRerfGidK5AlLSFEoTiJVd9M5O-du3VGXQx-Y_2-brIa7b4UAZspJ9XW86MG92_0rpFBHP0_g7Auih2kpu4fiSgSQ986Ncw|https://lh3.googleusercontent.com/gps-cs-s/AG0ilSxKAPuFHYAxgBZOsuqh9Em7r72MHksxtIl51t6unRTJqkbDylcWWJXxzC8BBW2_d_jS_JCP_f2OqZ-YFXpcnFtIgmSk3Q02Ze_1Y3vK298bX74aYVGogyIArg_E4lupJD1Rz10ioA|https://lh3.googleusercontent.com/gps-cs-s/AG0ilSxaLjkhLt0q3M_ZmjAwuw8sxC8loXVhDTNWc9KY1b5Sjlxee5jlbz8YJHi9Ons0l969868uZhto41J57A3keniLmRG_3j_pafI55oQi_fO1OH3elgTC3onivW3ItGz58uXyckg|https://lh3.googleusercontent.com/gps-cs-s/AG0ilSzp6ZHXX-LCi4nMRJPUpcgoHz9_BCCqYsvMMT5DHIRtdyizB6Jtc-jyi_6XYHTWuXmSeNFTVIcsJ5pA4KvFtwBKSca0aT-_p3FukZmEvPAHFiMz74yOMteEjkp51HRqvPq72YmA,"2,7",https://lh3.googleusercontent.com/gps-cs-s/AG0ilSyJHTb5AEzNJ6cRuw44HVDXECbeX0qRbUUFOubZR3Dsm0lM8MJIBv_O7vY7vba_YYyjZJisJ4l2ScXKU7oJWwypbtzFyHB2FFuBj3NpRFrK9zZdtf5lBtZndr3mJo4owGNoRfzjEA
N/A,moutaa spa,"W3M5+CRW Centre commercial laayoune, N8, Temara",N/A,N/A,,"5,0",N/A
05374-04452,HADIL SPA,"129 Lotissement SMARA Imm: N° 1 Hay IBN ROCHD - Wifak, Témara 12000",N/A,N/A,https://lh3.googleusercontent.com/p/AF1QipPJq6Hc501k8v22WKaFkUgLwCdgWYF4asu8ABJy,"5,0",https://lh3.googleusercontent.com/p/AF1QipPJq6Hc501k8v22WKaFkUgLwCdgWYF4asu8ABJy
0662-131717,ALMA BEAUTY LAB & MORE,"WIFAQ-TEMARA, Bd Al Forkane, Témara 12000",N/A,N/A,https://lh3.googleusercontent.com/p/AF1QipNRhMeGBkwgkE5qku5BoLohsNtkujN9k5Pqeuoz|https://lh3.googleusercontent.com/p/AF1QipNKdUbp-RauAmb0hW4708jslALH6AekfAD4rSMo|https://lh3.googleusercontent.com/p/AF1QipMkYlqklgzVCsT4TowT7Z7QlkceL9cIAAX-Tty7|https://lh3.googleusercontent.com/p/AF1QipN2yfoBqKtC-jR_S0FrwNKJohFkZMT02gN9j_r_|https://lh3.googleusercontent.com/p/AF1QipOZlW7eNBmHQBmQ0MP2OuLzXAda_eXRZPvzWj_D|https://lh3.googleusercontent.com/p/AF1QipORukIFIfOp1rXv-JRLM6uKF3hEZ6uDqYHxMOAd|https://lh3.googleusercontent.com/p/AF1QipM8LsCzjXRl7t_MXnuDknCzvnL9jHqql4cNOWB2|https://lh3.googleusercontent.com/p/AF1QipOGMepmTxEUKXmcIZ5ntZQ9UyBMBUJsNxo8nGxU,"5,0",https://lh3.googleusercontent.com/p/AF1QipNRhMeGBkwgkE5qku5BoLohsNtkujN9k5Pqeuoz
0661-212439,Spa end,"W3F9+99M, Bd Dr Abdelkrim Al Khateb, Témara",N/A,Situé dans : Résidence Azzaitoune 3,https://lh3.googleusercontent.com/gps-cs-s/AG0ilSy9MMC5djv0pjc8IonUb2Us9oZe7ZOhi4qXjAnNroVNGi87vhPjDOEwZTIgpBJyb7EiFYlCV4m-7P2IBT0YU2X5WlcJAiXdc3y3CAZJUnkk4TULrENxByF1lCY9zNnIOOqxPco|https://lh3.googleusercontent.com/gps-cs-s/AG0ilSy_AcE-BZKF7pUoCWcrgUgwGlotLhCEZHcetc02QQ-0W-ykKcEtZnQc5PLL_g82KQYrYBr_Jov081v2I8xdu_PqsEQnLNsmINEqS2CZbiRyzb3FWyeY1vxI84hX_jaf_T1RrkvE|https://lh3.googleusercontent.com/gps-cs-s/AG0ilSyVTiZ2SKwqWZrsrzBJoMqZorY-Upzyf2JoZz23ICdAFdHGoA7uImhMuznmFGZQ0qu265fSbbgMEWP4wwyaKbCmS1Fbuw2_PMjWSwqb6paWcvl_IvvS4fuuLVoy2HpCUPD08__y|https://lh3.googleusercontent.com/gps-cs-s/AG0ilSzozSHZE8FdNPzHqExrpqZ2LY9A3AGgz6NiZivzy6QwRruFdt7wTQUHsJUrrr0FX6ojLGdDJG-1Mke3qbntdlwpny3pfLGHJctfTQAmS95cszKdUOYNMCkSB_ggq-m97VxlyDtv|https://lh3.googleusercontent.com/gps-cs-s/AG0ilSz_xQiFFA7lYnTmmZ-yJO4EaLqCh2XYT8UkeAEzsvGpqnWMohpwkZREuhgK_DFBXaCQKXvu0TcolTU-ibj5PCTCIYKtLxSABBMTlARqECAPiGBkYLRBALGgvG9IHiZtbTaD1LJMkA,"4,3",https://lh3.googleusercontent.com/gps-cs-s/AG0ilSy9MMC5djv0pjc8IonUb2Us9oZe7ZOhi4qXjAnNroVNGi87vhPjDOEwZTIgpBJyb7EiFYlCV4m-7P2IBT0YU2X5WlcJAiXdc3y3CAZJUnkk4TULrENxByF1lCY9zNnIOOqxPco
0673-992302,Maison S (Beauté & Spa),"n 2, Lot 448, Témara",N/A,S'identifie comme géré par une femme,https://lh3.googleusercontent.com/p/AF1QipPzT6O2L1ALd8jRDViCT3pRKWKKwu1iKprIolRf|https://lh3.googleusercontent.com/p/AF1QipN1hR8eARzHlzXCrh-bvoIGgnn53QZnGQgxjL2c|https://lh3.googleusercontent.com/gps-cs-s/AG0ilSwCKXuK6_asReIV6PVm0j5fljSwRwM-cGjvTjaaX00k6rNCrNmjWaIqUhHUUAtQonnUPnRc2nf_TeGMfdv2OBcVDdp6zv28CIIDsHkZIwHGU_8vDj8m__jna_YUs6c4RDHkWv6d|https://lh3.googleusercontent.com/p/AF1QipOaaPr0MA9M5Gj1faF6VxVthyo_fnc_WnaKMwJN|https://lh3.googleusercontent.com/p/AF1QipPTWRP7rtwiHRMRk4h--oKFgJ-qCFyoaypcMEai|https://lh3.googleusercontent.com/p/AF1QipMgH9PI0HtAIFtZhxlv3MkQuR9Q3885O0FGR8jB|https://lh3.googleusercontent.com/gps-cs-s/AG0ilSyUfWXx1Z06V8wLCrvUwVEqJ_MFmecF__SV8vb98QO-yqvvzM3aSYvrZjpRhtX1z1vx1s-m06oksjYIws2D7P5eha8X397n8JCgx1ZBexBh794Xilxoq065dBXDrYkZLlM6ub_k|https://lh3.googleusercontent.com/gps-cs-s/AG0ilSzVYuVRPVEIZQWgXGHt8FDzESzMgeqDfYtJksy32P2d4Crj53GCcsCfn8Y9gErORMawBs0Udm5i7MI3ls5CTuzqd_lveUzVDjyaxSRjB2lghzksGHZKVPpaxarP4oPBqq5bW9iUsA|https://lh3.googleusercontent.com/p/AF1QipMWPiNDoXIAbSDQjs_EYQAkoZQ_JYqAQfvn966j|https://lh3.googleusercontent.com/p/AF1QipOdtWYbhFw63kLU_JLjqtCeUbFhHPHmJ5M5rdZX|https://lh3.googleusercontent.com/p/AF1QipMK0h3QGswc5PIG38N76pspgUd_2KhYZ52Fh4cE|https://lh3.googleusercontent.com/gps-cs-s/AG0ilSwCWI0WDHU4PmdrMsZqx20zC_c5zhPzW5Marg6nhLcQgO3y4wFU6iOuxYpPRojneGOMxJjQHzGKAi52jPoSCGnoFwKDSbJ5AtUxYhdpDUdeKMtV_D4V3i_IxMO2qXxgpidYw8Rl|https://lh3.googleusercontent.com/gps-cs-s/AG0ilSzdDOTm17kndeaPOF4bfUSnvRqGjcrN_MPKLjhDhBhUdxpKr4hBVQrxpdIoSUdrvcrL2Q4g5u6oM3GQy5cpyS4zfFXst0zO2i__YD47spnXo7jkPa3_WBf9bPyBFUVCdLwEIi2Y|https://lh3.googleusercontent.com/p/AF1QipOvItnOcEe1zlMHY1WbAKp7AqfDRClrCI-PxOrU|https://lh3.googleusercontent.com/p/AF1QipMCVQNTcusp2hqn9OuGj754hgrhJ5Bf1lmuESCe|https://lh3.googleusercontent.com/gps-cs-s/AG0ilSz_23WRsM9iMONo2EJGItPpzx8IyZn3cjhu9-ZrpvFY6XCEy65FuH3RZrVfAZtsHLKL5HpXUrCJhfL1eEWuCjiCbOj_Bn1H80n3u5YR0Yj5twJ3jo2bNSJrBmr0fgyLCkSYHBDx8Q|https://lh3.googleusercontent.com/p/AF1QipPS-88cCqYwSsS8muqo8Fl6QnFasth49NYztk6I|https://lh3.googleusercontent.com/gps-cs-s/AG0ilSxFKMxI2NamyxDIZyjZdn520Gi9KCrbHFpka_tQUzDYvrUBTuUIJTkzXz9msJ7lP1hVgLjbYehPOU1G9a1dPweuPyF073k4oz3rmSsTpUbTEtJ3C5NrAgbAy_bYiYzmFk6lGiY2|https://lh3.googleusercontent.com/p/AF1QipNj8arOYujBMvuHizvYLdES7sTBxe9_Nd5DuuGB|https://lh3.googleusercontent.com/gps-cs-s/AG0ilSy2yAYzXlPgqpIbrNlSazqnJIPzrSJG9xN1wP4YjYbzihCnSw4nGOIfZ3XaBVk2IMEDFZrdvIdc0SW-Ey7LFAXKzh9hzSoCIInUH3c2miMKuYFBuLPXTzFnGb3hzqrhCjtq2-Ft,"4,3",https://lh3.googleusercontent.com/p/AF1QipPzT6O2L1ALd8jRDViCT3pRKWKKwu1iKprIolRf
0670-044222,Joudy Beauty Spa Harhoura,"NUMERO 4, RESIDENCE RIAD ALBAHR, Témara 12040",https://joudybeautyspa.com/,S'identifie comme géré par une femme,,N/A,N/A
05376-45859,Al Andaloussayat,"W3PH+VP9, Témara",N/A,N/A,https://lh3.googleusercontent.com/gps-cs-s/AG0ilSxw-vKkY42CORDCt3PFotcLWT5-U0_o9vllq_PvzdGeucennDoEYzOkEyrQHBmw4cBIYfkH0ctCcuNayFNpv304h_7PH_yw4j30iZ1XgDdRXeI6ss_7wMCpldJQH2oXECRaEMWo2g,N/A,https://lh3.googleusercontent.com/gps-cs-s/AG0ilSxw-vKkY42CORDCt3PFotcLWT5-U0_o9vllq_PvzdGeucennDoEYzOkEyrQHBmw4cBIYfkH0ctCcuNayFNpv304h_7PH_yw4j30iZ1XgDdRXeI6ss_7wMCpldJQH2oXECRaEMWo2g
0667-216694,Glambar SPA,"W3H9+82X, Bd Amina Bint Wahb, Témara",N/A,N/A,https://lh3.googleusercontent.com/gps-cs-s/AG0ilSzQrAJAwRpU9F4kZfhekzcDCsreOVUlG4epTudwDXpM9krnzgJj4x2JMX60cMeXu1X-3flztnjq4LN_P1xJ6yF4vpnY1jAf75ZjO2B_ih8Cne9Vr05Ok0FxinhfZKgVMOrgwTOF5w|https://lh3.googleusercontent.com/gps-cs-s/AG0ilSyTKmJgMy5wKwTnL3LsH-sfBr7BeyVkNfKNcrAhXeZ5EiiFloVzBYRx0POcQYjwwB0HuK-4wCDXB_9ryGpMaV_JaJ3saagF4UsXEWFUGhQsAQnUNql30FFIFvLgbvRGPo3roactFg|https://lh3.googleusercontent.com/gps-cs-s/AG0ilSwa8USZvhI-dWf4ys55dEv6Yy61x7KD3MwZITg5D8-OmWYMaXRSJpb19ZeH_anTFvwkwTqBDe_UYD8WyXl8d5AMQBb8QP88ontBSp_9AsrINplzQJ83BvNSQ85sLfDSzTt1qnO9|https://lh3.googleusercontent.com/gps-cs-s/AG0ilSzJ6uZCvXlXJWO5NPhwP9ns40gdGPSy6_MLfX3YJDHBYydg5y19deOaAU0E00c5DhVWUsS9vAIGgKMcHGk7DZjbt1ALHkf_K4rX4R6PMezRV3t7YmrtJeer8RPlB0z4qGhq8Ufr|https://lh3.googleusercontent.com/gps-cs-s/AG0ilSzatLtdMz8f041D_gKtwZMxm-XeqW4ElrZkx0_Bp3ugeK5LUehdoJCEjAKHEM6I9VeFF5lkJYR2A2T1d3cIMI60cBREAGhTFM7LMorOK2zBDwxGHU7AWYAu4oHfyvqTlMAJd--A|https://lh3.googleusercontent.com/gps-cs-s/AG0ilSz8_N112VPiWLb6Xa29gJTKGXIS00twCiA9QqzVE5CS5KmNezbqnuZmVwnDebBNenHBdLNuAtUMOkyuNwBvabXm8nfjiEvLxhVfrfb5tJGAAQDlpYTZayfum4IyUUQ6d8UR9e8cUw|https://lh3.googleusercontent.com/gps-cs-s/AG0ilSwQoipkHmFkKnHDVxmMoopqDnVcpfuHSnaYb0Kz5oxHIGw99AEc_tHYXKFQ_6xDap1sOc9BibmcvO6IsJqH5iPWXzpIM3F-ur7xfJKRQ-uvEAzhk3Hbm2nE4noBF0V1TvUspzcdKQ|https://lh3.googleusercontent.com/gps-cs-s/AG0ilSwYtDuwpo3ah0FpOFq0JL9RNi_wWSR7zcK9XAil6ynXGyB095HATGL6pXbXaKVO81CoLeRLjAWkTwcccZyUPOp9BS9vXdG3sQz_Fwop__1IVJT4WzqD1pLBAtxD9R9OuZJDUIeV|https://lh3.googleusercontent.com/gps-cs-s/AG0ilSwdev-XQSaCpoWaZRZONNMTx931sp0lfmFcM1acHFcIxKvz6naicSLuNPtgPYRmzxiIPGa3-itf52uwNvcvqptklBs7OQrJA4oozJhH2MlKm3sgHmm-jJnNutHk3POoBIDfIKQa|https://lh3.googleusercontent.com/gps-cs-s/AG0ilSxrA9xU_U6qgiTGC0BPE8_WKILBfrYrLeatoBxn4oKx6M0WZVU2NtCcjqIeKSgKj2VX2uaOHNpvwsXVt6Y1hwR7ISapStyPtCmzXMIqddcos3s3YvYXCVeD4diki3iDi6PztjJa|https://lh3.googleusercontent.com/gps-cs-s/AG0ilSzH3SId-A3KGN0Q7YakONQQfH0fDF_ClmndgIPyqUrcu7WF2hw08_lT1YSvuw-38v7unanUAiqm0oBB_0aZtHgJtYWg1e5G1tp8FHnR-Whs5u_pMTJ7v9lFyrIv3SgBTYai8J5M|https://lh3.googleusercontent.com/gps-cs-s/AG0ilSzOvNiweGjaXYftb2PT_QdAT4HBbECpJVj4KYKsK3sAzLXOO3mXEf761wrivsaIf4PCUdgOngVWWaZDmcqsvsmn-cCNWC3rC4oHzUCK09UYl3SNK7NNYfV_-zEsldBYWgyxPIQ|https://lh3.googleusercontent.com/gps-cs-s/AG0ilSyuzwGEFc8wynQcU185Zcy_IEzfasnMjGGm7U-SONa_gLlgr_h5kKD50VWOLBiQZJ0RJmj3fPkBW-bXtQofuM7AC2n1R2_hyhHLtzt9_9v2MqZYNXjS9YxJA8j889NgAQjZ0MIX|https://lh3.googleusercontent.com/gps-cs-s/AG0ilSwibubzME5E2rAypokMZzBrTMrq86ohqCaKhuBAVpfJGO6HagZi6WjW-vBcM1wxnx6-TwAWsKUCQgSy6CyqZKUUfMvOJZf-MNuBfiVy2ZM5CrpbVv1LJCfjI130fGNDt9DBDinmdw,"4,9",https://lh3.googleusercontent.com/gps-cs-s/AG0ilSzQrAJAwRpU9F4kZfhekzcDCsreOVUlG4epTudwDXpM9krnzgJj4x2JMX60cMeXu1X-3flztnjq4LN_P1xJ6yF4vpnY1jAf75ZjO2B_ih8Cne9Vr05Ok0FxinhfZKgVMOrgwTOF5w
0662-342535,Hind spa 100% femmes,"453 Rue Arfoud, Temara 12000",N/A,S'identifie comme géré par une femme,https://lh3.googleusercontent.com/gps-cs-s/AG0ilSx7pfmrCpuooi1CxDBG_ox5s-u7iTZMAezecagc3yrzBCxR_hsP5lWawVaH_c0BuPFJcK9jFyj5smt_rK1gJ8sFFzy7MTnlEsdow1e5U1-F1VnkpLk-AUD5Wp59nKxfeFI6sSU-AQ|https://lh3.googleusercontent.com/gps-cs-s/AG0ilSxkdMBkfXPiVjrinRQhy9S9sFFad7ReW9V0J-6w6RzkutRaMIhc83rC0ylaJYbVGkL0Vo7Qywv9AvnwD6ydnCQxadqRsvPv4nUTbN7IveKL7lyBep9IjdKrpdk-terikwzYJRFQ,"4,5",https://lh3.googleusercontent.com/gps-cs-s/AG0ilSx7pfmrCpuooi1CxDBG_ox5s-u7iTZMAezecagc3yrzBCxR_hsP5lWawVaH_c0BuPFJcK9jFyj5smt_rK1gJ8sFFzy7MTnlEsdow1e5U1-F1VnkpLk-AUD5Wp59nKxfeFI6sSU-AQ
05376-06929,SPA HIBA BEAUTE,"W4Q3+4P8, Temara",N/A,N/A,https://lh3.googleusercontent.com/gps-cs-s/AG0ilSxHIPHdkrACbCimh3rUwo6iygvZ_aqILxKiDZvp5cYV_6gCn44fsFG4REW4Q1v_68C5VNNSgl0x98JCcXWnmWkKMsa8f2lK7tY65681GronB0uh7qgcOwglqX2U-YnMBX56QAAo|https://lh3.googleusercontent.com/gps-cs-s/AG0ilSzoJtByUT1VvTvSP9H47EEnvXyBt5jrtg1QaKbRfHEVwJcgFTLCa1ghc3lAZf3IzpitoC4IzbFll6zvvWxK5le5v9JZsl-APjR46m8a4CqJHSV6WPM3Vgtledi0aptT6kNQV-K2|https://lh3.googleusercontent.com/gps-cs-s/AG0ilSy-IGxnComkgw9PLYDiBeI2DG0Cd5GAubJh_GinpGE7kIfPSs4-z03DADK-g8WF5yhPQOuEYDhbPD3sZ7Qm61nf-fOF9Zuhe5WV5Li9ElgdaQUNCOX2PzTkakMjthW2c8Si8Ss|https://lh3.googleusercontent.com/gps-cs-s/AG0ilSydblJx7sbMd5ZClcvQdHbM5_IPxvaR_80VFA-09Jo_7yQ63R0W8QDvDn2B2HnqHANzdlW_-vCFp-4hS-NABAPzbfwXsUvZ449h_AsI3AkaoMQBS7C90sRnJ-92FiLzAXuKLTvl,"4,0",https://lh3.googleusercontent.com/gps-cs-s/AG0ilSxHIPHdkrACbCimh3rUwo6iygvZ_aqILxKiDZvp5cYV_6gCn44fsFG4REW4Q1v_68C5VNNSgl0x98JCcXWnmWkKMsa8f2lK7tY65681GronB0uh7qgcOwglqX2U-YnMBX56QAAo
05375-82237,relaxation house,"LOT 3342 SECTEUR 3 WIFAK،, Témara",N/A,N/A,https://lh3.googleusercontent.com/gps-cs-s/AG0ilSy72kdGwzHa1XldcBTlUsKxVvS0nKwyvB_1N7I286SJOevIE7NZE0wRSxhfNc6s-VaIWjcS4YHS-ZLPjPpcOQFjI2GU0_FRoC_qIj6zaAWwBgxMkHMPod8TXU6KvyEM5YS0S4wb|https://lh3.googleusercontent.com/gps-cs-s/AG0ilSzZtmRD14v9XBaZq8WqKY4cFXZd96VWJlsoruDarbqSEcExqmDV0Ei8j4rUeEd3qqka0czmr3kWlPQMEOm_SEHLdwEdcLflLQtcnyAenY8oRsZtn9qLSoYgezk_2CuFIj-u4_-8|https://lh3.googleusercontent.com/gps-cs-s/AG0ilSxw18KCJN6DqdsfMDP4--vierzdcQm1sNVc-pbp-Nn73rlreq-WcrncAhU4YslSUqXdiJCq-g_s62JqOjOZ2DzIlJZq0sodcpnwcBmk1WP78GhjBU8D1afBEQrUMM9dK9U5VrCqOw|https://lh3.googleusercontent.com/gps-cs-s/AG0ilSwfj6eGw9jOf8ThhK37SxxMGV4KnyR48x8i1RbKe_YVjuaU_SFeO7PIwNpamfEYtPSaaPBIKKrM2dRsDq4Q_iAz6byjCpVjVwHVyOJWpTLVtz-0jySkSqA8vIskzhtVIyN0TJ24|https://lh3.googleusercontent.com/gps-cs-s/AG0ilSyYW8i6ykMrSx__e9qOCus_lJFEa6QzzwkrhiOrIW5eLtZODpQ3IZn7RVLJUBIkc77OJgh2huycCVTcdRBZM2V4nSMWE_IolPK5BDc8idoN4-G8MV5o13zJ9jA2llghF_4bu-pifA,"3,8",https://lh3.googleusercontent.com/gps-cs-s/AG0ilSy72kdGwzHa1XldcBTlUsKxVvS0nKwyvB_1N7I286SJOevIE7NZE0wRSxhfNc6s-VaIWjcS4YHS-ZLPjPpcOQFjI2GU0_FRoC_qIj6zaAWwBgxMkHMPod8TXU6KvyEM5YS0S4wb
N/A,Hammam Rissani,"12 Av. Ibn Khaldoun, Témara 12030",N/A,N/A,https://lh3.googleusercontent.com/gps-cs-s/AG0ilSzDtZutFZsCHFwi4TiwWMW14TBh9AwtaYEHAsaphZpxRIAXhlUyxm2urgv7br1qV_bSipEaSQ-7ctvy0TlX79QfD9aA4EQ5ziVtVBnzQ4F8RL86A5K9NuCjE9t0IhcEM3BzOUHh|https://lh3.googleusercontent.com/gps-cs-s/AG0ilSw1c3OfOOmqNpAqsURGWy12aXqChJkpHloRTiO2A0Nh_zwk-DTlhuGvxFwJrBuF4ZgF3KZLsct-P_uz0uF4F88M5fDn2AM5mhYpA2Y99KWlBDeEDRALydVCC06R4zA6NavR0fVAwRpT4ub1,"4,4",https://lh3.googleusercontent.com/gps-cs-s/AG0ilSzDtZutFZsCHFwi4TiwWMW14TBh9AwtaYEHAsaphZpxRIAXhlUyxm2urgv7br1qV_bSipEaSQ-7ctvy0TlX79QfD9aA4EQ5ziVtVBnzQ4F8RL86A5K9NuCjE9t0IhcEM3BzOUHh
0666-068326,Ladies Spot beauty lounge and spa,"9 LOT NASR ALMOUSTAKBAL (RTE FOUARAT) T, Témara 470 MAG",https://instagram.com/ladiesspotbeautylounge?utm_medium=copy_link,N/A,https://lh3.googleusercontent.com/gps-cs-s/AG0ilSxPsUlOWvMz3bsJKBcdXVFFOWRBNowIOLARUL_Fbh5e724gtulJmU5En9h3rVITnTl7NpLqrdu1AhyJ4z9adE1kV7wwMv1wXNrffOU4eS6Gm7mJSC4sdQw3MQXzkDZe_LJzWJD_LyscRLZt|https://lh3.googleusercontent.com/p/AF1QipNIX2nGZpzpCpW3wYGyK1ClayH-enkwjPoKMb51|https://lh3.googleusercontent.com/p/AF1QipMpL8WI7vUWy8bMQliwZGiCt_IRSTAEF_Sc7Q0_|https://lh3.googleusercontent.com/p/AF1QipO_GhvnHCEZEHDpUVV0hFQ4KEJicHl9ozwplMs_|https://lh3.googleusercontent.com/p/AF1QipMd_ypwQm74oHcN48MMLNM6Z1AS2sqKIrSnixp0|https://lh3.googleusercontent.com/p/AF1QipPg59yGDTQzKUFBgJ4zh4Lmwbe4ZzW1320yS_6V|https://lh3.googleusercontent.com/p/AF1QipO-EFAKnJMQQ2FnHwBeuAyLD_XVENHattje6YVF|https://lh3.googleusercontent.com/p/AF1QipNMkHaULSy0WrASmwgdx_G9JdvuLJ15bIggriBq|https://lh3.googleusercontent.com/p/AF1QipOPmCT57xTY5kMddbG8bCcvWDCew7bb_LOQ-hgw|https://lh3.googleusercontent.com/p/AF1QipNunJfJlMW-fhibf9XN8KXphvZsAbPcHhLHl3XQ|https://lh3.googleusercontent.com/gps-cs-s/AG0ilSxr_TFHf6Kthr5INUglqMTyQWYWT-SjYjZL0P1tFu_3lYhNT64T1NGDFie88Cmg044nMUkTi6u4GsA27sHPUpEauAllGzX3uOt5rfKSuKBRCW04y6CQna4PiSARiQp7-_-QfQY9Sz3aV2Rs,"4,0",https://lh3.googleusercontent.com/gps-cs-s/AG0ilSxPsUlOWvMz3bsJKBcdXVFFOWRBNowIOLARUL_Fbh5e724gtulJmU5En9h3rVITnTl7NpLqrdu1AhyJ4z9adE1kV7wwMv1wXNrffOU4eS6Gm7mJSC4sdQw3MQXzkDZe_LJzWJD_LyscRLZt
N/A,Hamam Moulay Yaacoub,"W37M+W3R, Témara",N/A,N/A,,"3,9",N/A
0666-267156,Cameliss spa - beaute & bien etre - pour femmes,"Atlas Almassira3، 26 Rue Jbal Alargoub Hay, Temara",N/A,S'identifie comme géré par une femme,https://lh3.googleusercontent.com/p/AF1QipOjsCDRoe-rgnFC0SO68unDqxVbHm6exlDcDbKr|https://lh3.googleusercontent.com/p/AF1QipNq8WIAHr_7uoGjonB2btxfiWWnBu7hQtp44ls9|https://lh3.googleusercontent.com/p/AF1QipMmX1z7uwflGLd_vzHQh_YZAi5JTa9huzqaXtw5|https://lh3.googleusercontent.com/p/AF1QipOZzJQ8KOL6rBWKRopcCy0s8EbREp-fi7sqz_GG|https://lh3.googleusercontent.com/gps-cs-s/AG0ilSzYrAfSkImkxR9-KqLdklPs8t3v_bYKiCWSGmrFc-kRiikM0GTMpCjwUE_q8HS_gai8CZ_yZfvcV8j26j8-cDncuJdBD_Ir_W63dfRdKnHuO2_JRKycKyMl24d3AGPFY0x2ADroGQ|https://lh3.googleusercontent.com/gps-cs-s/AG0ilSzmnbZSlIW-c0m1_RuqGSYPwiOg_GFbCSV0ovjMzMuQwjq76TE0WuhCy9oNffU9J54ZRGIMkXi87xCiEaltSKby2hIj_mIWj9YRrujbzVRrefN0Dd_klaLD2Gk4eflsfCBClRs|https://lh3.googleusercontent.com/gps-cs-s/AG0ilSyyGo0JKyWakgv7sx6VnhP9hUWyowql_zE82t7vR7XhSfCKQtpbtgNq4EZMO5ByQYkVJPv0iQe6TqB8gy7Ox08dNs2MWpvSEvHm0H6cK6b77W3b7NB_A1PloUThmGGTbTJU120|https://lh3.googleusercontent.com/gps-cs-s/AG0ilSzfG8Uo8Qp7_q_jtnAOrr2WtdWhEPQJQI_hktrjy8Q5I8Di3sTEhETb2Ynz2BOtDK2YjYM5y6h4GlcdHqFiZM9ONMoIeh_2cg26QhHp9CNhY4pMiOMJiUUTAU2YAX6K3l2JiLU|https://lh3.googleusercontent.com/p/AF1QipMkWbE5Gm-xwFxbx7vLRYu94hjN2SrV-S3K5IUK|https://lh3.googleusercontent.com/gps-cs-s/AG0ilSyK5pcfAis8UYPM_JJy2wPdIDFJS8Se_3TXGixVyZALvY875dOj1cFgdGpHLYXcrkTJWLOOT1AO6Z8n7rNTmZeJIQVCMIVgxtxLrvKVulAv2dFgJsRqgSINQF_4OEfQzchUa8wM0w|https://lh3.googleusercontent.com/gps-cs-s/AG0ilSzStJpj5NKRC2-WUhoUlN_dSomGzooItw9-LIIVpKFioiYOaaYGSkxx3QOYCTvF8flk-Oku0-aq0tFVHLyw-lskFUb0DACyGk5r16NamD0gmF3RVr75r__VBLLrtJVKFGa2ulsTJQ,"4,3",https://lh3.googleusercontent.com/p/AF1QipOjsCDRoe-rgnFC0SO68unDqxVbHm6exlDcDbKr
N/A,Hammam salam temara,"12000, Témara 12000",N/A,N/A,https://lh3.googleusercontent.com/gps-cs-s/AG0ilSwXMsFp-Wan0BXFa78OsUNz0HvUUk38twnP5aoVQypgVThBjjbjrtjIFXIZCPdVtExomLGHMDwFHB_nZ6oWDxsfj5zb3o0gFFQlDZUZQHzt8oAuIpqFLyD_ck1v9y-WvbdQt9Ka|https://lh3.googleusercontent.com/gps-cs-s/AG0ilSzzqQf_1nVE-y3WsUOHrJ5fosmW5FQpmadIouIhDDfBYUdEpquotof7sD1k-LJjhddLumUtqn-le9fvhp4lpyc6-AvSrJVgJoCct0IyDHXyWgUw0PqpHRYgTy1YTOrUsL2M6Fzy|https://lh3.googleusercontent.com/gps-cs-s/AG0ilSy0eI0Gq7vZhFZykaiEUg0tiWO-DGIwJf_cIx0VZJ-8osjRbyMKfz4xm8h2trP7mq_1zPPgJjQhF6pnUGV5D6P7Nceq9mNoP0x-aFmmHyaTg52olvHIVlPIz2ehC1aDKWcgwQW0,"4,5",https://lh3.googleusercontent.com/gps-cs-s/AG0ilSwXMsFp-Wan0BXFa78OsUNz0HvUUk38twnP5aoVQypgVThBjjbjrtjIFXIZCPdVtExomLGHMDwFHB_nZ6oWDxsfj5zb3o0gFFQlDZUZQHzt8oAuIpqFLyD_ck1v9y-WvbdQt9Ka
0661-996915,Camilia beauté,"390, Lot. Oulad Mtaa Secteur 1 T/123 MAG (123, Rabat 12000",N/A,N/A,https://lh3.googleusercontent.com/p/AF1QipMBCO77yubOMR-_Sj7LGcUmNIwzqa82huwa_PfG|https://lh3.googleusercontent.com/p/AF1QipNX6-6UnVZeZYz8GLAXuTb2NfUs8sapTwa0roeT|https://lh3.googleusercontent.com/p/AF1QipONdOIco012A7AtiVViXR3YhhvglY-YUjcxpMJW|https://lh3.googleusercontent.com/p/AF1QipOvcmaLYK3JWOXl1V-OzDet9a3aykM61Ci5CgXE|https://lh3.googleusercontent.com/p/AF1QipPFlyBMuin8eZt_UyUawIThShtOK-sSdnvM8Sis|https://lh3.googleusercontent.com/gps-cs-s/AG0ilSw6Apoa80QKxzTpgxisqQ7YTjDaV2ytnfbNSuRJKhUrBK-Wd7SNK13-QrLDEtDrrSKJIMksTeypoYJR3n0io9RGZLHJBdTWSWG8sGrpgaIrZqA1hNgbgwl4ATViE6hLwJ6WxWukgA|https://lh3.googleusercontent.com/gps-cs-s/AG0ilSyN1zkcYnhlnqPWe9zFZ9RPKjNFg_JR4oyJimYpG5bRSO0mmf5E7f-E6G-Vb8_dj-6FoQpmHPV-gBoVICI2wCz-O3pNOpMmeVkhbLSMtCQhnmIWnzYFJXT4QZWsDQtbiZoHmSA|https://lh3.googleusercontent.com/p/AF1QipOhoEfmkTY-d4c32bOMu4zXivABe8O0HSVWOLOg|https://lh3.googleusercontent.com/p/AF1QipNS57SY7eP5oNw_9SeBov_MK1vcKxBOz5G9vHzj,"3,8",https://lh3.googleusercontent.com/p/AF1QipMBCO77yubOMR-_Sj7LGcUmNIwzqa82huwa_PfG
0635-791632,Havana beauty,"W39J+GPV, Av. Mohammed V, Témara",N/A,N/A,https://lh3.googleusercontent.com/gps-cs-s/AG0ilSyKLD4VeyRczGPZNBXHRd6MUHzrttAyNB2V3ajLZ9MHu0IxmViV2cXmCrl1xWzu1ePnb6R1-gkS6vkGRoFKiBR2btaIIk3qDqwkXNWxKWDP9ununaQtYpWdVFYkcJQX3KbRmfSV|https://lh3.googleusercontent.com/gps-cs-s/AG0ilSxM5xoqRL4CdHb5MM7FszOJR_-XI11ZHirLc9LTMSgSaPHpShi8x0SZbknUtWPa6xXKryyeOiTG3V4smTai41HTgW9DX_M-tNvCw4lwzBLR6c_blJLntfdOrOwA0Xr33bj-_42Wwg,"3,8",https://lh3.googleusercontent.com/gps-cs-s/AG0ilSyKLD4VeyRczGPZNBXHRd6MUHzrttAyNB2V3ajLZ9MHu0IxmViV2cXmCrl1xWzu1ePnb6R1-gkS6vkGRoFKiBR2btaIIk3qDqwkXNWxKWDP9ununaQtYpWdVFYkcJQX3KbRmfSV
N/A,Hammam Shahrazad حمام شهرزاد,"W37J+P24, Témara",N/A,N/A,,N/A,N/A
0636-174198,Size Fitness SPA,"W2FR+V92, Bd Prince Moulay Abdellah, Témara",N/A,N/A,https://lh3.googleusercontent.com/gps-cs-s/AG0ilSy4V2A-x1HS11hzeu7-W7kA9HoX4j5SM2lp9JIDHNxBVZGHK9HbfLmSZo_d3luM99moQmIwAsPRLqNqSuey4LtiryZdWDe7jsbzj2JWZ3PO2_ky5cBjdgp5McaoVsinIR2HyZNdhQ|https://lh3.googleusercontent.com/gps-cs-s/AG0ilSzKbrpDCHOBTzxqmGEv-YnDFn3paRLCzDQVu8XfXQepYZKQnsY1Hr2NNht8zeSk4-2jte2G0R_Dm7ghwMd9IsLK4ssKCop0pQnCPwzInXO4_MI7q-08Rx98lFEDsuovl6v4-bVe|https://lh3.googleusercontent.com/gps-cs-s/AG0ilSy3T363i06IPqOBZX-I5a1kK8dflizLMFoeWAGoW8VYhTVYped11cUx3-V0rzKB4S3HQKqNOyxN9vMYdg6FEDJXNbhA5JCs9bch5P-un1U9KYCxE37Issg8psfeuwLAoX03a6DIBQ|https://lh3.googleusercontent.com/gps-cs-s/AG0ilSyxCU15FyEvQ51CVJkGUBuH3BOxGtzphfD2MyzTeOl17OMPhcHHMKS6cpk2DWyRtP44ctLKX4nEkRzIPVScBg2W29kpg5Knas2yH3Dvk9xzHtXVb8z-YmjELa9AhTmajDZmPP4fvw|https://lh3.googleusercontent.com/gps-cs-s/AG0ilSy7uo8K6sTRpTuzCI9yQEvByqApQzYYn_FWLhfKZNaFYQauA2qsk2aQJmUWlHo4K6qqaRxCSLIZ4HP6wExloPB5--EAYR_56M-b58iGvyk3wM5IrVlNpyymEbkkliBFVGhWKQ|https://lh3.googleusercontent.com/gps-cs-s/AG0ilSxmQzQ3r0d3w2KOA3mGxqNlrZprN_s67gfiCMUl_NzZ90JC7lnv21GWPrFNrZNPa5L6NOegeqa-brVvq1sy_5jjYcj2dfr6Q7ieXUJZ71VG4lGarmB-i49gNiCw8voJAqt6TXPc|https://lh3.googleusercontent.com/gps-cs-s/AG0ilSxx0x6kWFxW_0dl3_X6dfsA1Gp01rFzjCGmqG7GRMtNi76eTYiQfMFPkse6ZVn2p7_zboe4hZEq9jyKCokflEcr170ijNgmx-PRrHQzi35R0U1l4Cb47iNCnajw4EQvjX_MrHFV7g|https://lh3.googleusercontent.com/gps-cs-s/AG0ilSxPzW_jzGJxq9UFQwhHHY71xAKSIDSE9Tzkr2qJovfBFhIft2qlERS9TWXtJFMPuv5wCUcZ6CrkpFz5vzv8Uxklyq8Fjg5n5yeF2HlbwDKtXfDTud1GtgEky9gbxoqlwz8nurw1|https://lh3.googleusercontent.com/gps-cs-s/AG0ilSxWzakmpesOjyVjHBca47xy9iX6wFl-wOxwyx-1UaC8o7srVsn74-431tiSNXPcMfirTRQUEvgud50OGXgwK5JaBwPaUYXHZkdxMSeH0sk64_ueMWRB_rvc4q3KgR6fKHJB6xaR|https://lh3.googleusercontent.com/gps-cs-s/AG0ilSy65Y6aws4K-Q9_ecZiE4Ylbjnh21WulWAB9fBchb3eHvIRwdR9HhWYzGEJEt6U214rWVkawwh29zcYSrnfwF191pfQS1N172rZQEA3lccUGns6kjAP3J7DOIhtXL3BdV63TYMo|https://lh3.googleusercontent.com/gps-cs-s/AG0ilSxMJ44YI8BR7AyC_NyoRuli5qHNFUiJJtM3XSJ_Rk6twlObUd1w-ddpxZAXGVPL3AtoZVlr0G_ON7LlVSLL51vUUL0XODJnwK8KTIVKHkzEQhTDhG3Ft7Q3hyFlemfFHzwhFKTMnvOijh8|https://lh3.googleusercontent.com/gps-cs-s/AG0ilSyT3FfNAQ9a7g-lDEP3Ss7neuMHEAv8_Y6x_LGZMKjiBuBl5dTEhxaVXmPW68O37TGsdNcD77GNVP0pIdtTId9wdfMAXDxQAANRuQ2SADnMWJGnNY4QsziDrz2qpIsHbD0vwC7pyg|https://lh3.googleusercontent.com/gps-cs-s/AG0ilSwJWljNeORMqIONE8brgy29wj2dfxB5hc9-mzI9jIrNiXA5hdG6pbChwPK4gWDzM8W2mUaRXfrmvxardYdb-bnNiEBj90cj67EeFYmYp_3WSI6JpGygPpCGloW9guRcS7S8TFgLMA|https://lh3.googleusercontent.com/gps-cs-s/AG0ilSweLUL22P7_gJ6Rj1yRQziDp_8kcZLfJf0BfTHm1N6wOvNauVDoROuxdNny3-W3VRviVK6XM5ozcGQoNNRuKHIVlDEYXBOf49NHwSNvUw_9qREgGZYUr49Y2hb8rrCYfQ7DoVpF|https://lh3.googleusercontent.com/gps-cs-s/AG0ilSw_pvuR0lXqLwZ_-3zTyX9k1CxEhA8ncPOXfXAQCBolzCOf9OEhiBDJeO2E4QJwX1uW3rgmwc7F6EV44ABBrYJfgc5_6lrgVjb1H1p7TRG-mHUwqBJoXMlWw2J7AwcIGqPRGiQ5|https://lh3.googleusercontent.com/gps-cs-s/AG0ilSzPqfNET0pTmuUGS3DZBEEvAx0rIkv3lfu2j70mnW2fY5nLfR0AAzqh-YDAXdfSLp1R6bBX-z_9TP0GdrkSYgtgrMTxUQj2jDT-WXLNb1id1hq6zUiCoh3TjRjeB_MiXlnVgu8H|https://lh3.googleusercontent.com/gps-cs-s/AG0ilSxOzoe7w2-GGLbl591Z2H0wyDbkAHM4qKQpoerDyrUJvgZ9bPzr9uyBcFduex3x6z3zi9Uhot-KtMNTJDol2qVbPrQEqx-P8iKLxjfB5kJBmMh9jkUrqBT47353T3DqummPVZIo|https://lh3.googleusercontent.com/gps-cs-s/AG0ilSyBzMC97GM3e-h5I4tz5dCEzwsy-DSX_e52LVcbblKX0Z5YjY0r7Rru_QImfmoyXFLqh9JrwlsTmkhqFukPDptNvdXcTMfDJjDC3ak8bZv5RFUR1Pg7ZWnIJEASKV1scPOrKmwuyA|https://lh3.googleusercontent.com/gps-cs-s/AG0ilSzMO8DjgusmGmHRTiSp89u3pMyQ2B881rA6vqvQ8t3OF2Wutf2rbEzwUlFvxNCkmGRBPIQirhSqX_yK8aQm5J27o5V2dhrp2t78mr18M-P2xxugTNqEc0LIFSisb0vIjjX-Z8zc|https://lh3.googleusercontent.com/gps-cs-s/AG0ilSw2ob4WhmvBZsZSzjdmQf8qOY0Ok5Yblzx--jdqUG6Auaj7XTJqOR-ZxDS8MTAZi5JasNr17EOzKqEWppCUyP5-XMxpotQPZW3pHDJWUvm6tFToofb7CGyQygkZx4j9i1d1_C9FVA,"3,7",https://lh3.googleusercontent.com/gps-cs-s/AG0ilSy4V2A-x1HS11hzeu7-W7kA9HoX4j5SM2lp9JIDHNxBVZGHK9HbfLmSZo_d3luM99moQmIwAsPRLqNqSuey4LtiryZdWDe7jsbzj2JWZ3PO2_ky5cBjdgp5McaoVsinIR2HyZNdhQ
0666-282718,Hammam Lalla Khadija,"W3G8+FJ7, Témara",N/A,N/A,https://lh3.googleusercontent.com/gps-cs-s/AG0ilSz_oGEkc3bybHFHAmNMyMu7zKQa9whv9bZz3GM9LoDvOANbxD4n1B55NxI0sQF6ucq6fp7A9a52tAQ1pjIq8bh4bLOBqqDV23jPXl0_BBTExSR4ieUX8fbH-qggh5GpFKJo6nz-,"3,5",https://lh3.googleusercontent.com/gps-cs-s/AG0ilSz_oGEkc3bybHFHAmNMyMu7zKQa9whv9bZz3GM9LoDvOANbxD4n1B55NxI0sQF6ucq6fp7A9a52tAQ1pjIq8bh4bLOBqqDV23jPXl0_BBTExSR4ieUX8fbH-qggh5GpFKJo6nz-
N/A,Maison de beauté Taj,"Comatrav 123, Témara 12000",N/A,N/A,https://lh3.googleusercontent.com/p/AF1QipP2b3ILFI81W8a-e2uw2WxlVsn8tDvjVK9Pocvm|https://lh3.googleusercontent.com/p/AF1QipPb4u53iF9m8hPnR18xCMAylT7IDcInjPriYlIN|https://lh3.googleusercontent.com/p/AF1QipN3mplaSdhnqQMcDC3qoc0YVMNy63LdNxAJw0vO|https://lh3.googleusercontent.com/p/AF1QipOm7OVAV06J0bnlnt8e-4QbkrEKH6c4ePggwX-1|https://lh3.googleusercontent.com/p/AF1QipMaHpjf5ZVo14Gf9R8JKqNgF-OfOn_jGiSboAw1|https://lh3.googleusercontent.com/p/AF1QipNtSxHByrP9kbg_O9m9oK6gLh6ToU6G_XzWEW-8|https://lh3.googleusercontent.com/p/AF1QipNFirpuU9h3M5HKDyty1YZBnJT9MUdii2afET3x|https://lh3.googleusercontent.com/p/AF1QipMXwShPd1-roICp1CwD57xy8OzjBh3d2lcPjsuT,"4,2",https://lh3.googleusercontent.com/p/AF1QipP2b3ILFI81W8a-e2uw2WxlVsn8tDvjVK9Pocvm
0658-803193,Hamam Istanbul ( Hamam beldi ) aux feux de bois,"Hay lazrak, Témara 12000",N/A,N/A,,N/A,N/A
05375-83269,Pink lady,"Résidence Ash-shams ilot2 sable d'or, Témara 10000",N/A,N/A,https://lh3.googleusercontent.com/p/AF1QipOy4GimUcbEX7khjcjyXyPtTy_aaG-c9uUVF6QV|https://lh3.googleusercontent.com/p/AF1QipPmhKzs7-VhjBdiB6nXlQZkJ-bFz1R2QkDMZ2G5|https://lh3.googleusercontent.com/p/AF1QipMRYZ6A2G5hKa57_YCntHKyrqBhNI15nDoahzUL|https://lh3.googleusercontent.com/p/AF1QipNva_4FUNMWCvvm8MUab56a5ADK875KGjW5jEB7|https://lh3.googleusercontent.com/p/AF1QipM7W6rRZNg1FK-uIFFVIuLMY5PLW0uiQXM7hUE_|https://lh3.googleusercontent.com/p/AF1QipPyx9NBzOZVxCKtDdAaTXi56h-cAF87ck8qMem0|https://lh3.googleusercontent.com/p/AF1QipNVlfwElDWIMp9LvtBKl4lpKZgSSX0lk-2QaCig|https://lh3.googleusercontent.com/p/AF1QipPKmnfYbaI1brAWVb79b1zzJfFthSi1rjj63MR1,"4,6",https://lh3.googleusercontent.com/p/AF1QipOy4GimUcbEX7khjcjyXyPtTy_aaG-c9uUVF6QV
0698-184998,Salon Atelier Beauté,"155 Bd Sahl Rhone, Témara 10000",N/A,N/A,https://lh3.googleusercontent.com/p/AF1QipPWp22hHL9pkOAxGiu_fFvh4FZxq60zJUU2GBqe|https://lh3.googleusercontent.com/p/AF1QipNVKbY4ddQczrvbhtksUO9iPlkUaxctJM28uYqZ|https://lh3.googleusercontent.com/p/AF1QipMCAIL6UIgBMp98CtiCNraVPzmD7ErzX2DHdOIf|https://lh3.googleusercontent.com/p/AF1QipPdS8uVlo6VwKqQWX4bacuj8SoXSt6KSM1Vzg6d|https://lh3.googleusercontent.com/p/AF1QipOUtZPt1HP1JJMkzcKDqAyfPGQ2TwOkiNdQzjKq|https://lh3.googleusercontent.com/p/AF1QipNNA7ury3iZbJUMvQJpo2z1XM1jRXXyXqfGCX-n|https://lh3.googleusercontent.com/p/AF1QipOQh_W6OoTZ_dfoBG5NpTxS76_F7R9J82te9-BG|https://lh3.googleusercontent.com/gps-cs-s/AG0ilSxa-_3fOFChG9Qn8PgvZ2nRXQtYru-eyF1eGKcmHpdqnJu4XkJsEb07kNQ1lbMjaFwooBmsc84OfR_vmFv69bqXO0ECj-Yn9NIYuVmdK46ya-hn5jHFnOm4-2CRiEGisVn-ncg|https://lh3.googleusercontent.com/p/AF1QipNNJm61jQU0riHyzPBZV7aaz7rVUVAhqBFbX-r5|https://lh3.googleusercontent.com/p/AF1QipMcHcsz3B0tv6l6GuH7JQRgwxm2JbZprFizOnnw|https://lh3.googleusercontent.com/p/AF1QipObzJQ9ZwglHE-xf8izH_m262OARjyDvLQJR2xl|https://lh3.googleusercontent.com/p/AF1QipPmnrn0WlhQvz1s91CcAr2bgVXTnFOS8VqtkypL|https://lh3.googleusercontent.com/p/AF1QipPm1_VPRPYhNpS-VLFhq1QhYC3KueDSWk3mOsDg|https://lh3.googleusercontent.com/p/AF1QipP9O7rwfhp9a6sKFvU9jq67j7BuHigQMuMdhL8H|https://lh3.googleusercontent.com/p/AF1QipNexClx5klZ0N5jAm9pyypbw6nCcvVNsQjNIQ_q|https://lh3.googleusercontent.com/p/AF1QipO89GW-NqTRpm6QuDuz6508g7l598OU996t2PB8|https://lh3.googleusercontent.com/p/AF1QipNDv4M8FB2i5f_idW-zMIC6mOe-6sTwxKLl4ZSp|https://lh3.googleusercontent.com/p/AF1QipOLLpGPM6GL-U0ZFPUKOdy7y4AI2H8Pv9U4OLwH|https://lh3.googleusercontent.com/p/AF1QipPkF_sE5M4BOF1o75li7dNED0DvCOSZ8F4Xjank|https://lh3.googleusercontent.com/gps-cs-s/AG0ilSxVFBWBkqrW8LxODv_g_XfLpEwT6t7phN8pvfwEOMN-P0yyZ7-p0bONON7Ze-NkU4KDT4Aiy0nIPpw5u8FkUITm2r-VWhJjgw-2dOGBrkWpE1SP4Zn6bqX2dB40-YjNVt9ubsUI,"4,1",https://lh3.googleusercontent.com/p/AF1QipPWp22hHL9pkOAxGiu_fFvh4FZxq60zJUU2GBqe
0680-673832,SMHB Salon & Spa,"N 11, lot Ben Moussa, Ain Atiq ain atiq, 12000",N/A,N/A,,"4,0",N/A
0661-314780,FD Ajmal Institut de Beauté et Spa,"mag 18, Res Naourasse al bahr, IMM E, Témara 12000",N/A,N/A,https://lh3.googleusercontent.com/gps-cs-s/AG0ilSwF7JPz9kvTF3np0qIO6wmnc0eJhIwnbWIXGZNCEFAbRl0MG6lS_Agp8r1cp59XAc7gnhCeGYCjOLPVIwYDy6HEPS7AZpV8M_twWriwuV6pIBgZpv9ptfZdD8jV2D852m0uyuloWUsRiLE|https://lh3.googleusercontent.com/gps-cs-s/AG0ilSzw19Da0Z_VQ0p8_Iu1diuJ9uLLCcD8Dzwe8eGc_r9G5PpDTy57bFOS3zKM8H28k7tXHwezcv4G9GdBA39_tysaCoXA9a2qdOgyt6AWZZrYJvpGmsT10xcRxy4RxiDajf9x4Yy1|https://lh3.googleusercontent.com/gps-cs-s/AG0ilSyTJXLuFxoNSecfuavF7AdIUuKA3zpgMp4m2wjR_0-UDq5f39VNm1UitQEtt_XvLojN7452m88fw10r7Q5oG9wpcV3sJDd6ZLdvWv9UCwf54CHqsB-SCEDxhvSN1twFulxxwmLURQ|https://lh3.googleusercontent.com/gps-cs-s/AG0ilSxCr_vYiXz18l1B420IIyHqUs3tnkrDh_kEg8A6G8ZE3Pm3BrMzRaZWxrOlJboA0J4mLLq2Q4kA7KCbzatvjY_0IPgJ3m3CM-Qni2K2uu-VL4xZOBYULF296qwXFsLP7u7ou5Oa|https://lh3.googleusercontent.com/gps-cs-s/AG0ilSx2_BKfrCpyjgH4ldzRCqlflhzZq0Al4cwO2HVk-uKEAJeGld8uPd53GfQGJG7SjmrUKtKu7dgsVX5J8y3U2iJDPQKHLfeiTbPYWy4-Lg7E-HE5DYISIa6wV5eoUjVka9CBbJUY-vEt0jJw|https://lh3.googleusercontent.com/gps-cs-s/AG0ilSzDYWfiRPNZkOaWv0il2pBYBCVxuFx3v3VpOrKQTna3f1WplYfghp-mpAwqtGW5TVwAGiGkuDzRN-iwKLNa6JM6wxgS_cd6Fz3HQw7LkljxT27kdfHCfT4pZn9oL9Eyj548AzQbjKzXm3xO|https://lh3.googleusercontent.com/gps-cs-s/AG0ilSzpuLgkeog8HMCiBl1rcDpFpEguyuw86PDWGe2J6C9R1mMnn-0JADZcrNwHCFXGNnlW0jh22RsgxF3p2pJjPXUhWda_C-x_ecpOKx_oxTUxh5n4MuwhOHin-jNyaEYBhgg1CfOa8bV9R0Eu|https://lh3.googleusercontent.com/gps-cs-s/AG0ilSx7qIVQGnlu9F8gnIR-1apnaajkjDAkPkf4vcVK1WWo3e1y8bKyftg6BO5r4UkrKZW6sgOb74dJtyq_9lFxbFZWUcUla5QdV0F__t_3mM04i6IA7T7kX-VX5P3nIUzjRGNdoO1_-VcB8qUi,"4,3",https://lh3.googleusercontent.com/gps-cs-s/AG0ilSwF7JPz9kvTF3np0qIO6wmnc0eJhIwnbWIXGZNCEFAbRl0MG6lS_Agp8r1cp59XAc7gnhCeGYCjOLPVIwYDy6HEPS7AZpV8M_twWriwuV6pIBgZpv9ptfZdD8jV2D852m0uyuloWUsRiLE
0690-076160,Sacha | Headspa & Nail Wellness,"Arrayhane, Témara 12000",N/A,S'identifie comme géré par une femme,,"5,0",N/A
N/A,Freya beauty & spa,"230 Secteur 2, Temara 12012",https://www.instagram.com/freyaspa.rabat?igsh=b2ltNXU1Ym43bjEx,N/A,https://lh3.googleusercontent.com/gps-cs-s/AG0ilSyG3xWAOHb-FDk6SrhirEkZQgEtBZVyvPHWAh9MFaY_Br8PYRXYI08JqCwBVbB78vAsC0vf0Bxn6hP2-yf6yNnHFaDATWRni_D_dAj-vJ0OEAOnWsGy9DIde_zHQ2cxaqR6yyE2|https://lh3.googleusercontent.com/p/AF1QipO99-B8exVLaejDOm0I3YRoByz8Ppr33NZkEgZT|https://lh3.googleusercontent.com/p/AF1QipO8gqaB9GYFGgt2N27tB1vkP0ON8CHpqGVDhdNQ|https://lh3.googleusercontent.com/p/AF1QipMnU8rc6uIS_-LcU41NmASitejlZoLqXj2fI55P|https://lh3.googleusercontent.com/gps-cs-s/AG0ilSyv6cWXr31SSbP6ZTRuL61po2vlD1vpuRENfUxFp60GmWZOaXBm6K0_xoCi_vNx1E9PviTYBQHRK7j2-YMY6cBjPS7agYfFOgMmm3O5Nu0_kQGvMMRvZJ2FfzYq2CnnSqLDxFTB|https://lh3.googleusercontent.com/gps-cs-s/AG0ilSxx8AzF2us1kiHj2wCelXq5fZaGHjerjZ0cZOMtkP3pboyE9brf0K5FA7qyRyFIq8MoO4w59g45Ixk2X6oGCmP9HHC1aWSpZz-yJjbEfhysLLimsqo9Ij_rEoCrInDGIl1c2Txf|https://lh3.googleusercontent.com/p/AF1QipOLcsEejSTvQSvt-qT3RqgWGagLDpNbLgfu4U9F,"4,5",https://lh3.googleusercontent.com/gps-cs-s/AG0ilSyG3xWAOHb-FDk6SrhirEkZQgEtBZVyvPHWAh9MFaY_Br8PYRXYI08JqCwBVbB78vAsC0vf0Bxn6hP2-yf6yNnHFaDATWRni_D_dAj-vJ0OEAOnWsGy9DIde_zHQ2cxaqR6yyE2
05376-14241,S’spa rabat,"853 Av. Moulay Ismail, Témara",http://www.ssparabat.com/,S'identifie comme géré par une femme,,N/A,N/A
0636-174198,le rivage clèopâtre,N/A,https://m.facebook.com/867364206652609/photos/a.867383703317326/1087518441303850/?type=3&source=48,N/A,https://lh3.googleusercontent.com/gps-cs-s/AG0ilSxYdO91kRDV9Vxcg1xaM8BgM5hC38ZfyiTJf8qg1ouOBBzqddf-bhH3yBxg4DsQ7HTf8YptHoUdGL7ZqUGZTW2flekQ-o0Pyoa7lG2UVH7INjUOkiJAt0R1zg2lPDSa5HtUoIVd|https://lh3.googleusercontent.com/gps-cs-s/AG0ilSylvTx8LUoSTROk2C7OhxER-AHFbwHLg1v1qfnH6MIxad7UmNhA5O88RLiEx63zzt7FVgeGZKZ6lj8W1SPFAWTfCk1ABVh8_TmYWLHSClvbHHyaNFgdeOOvkC4p9FWZ_c6WaVaj|https://lh3.googleusercontent.com/gps-cs-s/AG0ilSz9BVKYasx4aP9iGhvrSNzdNNy27v9O2n3I99iORaMviQr18_nlxp8ED3FYfFnJiWZAoO_dkhq0VCQtonfN3HARGfvzXOMxFVLJpFcWPznZJFBJDe1yxaW8SsorBeRn5iPwlFM|https://lh3.googleusercontent.com/gps-cs-s/AG0ilSwej3WA2U4vQN7VnLbLrspQFqVQSo5OpU82x0ykQATrJIMtAlIr-CI9zw-8paqiEdAB28glP8bK4cvPIulvUhSyTfLovm7TtsQUX63T5miGLpawXGhjQtNeNTNeQm2ynnjQbOPv1g|https://lh3.googleusercontent.com/gps-cs-s/AG0ilSy2kq99pWWWJBByFe0meAJlHapE4SvHrqonexNChK9MaEZP3Cr9jhGRt4Zd-jfpASXR237Y1957Qm5J2OgcGy6vQBRfzeM-32cdw3XdpIVhINPAuQRt34r92qTDRQYm9oSOely1|https://lh3.googleusercontent.com/gps-cs-s/AG0ilSytMJFdtB7iA9UoHcdYkSes8p8N-PhWXtZL0MAfBmzRTTFEJ3Y9g9OAICuZYvXLaYhatXqUMPQu0jo2tOBcXZf8hKanbtE588T0Xr8jjTpW9XVH9S1uF-3yHRA8UwHWEU2UC5xfOQ|https://lh3.googleusercontent.com/gps-cs-s/AG0ilSyiK7cOYJGSgbdYIr2XDyQ4-Rz_yBgdrDe35VzrN3_6xvsIO7g7Vq_B3eL4mvTLyPwJfupIMG5s8uKBAGoLYluniaqdn4m21Ap76aGhCnrgKblX0NPBl69zM576q89iG4sgLIoLbw|https://lh3.googleusercontent.com/gps-cs-s/AG0ilSyeSZmjVwFt3dnWCEO07hTi_mWJlkWLBHe1SJcDNe_aqsGRZYyUTbjCRreks5iC3aq6Wqg_fit06xk9FifMi_O2OR1CiidjzlEQ7JKrB6NSR5MMrcPUtKCHfAYvgUpRT1uVdSqQ|https://lh3.googleusercontent.com/gps-cs-s/AG0ilSwuNZy7D4lXtJuDMF1m8pyzbZAdlhfQxTGmd-b684J_rknGehu-TuDay30JQNCgBWZi4qj_a-Bcms_zkc0iuyKcQgo_RLjbC7zN0zVMuxV6HDNzebASKQ3bMGt04XP4Bz_uK1Wl5w|https://lh3.googleusercontent.com/gps-cs-s/AG0ilSyVKsQJOJ0fZ1MvAndrSBIP8mrVtRlH201mDqn9k-w8n70_lLLQIO9n06eeVFAwJWdc6hBA7gQGeRBk6iSSLZ9ZMXvNxUTFX4y2YQ_Cw-KmmELUFlsxYMiFE_7FZ04yrFjJesPb0w,"3,4",https://lh3.googleusercontent.com/gps-cs-s/AG0ilSxYdO91kRDV9Vxcg1xaM8BgM5hC38ZfyiTJf8qg1ouOBBzqddf-bhH3yBxg4DsQ7HTf8YptHoUdGL7ZqUGZTW2flekQ-o0Pyoa7lG2UVH7INjUOkiJAt0R1zg2lPDSa5HtUoIVd
