location,title,website,phone,description,image,rating,images
"Gold Cut, complexe souss, Rue des Souks, Agadir 80000",Gold Cut Barbershop Agadir,https://zerouata902.github.io/Goldcut/,0642-297310,N/A,https://lh3.googleusercontent.com/gps-cs-s/AG0ilSxdMe-XiFx0dHQTVFmEINrCEPiQhCluy_8h0sGz-s97Ryk7XHeAvWGC7cvoFbGj3MJmF5x1gr2SqiB3cRiBnpPiY0bUEOL8dyU3aN_X0X6P4gTE36RkvxAssiiGALlZiyT-93Y_h7rEoaDl,"4,9",https://lh3.googleusercontent.com/gps-cs-s/AG0ilSxdMe-XiFx0dHQTVFmEINrCEPiQhCluy_8h0sGz-s97Ryk7XHeAvWGC7cvoFbGj3MJmF5x1gr2SqiB3cRiBnpPiY0bUEOL8dyU3aN_X0X6P4gTE36RkvxAssiiGALlZiyT-93Y_h7rEoaDl|https://lh3.googleusercontent.com/p/AF1QipNfclJYFSkNVH6TcmxETPHAyr6zwNF8wIbddPzF|https://lh3.googleusercontent.com/p/AF1QipMbeVOD6H66gxXoHS8s8hAsO9mTkT_Dz-nUvMAC|https://lh3.googleusercontent.com/gps-cs-s/AG0ilSzyIBX8HNbwrV8YmOoRG07l2xYY3CwMHQAUYIlm1WJR_oqNkJpWShNGWPcU23orGdEtRL2mp85dRsZuIi7qKoUyxQ6LSBZzRPqdJsSjTjQm67nJehQv0QEbSF5VEZYLIVXd7bg|https://lh3.googleusercontent.com/gps-cs-s/AG0ilSxkSdq6_neGTkfrHBwDk_hh4geSeGd8FYhWVHvWim38g85u475dMz-1sxK18GhCSeqhqKb0FmypYBWKtrhJeZitzNpWa25CaZSUmRPuUyv15cbSs2J_dWDqKqocrDAmu8GexsD2|https://lh3.googleusercontent.com/gps-cs-s/AG0ilSxw4dj8npFwEWPp2TO_6dQiZSMok0ndnI-7O9UALa4rb5Kc-322hcg2D7WiYZCVZO_LaSrGQrVVTlrRIvuVUafOn0O5pWBL3AC6p8AFftl9757GX0qykfmKV8KQVyNkvAk5HCd8hbgqrnxr|https://lh3.googleusercontent.com/p/AF1QipM-55xx9yRSQPTPgHDjBn2mn58gjaeY31Dtas0t|https://lh3.googleusercontent.com/p/AF1QipOeCa73lJ2Xjba1MVyQ0mMesY9GAnSBhWcD6fOa|https://lh3.googleusercontent.com/p/AF1QipOQuipIvXpCUoSjvqbu-epweFennofrN7262taS|https://lh3.googleusercontent.com/gps-cs-s/AG0ilSwDJCdE3NrO1T_xoJGWqhFwdSSvfv-PF9X7uEwdS9WWmXmBbbKjDfJIt9vKV90DUF4uONU2Z4E7uAsdcceHFZxeYFoP-GHJ_p-4qPriPkD8UZNBazhnaQEU3sdW73oxum15Xct02g|https://lh3.googleusercontent.com/gps-cs-s/AG0ilSxCAr6zDsJyIkmIVvtUM1fDVWmDFpV8XYs_GK0hoTkEeoX5q-H1JX6oJhYuqVZn3xkF9SJYvN7uIBZ_vum62xR5IQKY7-7axoyoNMIWn1Z2JmA6p48KVzgR7KcSqWVyml5yc6K0yw|https://lh3.googleusercontent.com/p/AF1QipO0OREl0gzZNcBys8TGkgOm01gm4SOel4LVVJnF|https://lh3.googleusercontent.com/p/AF1QipNyvFaBt3KGpWwukIZyR8t5SB8PHNzTYWk4-c8O|https://lh3.googleusercontent.com/p/AF1QipMG-40-l92E-bQ2dfQsi0V3dahrFFOKgzMA5zKN|https://lh3.googleusercontent.com/gps-cs-s/AG0ilSzo5f4PXGQdt1GMUobE8-26aRYkJVGmuDaYdJB5J36HE85jfperInFHSfzYRH8vMN5Ra2AtAlzy1ny1xKs5LnGm9KuRjYsmUP26xtM3HO8rtvhRh-G1XBZlLvKV86roOOUdcw91WbhlUtAW|https://lh3.googleusercontent.com/gps-cs-s/AG0ilSzbvav0jhLvO1MKCmkfvqqz0W0lbxtMUwPfp8ZpmAeMjzQSZodt36cx-0FCMMfFd8VOGBacdInw9vi4UbMzrTqTrtRqpxmqRIyvrtKqzL-3yrVwiN_e_nyIX1I72f5Amonee1tb1OLcDpjI|https://lh3.googleusercontent.com/gps-cs-s/AG0ilSyNwefeWYKwYrye2Dg1ejKjoQQcz_8O7lkUcNuMRPtcKfccPRRBGK-AGVYVdLVQd2s7DfXtFf1kzGtlV4J437aAACb3TB0iK7mdBOl9GEVe7XxMkCJlNrQp1YXpn9yGQf9LvhkjZ1goESI|https://lh3.googleusercontent.com/gps-cs-s/AG0ilSxTykqrdDMEp8UA1t-zc3OnIOfCBbvtNYiPrH4J8lyJQl87ndG4cBUjrUqNj1GyS9Lkyagf51Y3XlKL-WRpE-uv3Ix_CxxJvWguWuTHrQnRYMGgCJ8PkMU-2gxDvwxanOOfxAwOJlCCSVUF|https://lh3.googleusercontent.com/p/AF1QipO1zn8uSOP_GyjAsauTyIKoo7m7wp5_njitLfmP|https://lh3.googleusercontent.com/p/AF1QipOOImSsVBVLXul2R3TeuR6teq-0pViI3BvOwVgc
"Centre De Sante, Av. 29 Fev, Agadir 80000",Notorious barbershop agadir,N/A,N/A,N/A,https://lh3.googleusercontent.com/p/AF1QipNeq6-4r6iLt9gNzXRcQRtxl-UKa-RRJH-Fw_F1,"4,8",https://lh3.googleusercontent.com/p/AF1QipNeq6-4r6iLt9gNzXRcQRtxl-UKa-RRJH-Fw_F1|https://lh3.googleusercontent.com/gps-cs-s/AG0ilSzbpN-nN3K5rSsYHRHUbTwJHMKHD7iEK6skcdtLSrSEU4khGiu5HAXhJatWURSd2Yp5WE5FPqjQDD25IIk0M78t6Kcp6iNvh2XQwS5wIo3E_Gzjn792YmQednzkw1javLpV-R2Cgg|https://lh3.googleusercontent.com/gps-cs-s/AG0ilSwtPwVaZALLe8v_fZ9J9AJrLUyZJnqwxqKbiI-IAxPVDFNEN6VxPeHyNf9a4uNIkvMRn8plmJ_lDiNKQGCDZL8_CGwMRNyr2CZgDp7yDpsANvdo3OIPuvPb00Gt0i-MwXGjuFM2xA|https://lh3.googleusercontent.com/gps-cs-s/AG0ilSwRdamBMLWC8YDzwC2K9oyTyxffMkjHV83ZuRSJ_GgM8qZWEa6P_XOp_gGMfZ9r3PrFV_qeOAXE_VRNMPgWer3qParP8dlPEkYxYhby7KrURUVhKoTmJJve-NMzKju2aZjanf8|https://lh3.googleusercontent.com/gps-cs-s/AG0ilSxejf7RGve_BWH7ax4uU-sdyv3AtxzJt4xN0Ptjabvh-EsDbv_c8ZIDIAwyOXTlhq8ltqlQYelrxiBDzMKvIrEJXb3kCYEE5vtyz1O61ubc_JM9cwrRHvzwaHV3CLV3D39C2Vf3|https://lh3.googleusercontent.com/gps-cs-s/AG0ilSwJBsQW9dns3xX4oMpmEt7wtp312LyV7D8Sqgyl8Xx-1DuWoYEWNaEN7FViHZvc4jRmDKR0ctps9KkZv0Ix2YgKMwer0Kk7Tv7CNJWssY5-W4uxkOowIMS6fHvwB0BS7J6klkBM6g|https://lh3.googleusercontent.com/gps-cs-s/AG0ilSwPnA05jpP1V0uB-rtDsj_6PBs3arkRXlI2ym7T5BsctztPqCdhnDqcgjXbUtwPNe2Z-5Qkfh-Ob3obMrCPwb-EUVBrJuUXCPNawcyv6hKwZvcTG_scbXtwQjiuXtdbJC2JmpI|https://lh3.googleusercontent.com/gps-cs-s/AG0ilSyvgY0XRRtlwgZa3rz0JNH5CZosvmhIhn9iB1aLU0vMKO6doecfl8Gz7jX0jTRreNxrKR206EMDe1ATszSjbRyWU5k5ONpZEaJ6p8YZy_eWH-xGdlY1WLKfbc7lRS7q_gjo8Ykr|https://lh3.googleusercontent.com/gps-cs-s/AG0ilSyMV_En1vB4MMiUBdSwijJqsE84oWH0E5nhzjrtQRo9ekRNqQ4ss-1awIGW4bLRKRlWIMTdeDzaUFmmSNtBliC3a8siRpKb8F2PHHit18u4nTka_rHN_P0aLrZWuRYBkBSAZUN7Mg|https://lh3.googleusercontent.com/gps-cs-s/AG0ilSz1Mf-M5pz24zMu_xzPqgXzC_R4VYruezBDE-BuzsEQnPCeWBbd8qltJPvVGeoUYSBV4OAbIZE13Q-RG9KjCKH3uOSqGLfmMX2UImZOxiAx95K75WR3N6-VPkZRiXtJ2-FSjgEbJg|https://lh3.googleusercontent.com/gps-cs-s/AG0ilSx7O3ltsUbPBfz82yZ8lYE14OBy_sl0nzezGkrFhiQFdOFakqxkSKkxrR0BUz3iWPO9FK2wleic9x7z8lPe50tQOArzTRWSTTlD2JZOmJ0OufuVfKz2xRPlLMNSK5wIcWfdbveX|https://lh3.googleusercontent.com/p/AF1QipN76kHlZXFGFbOoV5Ia7OLemlBaOtMO6zj7ylSI|https://lh3.googleusercontent.com/p/AF1QipPpPMwP862v-XYIsSAzIHe-Kc8bvFvHipKfMAUw|https://lh3.googleusercontent.com/p/AF1QipNgvAboXbRrU2Al3V05u_59l9rrifU-MMj44rdi|https://lh3.googleusercontent.com/gps-cs-s/AG0ilSzHPS5bNjOXm1OV1e3WUcq32gSN6xdyJheeCc3VL4PDIQ57Aorp5c-NlVJ1GLnfbMS4wrvzu3Sn9Ezmf6eYa9ODyugwNx4aeTNDkyro0qlDk1GAbZSDJiu3iMLJ9nKLJ-q9P_hs|https://lh3.googleusercontent.com/p/AF1QipMcQfkL5_tQZ9AMmI6QD7G9EpjAL8M5cCz5CoZ0|https://lh3.googleusercontent.com/gps-cs-s/AG0ilSzluN71thsm9QMMG2Fh2VrueBMeamttQWJI4BbEtfxxJ0Ted41VYmPGix4T9OlcL0v8qhOh2KbiXXIoum7VEAaKlXTipLgsZNEFwWbMBq8fyT7ApO8tCQdICKDJeppv3ZL5ZCSKGw|https://lh3.googleusercontent.com/p/AF1QipOb9Jje1Kc_I8H06na8K1R08fPBbES2i8RMgEyN|https://lh3.googleusercontent.com/p/AF1QipP3eUwGYsdsYzjy6w80WeAKfJRgq96UDWE81RG6|https://lh3.googleusercontent.com/p/AF1QipOpzjI1jI4lQBK3UdtXUkgO7_sHS-KzTM4BqtZk
"Av. Mohammed V, Agadir 80000",The art of barber shop,https://linktr.ee/hititi,0706-726124,Situé dans : Hotel Argana Agadir,https://lh3.googleusercontent.com/p/AF1QipNiJH9cA6QIG66_yZ4ip9I6HGIADsLnX8MPwq0g,"4,9",https://lh3.googleusercontent.com/p/AF1QipNiJH9cA6QIG66_yZ4ip9I6HGIADsLnX8MPwq0g|https://lh3.googleusercontent.com/p/AF1QipP178Pp8bT1JQv2Nvzs6qNQEDed9DuqNdEbVwOy|https://lh3.googleusercontent.com/gps-cs-s/AG0ilSw95ysN1BHznNmAX6yF_atICWt1xtQ3zB4zKifCnBD26AnXB9BUq7uLmacBvhU75OJSwxQKQOHb1_vLt8UcCZPCxPnpqonN-lCt2SAHy4CvOYHpfjUBTCU2dVFux2jzOiJe-PXVn3RfP-4|https://lh3.googleusercontent.com/p/AF1QipP8-etJBYQqeOf396HldChPDQYR7eWb-l8xn9Vw|https://lh3.googleusercontent.com/p/AF1QipOEMkatUI8Fj5x-MZN0siYrCxZRrRPmNv4_G4Vv|https://lh3.googleusercontent.com/gps-cs-s/AG0ilSxeS8FySpp8dH-Uwl5AjyGmEKMkYuWYKaFFcjU_LG56-9r6dAElSrSVhnUHiyrx85LMgdop5jJ7DU21CMwCfAQ8AFq9PKYLLiU5RZaw_Nef3UfW1lX3ae3pPo7KUMjHiS0GQmouthZBYtRZ|https://lh3.googleusercontent.com/gps-cs-s/AG0ilSzFQykv_ahNH9Sc2zOc22EXiwUnA-3bfjrU8eIPCpozaeTxVxGP7R4NLPOV1sbVnJ3ED5Jkd0xCaULxndX1TtryJzLeT3Qdm2dkx-lTVoKUYco6rOxiJHELu52UER73FI97Spl0|https://lh3.googleusercontent.com/p/AF1QipNidZwks_0pF55-LJ0Lp2w3ukdXPUWmUmysDSVa|https://lh3.googleusercontent.com/gps-cs-s/AG0ilSxLQRRR1oYf1K-HiaqLZS6Z6816yq6S5MDTp9x_GzcfO2G7zCm4i6Q4PoKMIuTIDYBCKSmFvk5rBPifoV8w2pGt2r5G8y38lmyKo0bq3bmFLm30lyDHUxJor4chXQs9pYZFjR_QCcBnxIWY|https://lh3.googleusercontent.com/gps-cs-s/AG0ilSyE8nhE7s4FfKRg9-HaotWNJvU80xnR7S0MnE5u2qgCFI7hxVYMqtHpy8ZcTAJ5qy2Gx8G6mwsxbtVk3_x43F1ge0VpUZQIANFVRFYFOCIrHORoVx7a2O2k1J3fu-Tfcnv3knPPZ7MNZhg|https://lh3.googleusercontent.com/gps-cs-s/AG0ilSyya904o7FCDunmMb5ccJk_WV2RmWs_TzJTEQIFjNl2KoNfw-Wu61tHZ3x4gqScvZU03eUNxrimHUVvF7ZgLHKRockmYYCGPgjJ8gjoAn6y1psp5RT6mnRmDwlp3mciwlgERWUMfaF2GsPE|https://lh3.googleusercontent.com/p/AF1QipOmuObQfnnII5lZXyj2LFpJ2DhwLyKadvs9QUUF|https://lh3.googleusercontent.com/p/AF1QipNkJWFbeP42tQy4KMcI-Uevna5TsjoqWHwYuBN-|https://lh3.googleusercontent.com/p/AF1QipMP2x0P2UT2qDdR0wC-UumuYM5NNKuaxpChaYUq|https://lh3.googleusercontent.com/gps-cs-s/AG0ilSzYR_iAWNQnw3jCKQt-V5Zl3DGmcpapK1RtLI9aWH36jA9R-6--x6GP-kFNObkvBKfJEVmGuI_5hHMZLV4LTJQLeLZZj7NyT_c_M1CjFPWE0rIc9YyCW2spjP4o0i6h-KDhgLBXW3AIzN9N|https://lh3.googleusercontent.com/gps-cs-s/AG0ilSx3WLdvBnBm1EN9GsPUOhQu-ljZzCqeiaNj_kvz3ex-Fd8XQUvpfBfrt0NNAiEGZ_KWNOuruVP41XpQ07QQ_XJjstlyTx1ayBCP7lPssO_8XsqTE3LydPaLaZbaZPwJ5OddXIXC|https://lh3.googleusercontent.com/gps-cs-s/AG0ilSyEYog-0akVEKRLO6kPhqz28Z823ehGC8JRoKLAbh0fG_w1_bRvH8Pi8L7reo7aSv8I6jehPBJW1Ig2ULmcc_FpENo03qh5PwHZrHLsbkIkI7NL7qwD5j01JQTUwQxOQBPkS6ez|https://lh3.googleusercontent.com/gps-cs-s/AG0ilSwIrrLbh9eAPk5vV2s8MhyTNDD5OPHbQoBfnm74O7j7YtUbTz6wV8jAFg7XQ_rLE9iSvPoJrvO1LKRZ7FnkicgM66nIg6WEySAiqA_Fr04cDVyB50fvQ_YAVhisRvTZCAn85sxn|https://lh3.googleusercontent.com/gps-cs-s/AG0ilSxXdjy-s2B5dh2_ryet8oKF6SpQwg-r9vmwem8Tf4-VzqTGj8jqGpaTYu_rhg6XbsqGeaxZcDkzpQ0lCKzXMYnzPfoXiXOhtKGR2pVBhLvsFLTuWeI9S4ypdsWuHanRI_lzM2vjV7BxsCY|https://lh3.googleusercontent.com/p/AF1QipOQ8Jvs4D79SQjNdDVaBqaplhab2I_ChNK1f1em
"Av. Des Forces Armees Royales, Agadir 80000",alpha the barbershop agadir,N/A,0661-203515,N/A,https://lh3.googleusercontent.com/gps-cs-s/AG0ilSy-2KWy4fhTAoVqApupkXvXtY0DBfmwxsxIG-8ZiHJhBbqlTysIFAy2D6oJw7AIYWPv4yDpwmcrXdkMW1r0o1nucAU3hF9UQA48j60crxo-FgRYRSjK-LO1egstP9LAu6xDzGgl7A,"4,3",https://lh3.googleusercontent.com/gps-cs-s/AG0ilSy-2KWy4fhTAoVqApupkXvXtY0DBfmwxsxIG-8ZiHJhBbqlTysIFAy2D6oJw7AIYWPv4yDpwmcrXdkMW1r0o1nucAU3hF9UQA48j60crxo-FgRYRSjK-LO1egstP9LAu6xDzGgl7A|https://lh3.googleusercontent.com/p/AF1QipO5H5Tyt9Dz7iAdhHazl3MoKhaNdxEobY1Y2CDG|https://lh3.googleusercontent.com/p/AF1QipPgX--DxcpvPL9u0CGtENFGXV4_h5Dx4oEgdFXA|https://lh3.googleusercontent.com/p/AF1QipO2gydpP2axI-jivpeW4RbSFxR8c1JU_CaQNWkK|https://lh3.googleusercontent.com/p/AF1QipPowqw4RCnR1jivKaJOMoLFHrfhknJIsvLQjLLM|https://lh3.googleusercontent.com/gps-cs-s/AG0ilSxM_LZAyu19xLJLqOlR_BV4wo5sGJHmrBsbBwy_SAjtPE-x8pM77CUqIQGmKwsav0QdBwO8kwuD10IcaAk88BzbyC3zM6jr-Ol4ebNKF-vBTIxT4-xBN6mvtNtJgMcHmm2lrAfu|https://lh3.googleusercontent.com/p/AF1QipPgGDtGJQR8yiEk4a3PiiO-nVxS9g-6ZOHHW-BG|https://lh3.googleusercontent.com/p/AF1QipP_QtdeuD0KoVugCJA9ZO2ZT9fG1NLRY529-3ET|https://lh3.googleusercontent.com/gps-cs-s/AG0ilSymn_Vpt__hlZIdtfQblwt9F37Vq04b01LywmRHHQMqplDCmOD0JzsiVe7L7AtUpHis6C19u42uT140ZmRRWzg2q5Ms5za1ZJRQqEL5BoRMSdmWCpn-_RY2jKnUsKSZkn89EYnKkLfBVcg|https://lh3.googleusercontent.com/p/AF1QipPutYZM7ncPtO6XjfOPOrek_7bWV0_n2op_8Yu_|https://lh3.googleusercontent.com/p/AF1QipO_Q9af2MWMQoCsLtHriOPk3W119tix1jtxrv0i|https://lh3.googleusercontent.com/p/AF1QipPpbrM1f4xG8VQC6yk3m3N0yYYEdyc5-55CqxXg|https://lh3.googleusercontent.com/p/AF1QipN4tyf-bGNDAzUAGrEE9onB1qufL4fV2fpMFqXQ|https://lh3.googleusercontent.com/p/AF1QipMGkob_eqtXaNrtx8wkoSP7Ejz1OA8JzqNROsuq|https://lh3.googleusercontent.com/p/AF1QipM6_3XFbB0l3tCWMkD4RJFa2iXQBnLDCqKZsp39|https://lh3.googleusercontent.com/p/AF1QipPHLtX5ee2iBuppvIk7Mi48oA4Hp_8dIzS9z1c4|https://lh3.googleusercontent.com/p/AF1QipNrgWOvGs8bQsURyOkxjSc3rpBS7RdM8PXw8UQ7|https://lh3.googleusercontent.com/p/AF1QipOVclz8L7Lc5lBhxVEBvIOI-QSLvIoWsgbgYFXb|https://lh3.googleusercontent.com/p/AF1QipMPX_sSzgJgKZFNkCnWW6YKyPefbwnCFqPOOXBg
"Barberclub Agadir, Ave du 29 Fevrier, Agadir 80000",BarberClub Agadir💈 🇲🇦,N/A,0609-708775,N/A,https://lh3.googleusercontent.com/p/AF1QipMLae9jLIsVEKeWkOjVzMInoWf6CdN_SOqZkRw,"5,0",https://lh3.googleusercontent.com/p/AF1QipMLae9jLIsVEKeWkOjVzMInoWf6CdN_SOqZkRw|https://lh3.googleusercontent.com/p/AF1QipOmgCwp6nb9v9WxgudP0zibOZPxUWDO-tgeywA|https://lh3.googleusercontent.com/gps-cs-s/AG0ilSxPqnARzVSnxvQBQhl5vNe69HZFpt7ufsW-91i-TqBB10pkXO2vboFvTZ9S5NjaqK9EQ1BTBlwDij45zMhzxk8GAiNFeM5DiRSWCkBXgWkQGzcFrHnZNkq68BJGNHb-4dZr-jI70g|https://lh3.googleusercontent.com/gps-cs-s/AG0ilSw_9iohdvecJsQWoqdkxmVJ16yUI5XHyxWWiG_tWivc7sA-ZS0Y7Fqg9ALgJefoZqkTYySr6B-RT7vq3INt3zX3RPeG1OADf1X44K6dzdLSyU9oEA6KZJbsMUV-hHwNW-iR5Z9rpA|https://lh3.googleusercontent.com/p/AF1QipOBbQc2kDJODzteMFUI2NuuqB512uEPpn8_zzs|https://lh3.googleusercontent.com/gps-cs-s/AG0ilSx2UNPIXIGaVxdTCRSfIaMlVgpQz6ttNMcrbL_URWKlpCMXGYQ3GaslumMq4TyjaIh8dWBMoLigRWvAdCeJh0c2GAn6aDvDnuBFGmXsqfOOyxEW-bFa81txn180jS2rWtXgwdKyhg|https://lh3.googleusercontent.com/gps-cs-s/AG0ilSyHay7CakXRWpaIeQmIjjtKjEJRzagQ2cyslqRRQ3Aez41t17eitLSqzhJIGi-QfmBnErUftxyJdQgwNL60UYhZ-e2pfXvhFzD8OOkmSNvngbIyVkJW7NVFKgxOw3vQ_fOqVKmjPA|https://lh3.googleusercontent.com/p/AF1QipP1pn8VDvwxwzXgGxDXNk8NhUrPEpTMIFpc9pA|https://lh3.googleusercontent.com/gps-cs-s/AG0ilSz0iwIcOk5A28pDnMq1tNYjBgwQ9h3uMXsEE-ZEiFVCEYAAhwO27LMzrMdebtnZ3rQbMk-G1HS680lMvuqf5i-4kEgp5yYQXuBvk5vGwdQn8LtA3_zYO9asZHNRxwZtal7LryyF|https://lh3.googleusercontent.com/gps-cs-s/AG0ilSx_X0vGSe5WlcnMh7l48ThWmnDual8GDvo6EEiC2FYEfomhrg9DjVLS8QvjWXCISwkwlGQpiREif1LX_lMb5tlJ0vohfmOhSJVVNQzO1SaA0zre0q-Gde0zMvrO86Yw6ewwOib1|https://lh3.googleusercontent.com/gps-cs-s/AG0ilSyY2ODfNRs8C4Ttfi_GyrGbXa_YqCk7aY4mwfRnUBFmDFz6No-izHQJu5qf_kM-9Y3qmyVDq-c1ZRYeZr_cwU6Q7st6E-5W0_HYe5Ir4QyKuzSRR6LEbFicCimUgALDvoEg6rAu|https://lh3.googleusercontent.com/p/AF1QipOIkCUuyMqWbWMn1Um7jYGu3Kut3J0DVfrIhnA|https://lh3.googleusercontent.com/gps-cs-s/AG0ilSwYjtK7H1Lsx1c5xlwYX0pYkOZ_j3eDVuvGB3e-dqt8gx7QVUEXQrxqo49SeBqNH3o0T-1prj7ckBF5WAviTqJIddINeMYiErPHfgEmm3E5D_-IDoo7mQssMDU-g11hAMiD7BWl|https://lh3.googleusercontent.com/p/AF1QipPs467z3ZcQfipS3RKiYxhXOHRzxnnqAVQZAOw|https://lh3.googleusercontent.com/gps-cs-s/AG0ilSwFdxHLMxzygJEnar9MnHKcMODPN0oSEH9VwA3uuaU0B9GRbEfIcQVbPQqim7QXU1NT0fYQZJcGrcwiirCDYv0CJ2-z3OJzv83SJyx55iY2aW0oYt0t9TXlN3sG1Yzfh-LjGAs|https://lh3.googleusercontent.com/gps-cs-s/AG0ilSxwWn-mS3ZuMSAlGqMSKlOc6fBSWezClDx54M-YIC1kMxu-Ye_4yepBPxqLpLRnaZfn225rbngtxC7uQN5ww99tcCVbxFD5zK8xJ6GgfoumEfeoqn76Bfj76Z7IodqEKDFHG_d-c_dKai0|https://lh3.googleusercontent.com/gps-cs-s/AG0ilSzNtL5Ax65vupAZFInqIwn8IfizR-dvol4g-Fhpqb_ET_baM7IHRRCQoY374zpdOlTjc538vevq3ZzHrcdi1XXxTNDYj-3xVxfH9Cajo97Y5dHC1sIHMFixpMXfQxIwtXFuZlk|https://lh3.googleusercontent.com/gps-cs-s/AG0ilSwkWf7zT3yuJV8EiEioNLI5YAmg_wmcZFhy3ZZ3q3hwTDE7YpX4YdG_FwN6BWA7ts35RBwLkf3JMznKasqtbhFd7piOd1falK4Ig4AYW-12RqcB6wqVva8ieSw1bc3nL1G6c0Sn|https://lh3.googleusercontent.com/p/AF1QipPiPpVshj4H-9rI6YwVCWj2ktZXZ5n1bpqRuXc|https://lh3.googleusercontent.com/gps-cs-s/AG0ilSxXN_1fm6ARgUfvUQ48g7WsmBcBxSpn8wPY-BWWhDUXO0YeLAEcIfjPCVoWaWhXSEwZ5BtEjhwM94hTYEZ-72P47h43eMtziU3MJUzh-jFlomrsetvJGtYlZPaOOGqkPOVAGBNB
"CC2X+CCQ, Agadir 80000",BARBER DE LUXE,N/A,0606-247429,N/A,N/A,N/A,
"36 Avenue Khalid Ibn Oualid, Agadir 80000",maestro barber agadir,https://www.instagram.com/maestro_barber_vip?igsh=MWo4dzczdDBycnVmdA%3D%3D&utm_source=qr,05298-15589,N/A,https://lh3.googleusercontent.com/p/AF1QipOBwpcncPTrkiOsX1b88jFSfpXMdkecHQE3igvR,"4,9",https://lh3.googleusercontent.com/p/AF1QipOBwpcncPTrkiOsX1b88jFSfpXMdkecHQE3igvR|https://lh3.googleusercontent.com/gps-cs-s/AG0ilSx4pHiZGqoQxTOhaxGgKIa8olXZyB4L9qt631E2F41V5ONY4rTwi3RoTti3UIOCUwYOxu_pjuzxVUe9WZP2EPbgv3d0ZUAFA2C0Br--e9DfwJ4FjJF0SHhEUGAABcuOCo6jX0hggA|https://lh3.googleusercontent.com/p/AF1QipPkCzPSVG7MDYuIqfV0wIiq-rZOrogk3SEoCM_o|https://lh3.googleusercontent.com/p/AF1QipOoBBwEwkIY-9pytfa9TH3H-s1McDxl8B9YGtTV|https://lh3.googleusercontent.com/p/AF1QipMVD0T3oZrkeVKPHZHeOjf2UdE-vZVOLN-p2BGO|https://lh3.googleusercontent.com/p/AF1QipMSmR-UmjC07APf6s7GqcCdoM6daxEssf4wsZS6|https://lh3.googleusercontent.com/p/AF1QipNTnQwYdMpwJF-gdtrto2jAwT8k0w2uFQgS-e3i|https://lh3.googleusercontent.com/gps-cs-s/AG0ilSz0HfazWtmQPlo5g_T3FZhT3tQpTuSgNDLdtdVG6jeniiwLkQnMyEXJYDFVUrluTf1B5G1n6lFIR_KNU5_c_8_UqN7q3BhlEdLlkEKdEUOXiuZM8Jg3zUT6udGqczAk6LCw6w5k|https://lh3.googleusercontent.com/gps-cs-s/AG0ilSzRgMST6EGfYmYkjxiynxUrRzFKVq4z2P-6M6p1SnEdLRewqL_IcvsU5KcHOaYfrzefk1YOx2Ni-KmXeCzF-itSLTvEQWGbSRUMiR8zb4UsrZ1_MnHE7fig3O5g5o1ztgGHIOKh|https://lh3.googleusercontent.com/gps-cs-s/AG0ilSx5WQD2pE5dCQmRmD7LeT7jXSXhktv3CMnzv2e0GI7Tx1elQz0tGPy2ffjlivBm8TRdQ7ja4K7YHLqebK41XIZOiS_dIe38z713zK6Sgt1M-VExinGJ1V4DpSB8v6eV10iLBEwUeRYgwCI|https://lh3.googleusercontent.com/gps-cs-s/AG0ilSz2auv_L7976-Fn_re8qKbgZQjm_Vbzb3uUKLCrxK5QQsQQBQ_w5bcf1CRDuwV90H3Vj6BchOknRiWNSZIwBr66McAY5oV71n633k-oTJsy0G8fw0fXeKQZGc3gWigpg6DgpqAr|https://lh3.googleusercontent.com/p/AF1QipNKgmxsyK-i7FuH4b2ahQ03DBqeVFX209Xc4rPc|https://lh3.googleusercontent.com/gps-cs-s/AG0ilSwQhM6PKqAQCstF72ynoYuQ4MbtOpZVQK4Nr5ALbMd3T8r0hVbSVP1ZEw7lqohDC2cY8UrAYbevZXDD2LAXCXvZUrp_CK0YlMys6RdBxhJu4RIFJbC8Zr6CHaMctGgZGpsJ3BGG7wisINWs
"RDC N° 12 mosque najah Lot, Agadir 80000",The VIP Barbershop,N/A,0627-364367,S'identifie comme géré par une femme,https://lh3.googleusercontent.com/p/AF1QipMnMVh_Y3r_L958_HwBHdT1K5oyyS21fNT_vBEs,"4,9",https://lh3.googleusercontent.com/p/AF1QipMnMVh_Y3r_L958_HwBHdT1K5oyyS21fNT_vBEs|https://lh3.googleusercontent.com/p/AF1QipPU4eR28yZpnFbbh8RhRlWe4T5GMnai6PqL7uUt|https://lh3.googleusercontent.com/p/AF1QipNCYsb5EOe9U2gkHQ0ud-aPbKY4TWJ2egLlmbLr|https://lh3.googleusercontent.com/p/AF1QipN-UkpMhSJ2AEiuLrJYhTANb3fjVcj-6Jfg33pe|https://lh3.googleusercontent.com/p/AF1QipMVdg5E_TnfZu73c7QHNeYIvIlm5XZdFg-yiJqf|https://lh3.googleusercontent.com/p/AF1QipM1VPpflNYN_9Z-7T-LeY2KeDCtUn_7PaHnJH9a|https://lh3.googleusercontent.com/p/AF1QipNcaFlnB5LNDvVAs-TRSrWCzYkcv8ld0JaRXHBX
"9FR3+PVH, Agadir 80000",Yes Fashion Barber House ( service coiffeur a domicile ),N/A,N/A,N/A,https://lh3.googleusercontent.com/gps-cs-s/AG0ilSzgXcGuozg5lN-m2xMYz4_OqBeW2K-S1nt1Zfpgbf9_muP-gvrX5Q62sJI37R3sx_4uTpMmo9hOdGCxHjrlQiOtdIZf0-gGLCXv8JMgQ_0w7qli_IkzU5fVHiRV7wG9PjkKa7o2cpa1Ug0y,"5,0",https://lh3.googleusercontent.com/gps-cs-s/AG0ilSzgXcGuozg5lN-m2xMYz4_OqBeW2K-S1nt1Zfpgbf9_muP-gvrX5Q62sJI37R3sx_4uTpMmo9hOdGCxHjrlQiOtdIZf0-gGLCXv8JMgQ_0w7qli_IkzU5fVHiRV7wG9PjkKa7o2cpa1Ug0y|https://lh3.googleusercontent.com/p/AF1QipMJ66B3ZVzrxVHTJArU6UCH1wWWVC4lu6gx0sgW|https://lh3.googleusercontent.com/gps-cs-s/AG0ilSz_NMKER4pFBVfuDZL7OeR1fAKzdJ6Nf3d6ndsA6xTyaoMpHTSOfpq_NS6TAN1q2T8PaZbyGblIR0w5_FeqN3XpePeCaCMMVryH7TgO7P5Q3440JpXA-l3FcB3R2GBrDaRRb-9a|https://lh3.googleusercontent.com/gps-cs-s/AG0ilSwKO4cR8P3F2WVC7bEYEmGD5EO0TpG83iSqPa_YTo_yH59IHKCmXSC22IYETm38qzD4ES9kleTPwoKjTPKwNvVOWphUlKdyNBZ-PtGb1zSAefNg2Nsv9mjGkeNn-gZ_QXdQxUWG81dcCrg|https://lh3.googleusercontent.com/gps-cs-s/AG0ilSwcZtuf-ZAjXburLhBYC7DGg5aAxdic2ETU0DxlScHm9MGvwXoPsskY_XJmTgEFwvcfXsFAFosGcIlDg9bM2dc3wnEfoOF2ifIjFrp8iWY1I3MRec3dacoZM7PPOohtEuR75tJqGEQ9BCJb|https://lh3.googleusercontent.com/p/AF1QipOEiio3B3_WojBkbVQJGHYkRXAj7xNuPE7E0IwL|https://lh3.googleusercontent.com/p/AF1QipOqN-ZlU9az-HSEbfZyJQTOvJCHqVWk7juXi45V|https://lh3.googleusercontent.com/gps-cs-s/AG0ilSxTMocpNUdnLyi7PkobkQiuTXEvlvDznFaXNxg_80wSnktvPOk4Blq_7ONUKSG_KpB5G7L8QwuGt2Tty1ioo-C1vt7q3Ue0yhSIDgbrEvRk1A8btSZPGW9IhkKbST3lL8VEMdqJ|https://lh3.googleusercontent.com/gps-cs-s/AG0ilSxvGtY_1xgZLDV0Pj8_S8ePIDOFSaOGmJ9mkPEi5OQbyDpQLZhrGIZP5THbBk3B6asf2GMMoCzY3fq0zThZc70KkfgEDAlJqtvdR2UroeafjUcgN9d91mGHdDzq0T6BBsXuEiYqwxg_seok|https://lh3.googleusercontent.com/p/AF1QipP2mL_Kl_Djt92lbpVUz1ftwqEw32jb8WAvXoH8|https://lh3.googleusercontent.com/gps-cs-s/AG0ilSxr5PiLmSS2838rwgWEcszU3U4RTRm7r2xWRbAGlYVyrBMUJa_7Z8BW9y9vZVsTZ5T1QXMhgkKylPPqjH64FhmX1OzBIXHLf4itaEmTikhqebIo3hbNZsLyfLYauQjsAhiPx1-t|https://lh3.googleusercontent.com/gps-cs-s/AG0ilSzB4BYmHUVOrnQYe5qqyB62aY_zU8glB1hBP-H3aFkCAiBl4t5_1VNv7o-MZSVxcVg3vEYaNyzZtmK3u7dN9J-SINZbmyw6GeKfg8zpenmfSfFEXFrKl5R1icn8p61na_IIYuq8|https://lh3.googleusercontent.com/gps-cs-s/AG0ilSzdXQRq5lPB_7wc6aOYPsJ1ftE6fyp1salhzRRHcqRuIEX2u_2gvl7G8vIx4M9LFrPyTiiYrwvTiUGYr8lokBxTs9CPYKgO2za69vswyHeczha1B9wCiuaQEbr942Fy27seWiU75g|https://lh3.googleusercontent.com/gps-cs-s/AG0ilSy_n6xZ-ofUseKNL1UXxLW786Cnd6jpWARbcK6NQPcYIdvHe7GDfycFu3ftnwaCJuH_e1RH6BkzMvhLP_Y2VDwanoQBRyHdOT6qS3aX4EEOpjQkt2Or3I78zKTkUyRvJy4m3qwn|https://lh3.googleusercontent.com/p/AF1QipOokmEuWBwBmrdYSgoT7wi8D6rGfdQnyUIAI3AV|https://lh3.googleusercontent.com/gps-cs-s/AG0ilSzt92NLNFZgks_0S9Pr4No-qbhn62xNu7PFDYpr9_FZrqbSY513DaR-Bpo5MlGr8IQA6dYgBJMKQIqXkQrbydYtY4ksH15MR5yHmvDN6ABG3nqls1K2EDMhMmTNylxFnpFrxZF87BR1HV8e|https://lh3.googleusercontent.com/p/AF1QipOXkVsgVjVpY1RLHiZKt_emDJbu7NC47rMIpFoe|https://lh3.googleusercontent.com/gps-cs-s/AG0ilSwUme6xqF_dbfy61NItUAJozLAQzGMJzn83nIxR-fwK-aEjzkIURxOd0Dy96u785BH2josCSyFJOIcMfa3TIhUoQ8k3XcgvaF4Vye90msMjp1KcwCui5QPGFAFKsO_AmlUXoTl8sA|https://lh3.googleusercontent.com/gps-cs-s/AG0ilSwIfM1YSJnYGKB9HxCRsCbqATzYK1uziQU7dIELGPosjhAlRpu_GhCq6Ve6GX0_8h0KEP-t7OfE5-LwdBnJaEC3yWnujo0e0N5HWPHsA3lJox-RVoRjemToAA2ISE32eLWw_vABHA|https://lh3.googleusercontent.com/gps-cs-s/AG0ilSzBHUnWFTEikzUqnAhucJFXrWLBC82lnpaBHWJKj4gPzz7N4mUZEy2THs8S_dXGP08ZjdyFwcQgyAeNQlPPraT8aKMH6OmyhjHJNtXCnobVl_1JL_zLNlK7sPLASwUytae-BEBcPJhrXxM
"Rue Aglou, Agadir 80000",The Barber Shop Agadir,https://thebarbershopagadir.com/,0632-414145,N/A,https://lh3.googleusercontent.com/p/AF1QipNXlVC6wlnzY2AjU1ymDzLvHm7AzxU2QsC1Kg-t,"4,8",https://lh3.googleusercontent.com/p/AF1QipNXlVC6wlnzY2AjU1ymDzLvHm7AzxU2QsC1Kg-t|https://lh3.googleusercontent.com/p/AF1QipMtBCUf8j9QaEgqoPaathOdWUN00XiT92BuG6YU|https://lh3.googleusercontent.com/gps-cs-s/AG0ilSynn5PP3dSWQqIg-yG3tEoQaRYjt9izm7Q2lClmfF8Fw19HHMSjqwZ1P39SbQm5fBNQf864YdjXah9cx6evH3JgHrqVeN7TBCy3JrZ1dvSod7OPgCHUzPq5egRh1EpTroTKg1GSYw|https://lh3.googleusercontent.com/gps-cs-s/AG0ilSzAefmoJYPfB89I8PHN2VLoh_WK3a8c3iReZ5aF5zwCp1f87HD1znN4Sh3AxHmqFWFzTiZOWxeo0wSfSky3KzkhdN0Tpe6CWy4uMR5ZidZJ3bBiCYn28alJqWt-OGAyHO6SSSw|https://lh3.googleusercontent.com/gps-cs-s/AG0ilSwxS5mCF3NQCOw838oLmj_nlLP-Aowp9CbJD__XV5kUJkUyC8XSwHETFri6k6JkgMia1Qc5vwWvn3wMzujhW2_vUZNWCUKuNkoa0iJS1Yb1-NTOobE_xb8Iq6UwQ0XkzpbC4oF2AVEJM0X6|https://lh3.googleusercontent.com/gps-cs-s/AG0ilSxZzFCY5MhLC6DKBzgkGlXT7fnwlhXG0bVN2hABeIhGWGbsY1Emh50-NifFfT90lbWk9lUtQwAQq9sBx1dtbgWl4IrEFUb2jpKYTwrOryuhXoFyGCgjeXN5mJDP6Z2axZnHKGf-d07phX_8|https://lh3.googleusercontent.com/gps-cs-s/AG0ilSzdESsFLUjAarqtWu4eJmVDZ1qOeLo47gxJR4mBFKYOYNmLGXv751eBWW6AfxOaFHvZdqqC_rCnJ_2pf3KH1PXxvBFbRLgTKLMHXvhDZZr_6ovZX4ckftafUQ6Vm-frl0tYarrw|https://lh3.googleusercontent.com/gps-cs-s/AG0ilSzD6zI7CoQzxp9XvpxvapAyBAT3lilSuTaorXTU2XZQyJOmwKD2M9ZVC9T7bZ3pshliKS0HSHAdl75pNHKZ-VQvWnxbUwEhJvEb2zufhlNyADKwMGVXfmjTlLXF18kwCKO3wAk5Ew|https://lh3.googleusercontent.com/gps-cs-s/AG0ilSyNjEddjFKG8OeaieVirkv61bwuAEzSi61kC48IXGLK791kX4cwr-5l60n5iPAwflb31e-KKrELBfsMYyrZMYwtSPEC3KthIRUlHUQUGY584N6rY_2TDocvVFJqhD6Ups7ImZa-|https://lh3.googleusercontent.com/gps-cs-s/AG0ilSyNPZlpjth1nLVe4LDjV853exAFoZZInHVw5dA5K27KU2Tgpzkk8TtnyGXKceti-tA-aIAtjzltI8fFeFijrBsho1ee3M3b7CC3Y4ByvnsR7HQ5a9-wQBZvdgOBdG4hwaQDOJ-XBSA5l-Eh|https://lh3.googleusercontent.com/gps-cs-s/AG0ilSx1h4RY_teosBdzdXrIuPM8cNLsIYf0ZbuABTE8InmIsVIch4a1rhwmJT2tcgdFUvyg7n5XsmGL1XXoY5jLNNEjCnc_Pg9ItNUkxSSyoA3jKrOdzPxiCTVDlvuvX1UfODqwuvKQCQ|https://lh3.googleusercontent.com/p/AF1QipN5FsyUoE_p1EvZMmyJnB8tTp928Fk71ZZKOzMv|https://lh3.googleusercontent.com/p/AF1QipMlF7yN4DT6Sdyp1ZcxFVHjRpESoLRAvWIzWSps|https://lh3.googleusercontent.com/p/AF1QipNCjABixZruvU_K-i551sLdkWHiVwMOmwVAyrDn|https://lh3.googleusercontent.com/p/AF1QipP2Q-q_1FFRc3qc2TW7klmAHQeKuGigV0DF4D-Z|https://lh3.googleusercontent.com/p/AF1QipMG8c8H8LhYGxMnjKsfAW6Gl6CsRseg_BqcmKJQ|https://lh3.googleusercontent.com/gps-cs-s/AG0ilSzZeiKRordvsJLQcmHDymTmT5fK3dIcSLrW90nsa5-fSf_cFDzxPL4eb2zOR_Q38tZPrnGeCb_6xsXn_k48F-AINVu3MAa6b-_cLQ5MoXvtiqoDEK_yywkc2ilDSZXCXg8iX6U2krMusuU_|https://lh3.googleusercontent.com/p/AF1QipNlXBL7f6hLq-ETTuujYTBvrIC59HJ7x4atx8x8|https://lh3.googleusercontent.com/p/AF1QipMWElyf1wTrZctRj2Cjc8Kg1BbOEHt3cam8ZR0D|https://lh3.googleusercontent.com/p/AF1QipMg4xODLdfX-q9YNGouREpSUwK8kMtVvtUVY430
"CITE, 92 AV TITOU, Agadir 80000",VIP Barbers,N/A,0633-975211,N/A,https://lh3.googleusercontent.com/p/AF1QipNH2cH65_3e865ApcXqowuirCNSHo3X3r092VBu,"4,9",https://lh3.googleusercontent.com/p/AF1QipNH2cH65_3e865ApcXqowuirCNSHo3X3r092VBu|https://lh3.googleusercontent.com/p/AF1QipNRGgFIT0pdYaIMkN5V0rk5XFZdVqpP0CFK1cqp|https://lh3.googleusercontent.com/p/AF1QipN_JTRcfKB-50eUe2iAXYXXu5R2nANKCOyv7s3N|https://lh3.googleusercontent.com/p/AF1QipMW2Yfu7tWfTt_eMuV4We_LiFyeWZFBasLmJ_3E|https://lh3.googleusercontent.com/p/AF1QipNuwnKMtzU1bJ9x7aueXSdHgifZyvZY21ZZWBQj|https://lh3.googleusercontent.com/p/AF1QipOKzQeZh3g70uXPnBGjyBJUncDFFYD0kiK1iOoa|https://lh3.googleusercontent.com/p/AF1QipMzdQwQkQHb6UUOtK-n3ign-YVKqNbaFpXBJxtj|https://lh3.googleusercontent.com/p/AF1QipP2oaIds9bu8nQgENyWQ8rrvS8xAonqc-BoFn5f|https://lh3.googleusercontent.com/p/AF1QipOrB22SPtdbxvWsQ3m5qR04d5cJBEVLTkRjhnmp
"bloc C, N° 383, Agadir 80000",Cuts factory barbershop,N/A,0695-059175,N/A,https://lh3.googleusercontent.com/gps-cs-s/AG0ilSwgYUQJ-er0sdwDkakEENn-MLD27jpzprGDJTlTOqiJssDwzc9XFn5PEB5xKWecTXV-Jza9veuKXrD5G6sYlqMbEa9fJU1B5VJGoWGCFV37Y4n_uwVysnH-zouiEP1As41skDpc,"5,0",https://lh3.googleusercontent.com/gps-cs-s/AG0ilSwgYUQJ-er0sdwDkakEENn-MLD27jpzprGDJTlTOqiJssDwzc9XFn5PEB5xKWecTXV-Jza9veuKXrD5G6sYlqMbEa9fJU1B5VJGoWGCFV37Y4n_uwVysnH-zouiEP1As41skDpc|https://lh3.googleusercontent.com/gps-cs-s/AG0ilSw3DDMpqpDoQYFmUZ8cyzlBpzfQuVpxBQUxiCCXwFzdgkjaUiyqrEB2gV_ihGdbhG96xZoJlTfS5faNqVRdMvNfcA8qHNilv_tU5ONvZ4y1Sd2xFyE6MbBEITNKXEjt-9G8ecU|https://lh3.googleusercontent.com/gps-cs-s/AG0ilSwpnfoUZ4C6b7GNk_RPLTB4EBaPOPkghHzzFWny-Cwm0mbdFj8XIuofkYdVVjMFZ4wuPlYHnimeckHCWR5s_82kMEnLvxTbgz6SItMALUUDiuuTivw9f9kkYHGya-R1HOHxyVdQ|https://lh3.googleusercontent.com/gps-cs-s/AG0ilSzmOiWnC93wDCzvudb0NNgDWkE9muqD9miHSbOVFVj_adjTVXfBSfc6Kp4C27G_tVgu6V4g7C0CwUro-xBIE39AfZ0WmznU5mCJxCoP9vaBVkUWeOuRL8p0-IQTwJM4Gc0uah-fJk2CYOEC|https://lh3.googleusercontent.com/gps-cs-s/AG0ilSxyHZIPaz-E6BAwD0gi2hRv2Ljv3fAxkwUtgFReOmhJavL-5iZoeY8lL85rgyPCZnlypuizK6RLEu53Mb2b8Ood3Ye3KRuerA3e4sNdAeo6wATUDtN8j4ryhs9XmTRM-hw1xNmv7xb2Bvg|https://lh3.googleusercontent.com/gps-cs-s/AG0ilSyXTK6NiEolqtPK_O6s_hTn1iclwyDoWTecnqwYmwoQ5i1fP4aJtcL7YpoPwZWVkIIM7WnelIz7M8DBpm39iLv9dZnG8zpXk4gYWaUpvaPDWYYQxlEcpSelzDHlFaNWl2oG3tp5V-tL8weg|https://lh3.googleusercontent.com/gps-cs-s/AG0ilSxqA__kzMECYMm4_f3rYVCvnDlPmkPqdo6KRsAjgA3BwVBsyuWRqWqTfWyLl3pdVNUMEuZCLG63N8I073cNCrto44ww2efXySAQ5VyaPDq1kvwDpkFbLYVy8BJh9utHfmZ4sqV3CtFg1Jro|https://lh3.googleusercontent.com/p/AF1QipNTKtoEcvRrW--uXB01Xd3sLdiK0khCgYGC0EGj
"CCHR+JXW, Agadir 80000",Deluxe BarberShop,N/A,0663-135954,N/A,https://lh3.googleusercontent.com/gps-cs-s/AG0ilSywFH871x6FXgM7BcShzKRSBngpRXSiEL2JWftN9zNXqcS57mbxPdRSxcoyRoG-vymvf-A51B12sX7Cc5Lwp-dMTDTXiUucnS2jhQ_FpvaV-DNjVMeVEEEWf5qM9660LFx-eEtG,"4,8",https://lh3.googleusercontent.com/gps-cs-s/AG0ilSywFH871x6FXgM7BcShzKRSBngpRXSiEL2JWftN9zNXqcS57mbxPdRSxcoyRoG-vymvf-A51B12sX7Cc5Lwp-dMTDTXiUucnS2jhQ_FpvaV-DNjVMeVEEEWf5qM9660LFx-eEtG|https://lh3.googleusercontent.com/gps-cs-s/AG0ilSzzVSD5jv_zN5SbUSkrEpn5PP0D0XJOlR7JeOrxTc0bGC5t9vdAfYsaEhBGrp7tq6zkYZJzCQvnhBf9ZN0PjDCSFUGyKRTwt8tVt_x_nFN9p3VOmWirjNrbfnP7ApNusHF5WHGFSA|https://lh3.googleusercontent.com/gps-cs-s/AG0ilSxGENw8QgzOvSDoFuQDJVQYyzCCrRec45RwGwKhi-k28eL6xUX9Zq2_yzPA_6vq_yy344LgZTnANbthth746fgWdhIXbkXRxfHJjpL0l6DQBLKMqZQ5yy8-Q3zEZuoxrUxy4stwiEhOze3K|https://lh3.googleusercontent.com/gps-cs-s/AG0ilSzPh-FJRYvNqc-1yDyWaNYPuXYfR_dM4GHGtAt3ieEfH5Yw-k7JceD_yRu_uZ1yoq9ElqvSgXIHi_YFtVY9gVOLT4K4nujxIcpx3s2KkM4fwWSurFLliYawOTp-4WvF6XiqFp-tqQ|https://lh3.googleusercontent.com/gps-cs-s/AG0ilSyrMXUP_RUPXM0THooWvSiM7HJm2GGEReCMD3OJPBlrNRyz47hyoBcO-_xAhK6rhbpblv3Y5JHUa2X80hoLTmPNfXcZPssgaDMa5KNk1xZLNoMXBUPAumDcnkbNQ-MKX2Qyde19yA|https://lh3.googleusercontent.com/gps-cs-s/AG0ilSy7lAeOZHhVOd1BsFnOKEIGnAiOApWeL9m8qriPBs0YqmUFdzy51w4l7ogaWZtfvR6XKUcnpz2q_eafuK_ofm9S1wAh479q3iJ4OeumMcrmvyU9nxFktPvjSXM0GKKVv9BFkoAD
"N, 69 Ave Ghandi, Agadir 80000",GENERAL BARBER,N/A,0664-001919,N/A,https://lh3.googleusercontent.com/gps-cs-s/AG0ilSwiGUq2HlqfLSOET44g4Sb0b1AD_gKhlUCXRZvcRnHU88cdV9r-3sh9myihbBP9MYL_QRKkTqNMujwLVYoqW1sIIoqrlEeKxSr19pl5QMuIuGnSWEJHjlmgQ3B1CJzHH_2a0a8u72E4hH4,"5,0",https://lh3.googleusercontent.com/gps-cs-s/AG0ilSwiGUq2HlqfLSOET44g4Sb0b1AD_gKhlUCXRZvcRnHU88cdV9r-3sh9myihbBP9MYL_QRKkTqNMujwLVYoqW1sIIoqrlEeKxSr19pl5QMuIuGnSWEJHjlmgQ3B1CJzHH_2a0a8u72E4hH4|https://lh3.googleusercontent.com/gps-cs-s/AG0ilSyvRn5urTFffoQKPX25mvXkcJGch59leSdIoGwwE1D-9GyH0LJd8_oNC4KqQhsZL_8Om48O8TgNFabJxK_Ikras6wMsmFk2OoXxhZOUYnIN_J31i4Mp0A-kj9Nv8qraOkMD6MYR|https://lh3.googleusercontent.com/gps-cs-s/AG0ilSxaU-b5gINudXVDdfzrCz8oAFxGeIn_sHCbxQW7fYSPtgdU3arufsX-qrp0RgC3ySkD85HCjK_f1nDgqS_UO56d_7rFF0yDEr-xx2xaHSTPHa6DClp-_xtnEKR79rRmh1di0-tv|https://lh3.googleusercontent.com/gps-cs-s/AG0ilSzWb56p2ZtkyfuDeGoXmZdJJAQHJ6QCttYZi-7yFe-F_YiEjsKzJMww13BGhaHUpvPsiIStQRwUGfKxW8JLeZOnpp2mJl9AqyWNq8G84A71OGXHb16keMkTGC625CiiCX2-u4OftLmM9Xlz|https://lh3.googleusercontent.com/gps-cs-s/AG0ilSyd4eJczeBVFMe3kOa1jTNP7VHqVtqmcXzzrolIcfcZlwiSXEPTAT4msoTY_iOqo4BItrIKg9Y1MGo75OYA3YbZCbpZPMcZ9AAxeqqATnM8mxLJ_ukT7S3FyPdt68-Mv6qTRSXeKQ|https://lh3.googleusercontent.com/gps-cs-s/AG0ilSzIQfYOE6-BMndy-nde8s4uR26CbDz8EHKnWJtaUlATELeY33JRGEewyDq7cDgWfWjMD8CwBXvyQwDGY4hombkHjyz-l9gxaljVrQ-MYzRJWxcmCEuIozACZzWVvFpUGvffuN5pAJ6oOIrD|https://lh3.googleusercontent.com/gps-cs-s/AG0ilSwsB2EiFdgiHYqgA9UKsngsz1G7mCxNRGbKTdBZ32Ppb8wRdI3FidGVgEfdpDPsMys3NeVsE9SfV2E_c75rdSgTgHWtzTOUchGuz3bouoATf76nmV_AGegP-g_DmJyrjzT3Y5BfWaFlrcF9|https://lh3.googleusercontent.com/gps-cs-s/AG0ilSwM1nLW6UmhxNcaCarAozmMY5o6r4_uVqNHN6iCrj3nsWt3Mk_XJ9kvY3Nrn83xWUU8Nob7D_rdPE1vyNzSzofK2lzsB2TI0LKJ6sBvLCU1ZBYScGAl2ngK0a8GmfY64v5xWaU
"CCF3+8V6, Av. Président Kennedy, Agadir 80000",Barber house,N/A,05295-80544,N/A,https://lh3.googleusercontent.com/gps-cs-s/AG0ilSwYlIRTwYI8hgfP8iI9p7s9x9NIB-UVf3k-XQ9Oz7AEaEwSRbwZwQ_TuSteVSQE2qbjQc4DTLXSBk6mDgRckQhug80TFgk3nadVOg9zSE0E59Zk9pf1B11468BpKmrllr3OZ58x,"4,8",https://lh3.googleusercontent.com/gps-cs-s/AG0ilSwYlIRTwYI8hgfP8iI9p7s9x9NIB-UVf3k-XQ9Oz7AEaEwSRbwZwQ_TuSteVSQE2qbjQc4DTLXSBk6mDgRckQhug80TFgk3nadVOg9zSE0E59Zk9pf1B11468BpKmrllr3OZ58x|https://lh3.googleusercontent.com/gps-cs-s/AG0ilSxR8Rfc5Al-38kbHf-pRpbd2P65MU8Vnr5G4JbCj8zrR9wc4eavii5qFOIOwu6iZx0Dt2cE6XFdUtGrCcPYGzJ-UUeXi0ZlqSnP1uR3AnrOwm15qIUZ8yt26fBeDcmWk9a4u75rvA|https://lh3.googleusercontent.com/gps-cs-s/AG0ilSxgLcIkHsmm-WadZbTyjk9NDBVVn4UzTP5fW1TzvmcSQzuqATSfOQoBEqxQcwrnhH9C4rGinyCEtgZMyHL8hjf0su9G6_vx8tb2frZ1rUQVij_dfpn-0Hhj49BVgFp5QdnahUip|https://lh3.googleusercontent.com/gps-cs-s/AG0ilSylzxvFHDXi6sAf1ZGoZv_Y76ZQ89nL5lVf3z8D0dSl2xn5JttTsOG8fs7PU4ckX6oFIXcJPWXSs-bAdPkjGmHClnlzIzvKtev9LpEXzu296BFSh05OxRi2KLrpnmTU-wa-E1EGAazKGCg|https://lh3.googleusercontent.com/gps-cs-s/AG0ilSwZuOFzuXHb5GG3IKes0JnHc8LRt0HytxgEVpoyDBTiU5KnAMTV4DOOF5ohU_sbG2vZ5MSVUBdu0dcQYf0SoMQ6R3baRnw2WeDvGeusPSTkla-O0HegS2dmwT5FsE9EsiAln3U|https://lh3.googleusercontent.com/gps-cs-s/AG0ilSyoOIKUCkHqZ3uOv1fhr5TnjVsRR2GctpfmEQ35QSMVDNZERz6YjQs_-oKGDzPv3D9ge2tCrovX8sxSjKwUVLJzgvhDSRKrXjD0rCuxN5cHCGFpP5CtQGY0vJfMsV0ee4Wa_QRS|https://lh3.googleusercontent.com/gps-cs-s/AG0ilSyQ8unp2tkfWiapvs5-nHuUDxkqVcNxY2z97ucDxtp36FpFPGbQR3fErFt2PrJRbdAbA136pRPO1I1YiWGsQ3TItUsVo9aTV0Jj0NH9hYGkpc1F5Nu9qNtH1rBOWfs08Rfkc8M_1w|https://lh3.googleusercontent.com/gps-cs-s/AG0ilSx6Nf5UUCBaCBoFTwlUrbcUnsJWPZ0gIE-M2yTVLvc-ykc-C6GiozU60oK3MGvmFckLEcGy5Hz6UIogOfUtH8LhL70Q9ppfja9ROBc_0pCJ3LMXLN8k-cIIF3qv7X33s1T2JP8|https://lh3.googleusercontent.com/gps-cs-s/AG0ilSzSm362hZPwlLOHGN9GDNNTujvlVutywNm3uQEsbbl12g6arqrKUkmOrlv_D8bYtA1ytVJIc4Rx91gi-Lb-7EVPr4AuvQB7qDuMD4QXQilY3rt8NUuEoFwrCmFaGOCe4ptn02mACg|https://lh3.googleusercontent.com/gps-cs-s/AG0ilSwwV8HEKQEqGi74xKO-wscKd0shEnK5pfdbZ0XDwGmt8piPYAZnX1YwcMcwWuW1CtgQbPztlrIAXXVOmoSJW6Z64jzzeGWqZxfQiuCjTwmxFqaDjlcsFGQjatBMNfM8GtInfW8|https://lh3.googleusercontent.com/gps-cs-s/AG0ilSwzKn0BhpJbN6BneMqFI8wOapp-NKW1khvi9mSirv-GSGArTZ4wOGHkqo6z-s6g1oXKq1I74Yx-pCRcnCFcyf3Z5VH3r3_HgK3Z6WT41QVYBcqtOzWfvTTlUvwHplxoukDltz8
"P1006, Agadir 80000،",New Style the barbershop agadir,N/A,0605-747206,N/A,https://lh3.googleusercontent.com/gps-cs-s/AG0ilSxAKuSfra4PSSACsxEOjrAps2LdwgN9fY7Ia-Xh1C-q9Bu4iZWIucpgCNGSUosxlULM0visHmpybtAhstiK0i_JcbJMXIfkybd3KYrc86TRrD5yRA_Gb3uS1yy0-MlzTNTEtV4,"4,6",https://lh3.googleusercontent.com/gps-cs-s/AG0ilSxAKuSfra4PSSACsxEOjrAps2LdwgN9fY7Ia-Xh1C-q9Bu4iZWIucpgCNGSUosxlULM0visHmpybtAhstiK0i_JcbJMXIfkybd3KYrc86TRrD5yRA_Gb3uS1yy0-MlzTNTEtV4|https://lh3.googleusercontent.com/gps-cs-s/AG0ilSxYCEg51QF3r6iAHPMlmbgosgOIL70KRfcIKJyDdWpkXPYWyIblky5_b1zCidb189hhApcz_Nf6aA1gMpC51VlyDzrYU3g-7u6HqOO8g2jQSR89VfuEs_kJ6oR6BboyrOjG01GyGw|https://lh3.googleusercontent.com/gps-cs-s/AG0ilSw6b8M5nWIWpoWPR8mErOWsVUdNgyNv1lIxuKndlrtJarvoD_i75lxIzHH0OhZhpPP2CXqmf9gahROxRj4wC5HQdsZcpUQzmIeyGyriw-53ZF2Sq8U_pj59TxIrJipnufj7IQY|https://lh3.googleusercontent.com/gps-cs-s/AG0ilSx-pnlNKWrBxT0v_grE9Sj1bjbBswIlO7lrnGugsnlq6PtSVKPTzx61k5nwkbiRJmLOjOp8m5c716E-eGJMlNKsZoOexn9BxUeZpfgSNenE_vdb37u-J4-i7mfzWHjenrNZ4CAy|https://lh3.googleusercontent.com/gps-cs-s/AG0ilSyRKTpRZrSTqU4vbMt7PiTC8Xv1mNhNMQ5KfyvWrxGccF6jUtdGHj0-yFR2D5z6dLgq1fIX6EYqY3SbPWZ0tJyOBWOKysSdtQ07OcXK_SA_5XgzhZ1ofUAmeNARoy_rWqycGv8q|https://lh3.googleusercontent.com/gps-cs-s/AG0ilSz6wEMdCCLQlA9H4QBh76vXQb_4qu-gGhwqLvsLHXqKi9Oi-ob1eXRD4w1FGi_51pZZ8aXANLoVz6D8HjVuXp2ImF9BA__knJDTfMF_Aw27ClocS5FyLxhUyXMiz-aj2FEtCW4foN7Rav6F
"5-6, JET SAKA, Agadir 80000",Lartiste - Hamza barber shop,https://www.instagram.com/hamza_barber_shopp?igsh=MXQ1anZyM2J4MXI0Zg==,0616-997366,N/A,https://lh3.googleusercontent.com/p/AF1QipMXMi8ICtSH_iPLuViF3JmEzsrcTh0KYIyCiHr2,"4,9",https://lh3.googleusercontent.com/p/AF1QipMXMi8ICtSH_iPLuViF3JmEzsrcTh0KYIyCiHr2|https://lh3.googleusercontent.com/gps-cs-s/AG0ilSzGBklSC18T3gpIUdFXpCHJlJSN0yxXnDWK-B0QVS4g1EgCnBK5slv_ad607qsIlV4fyzVHi2ahCgDiD61VpDwOScLa_Et1ctgNKBVk9CAXCSUMjGmzHFcpvrz-I_u2zX0SIB8|https://lh3.googleusercontent.com/p/AF1QipPlL6DOeuFLOum09RKM1Ly1Yc8M2-4mvMfwOyGF
"Green Plus، Boulevard Casablanca, Immeuble Borj, Agadir 80040","Salon Allure Agadir - Hair, Gel Manucure, Skin care, Hydrafacial & Barber",https://salonallure.ma/,0602-010167,N/A,https://lh3.googleusercontent.com/p/AF1QipNBjt3MOkZdNF8AR5uauCJ2iIr6bLckOqPgHlqg,"4,6",https://lh3.googleusercontent.com/p/AF1QipNBjt3MOkZdNF8AR5uauCJ2iIr6bLckOqPgHlqg|https://lh3.googleusercontent.com/p/AF1QipNGqvZakOU7cntwX9hFGX1cIr6CWL_nhPoxEZHq|https://lh3.googleusercontent.com/p/AF1QipPNZzteYurOaYiqvff0JczxV6Ddusg-XyPtR3Nh|https://lh3.googleusercontent.com/p/AF1QipOfUZj0XPJYlr1E2VCVgT_ELJw9rFFbOp0TrNaj|https://lh3.googleusercontent.com/p/AF1QipNJCDlg5cg69JfFUpMXoml41WOJ33ri6cY9LYmU|https://lh3.googleusercontent.com/p/AF1QipOlNi3JvP08nMj73nO7yMmBVgSdpP96fccje4r4|https://lh3.googleusercontent.com/p/AF1QipPHq4EhR32cIPwtteiBj6hNJ78aoqosXyI6hM89|https://lh3.googleusercontent.com/p/AF1QipN98BcvDkcORFXKOiIaUV6RD3BM4slQoI507Ev2|https://lh3.googleusercontent.com/p/AF1QipNBhhgMjDTm3TjrAng8iAj06eGhY8lIZ6jBQob9|https://lh3.googleusercontent.com/p/AF1QipPyHu16v5gjCkxPnsqUSGdNMbLPvD2qklZOmpvl|https://lh3.googleusercontent.com/p/AF1QipPBxZn2GpbrnYOl_NJHrNEwRAXX79YPyfuUo-fs|https://lh3.googleusercontent.com/p/AF1QipNKKD2AXEr70buhFgn5rHzlFxYHXJyhxSzYvf4x|https://lh3.googleusercontent.com/p/AF1QipPQq12R1ocSCYLcAOTYev146EEsTT5sN5W3XiyM|https://lh3.googleusercontent.com/p/AF1QipMDCU6cGB5JKP1pcCgeHaLD4MCwS6j_Nr8wONGt|https://lh3.googleusercontent.com/p/AF1QipObyf-a1HSINcMqkG-4aqWADNt-Ro3NK8KhxwlP|https://lh3.googleusercontent.com/p/AF1QipNeJ-pCYiRYY04BzkZx5XxyM19MQGc1Yb6K8XOa|https://lh3.googleusercontent.com/p/AF1QipOUev1GdYBJNiXsgFXsg7JQGthG0dy6z96pCPq6|https://lh3.googleusercontent.com/p/AF1QipO72FvQPU-lixbk51yMVtA_Jy7aHv_QSD3llhla|https://lh3.googleusercontent.com/p/AF1QipNcg_GLQMq0ijNcmDD0nyoSluFG3FRz-GNsolEP|https://lh3.googleusercontent.com/p/AF1QipNyn4DRAvS-6nu0iHwlpL_NAVzm2tSub1LWYQs-
"Nasr 3, Agadir 80000",Barbershop Pregasquad,N/A,0767-656644,N/A,N/A,N/A,
"Rue 103, Agadir 80000",Salon de coiffeur agadir صالون حلاقة أكادير Barber Shop 04,N/A,0698-790510,N/A,https://lh3.googleusercontent.com/p/AF1QipPvUACE-_T-KDPt8fCanycHzc6-5yWy58gTHwPX,"4,9",https://lh3.googleusercontent.com/p/AF1QipPvUACE-_T-KDPt8fCanycHzc6-5yWy58gTHwPX|https://lh3.googleusercontent.com/p/AF1QipPpx7CjjMYXNro5vZ-sCLhf2AGSZ41pl3Ja1BEa|https://lh3.googleusercontent.com/gps-cs-s/AG0ilSwNMuF0S3CpTA0w7_uCyISfsD9RQZQ1Ta1tGPWCmLXY3XY0v1HHuumWhXRhP88BmLLgTPnJZX01svwkIoKCulq_A6mPgHCrSg5X6boZdgajoiMF_GK68kUAMGjUCv7ENwoVxaRk|https://lh3.googleusercontent.com/gps-cs-s/AG0ilSxqewxYZCK0Hwp15PBTNl_Qum1w3sNbzzS0syfqkenKyo8IIGMWH31Wa0TH6ggGKqizVoYAvEWJVC8O2HABMIg036wr8SLP-QQ9TLVB618L8LnwgYnB3b5z4Wt9oOsGG-4UXRJ4|https://lh3.googleusercontent.com/gps-cs-s/AG0ilSyE9esvc-tSyY_lY1T8_WEVbnanopPJLbD9bTUVzWCTnKLNZeMpPVl7em57r5SIod33xja90EzaUZq3KKdyDlVv2oc4PWj95u0AXM81MeHj3RJrXOryiJYdouKqGj-qp2ucLRVK|https://lh3.googleusercontent.com/gps-cs-s/AG0ilSzqSGVyakAKy2nDTUAqib_IrWBIIxYxta9jBM3YVGPmXDFzjw9OWNaHgynZKdiOSi1nnrlkjrlEfnG-7slNcSAYCJgoSHhalgRqz7hJtMSmvfBe3wDzpGky176tjjZsErzZknc
"13 Rue Al Farabi, Agadir 80000",KING BARBER,https://www.instagram.com/hichambarber33?igsh=MWtwbnluYjFtejVvcA==,0659-826175,Situé dans : Café & Pâtisserie Ait Wadrim,https://lh3.googleusercontent.com/gps-cs-s/AG0ilSxqewxYZCK0Hwp15PBTNl_Qum1w3sNbzzS0syfqkenKyo8IIGMWH31Wa0TH6ggGKqizVoYAvEWJVC8O2HABMIg036wr8SLP-QQ9TLVB618L8LnwgYnB3b5z4Wt9oOsGG-4UXRJ4,"4,7",https://lh3.googleusercontent.com/gps-cs-s/AG0ilSxqewxYZCK0Hwp15PBTNl_Qum1w3sNbzzS0syfqkenKyo8IIGMWH31Wa0TH6ggGKqizVoYAvEWJVC8O2HABMIg036wr8SLP-QQ9TLVB618L8LnwgYnB3b5z4Wt9oOsGG-4UXRJ4
"Unnamed Road, Agadir 80000",Salon FRIENDS_BARBER Agdir,https://www.instagram.com/friends_barber?igsh=MTUyN2w2a2MxMmp3aQ%3D%3D&utm_source=qr,0674-278167,Situé dans : Résidence Addoha Al Baraka,https://lh3.googleusercontent.com/gps-cs-s/AG0ilSwZNMgvCoudcrH81ZNRcoyaiC3VqGhNphfLf3t-J_0Uibr41rE1WZAy4XpWdy_ib1UAOfxUtESBXviSGeuvBz489VSpTa0Qb_k5G3KCn8AjS7d1Mngp7AFfk5spIfEiY816DY4s7zj8n0A,"4,9",https://lh3.googleusercontent.com/gps-cs-s/AG0ilSwZNMgvCoudcrH81ZNRcoyaiC3VqGhNphfLf3t-J_0Uibr41rE1WZAy4XpWdy_ib1UAOfxUtESBXviSGeuvBz489VSpTa0Qb_k5G3KCn8AjS7d1Mngp7AFfk5spIfEiY816DY4s7zj8n0A|https://lh3.googleusercontent.com/p/AF1QipPfjG7BBaM06L_7c4xZM1r3Nlc6pYnE5vDBAzCV|https://lh3.googleusercontent.com/p/AF1QipOdsUL-xJJQq7WuyvmvMIA0NjADyaZ9TG7WgsGg|https://lh3.googleusercontent.com/p/AF1QipMF2PMWpUEyAFBINMfRHOYD-j4D-Jq7R-zrJINQ|https://lh3.googleusercontent.com/p/AF1QipOWGjJnxZHyJSvxqfBjP2vPzIaAAOUN3ZmfR2WN|https://lh3.googleusercontent.com/gps-cs-s/AG0ilSy5VhTN_FFPbm1OhbWwZQtwOP8f5y6ZGWeKgv2A8UH1ahy2SqTaajvTdRrTzWK27ceRZ3Dp0v2yR7qbFPLp1jX1VL0pyN8QrAv8Q5gxH4BkLxADESpvtJyQCaedYkSZdQY3R9WuBQ|https://lh3.googleusercontent.com/p/AF1QipPLaBcLGUndgEHWQeBe1XIDxhiIcOc7I1zVqCwi|https://lh3.googleusercontent.com/p/AF1QipNg8agCkT-N1TIY2CvQ7-Twir6fUhAD00oyKvV4|https://lh3.googleusercontent.com/gps-cs-s/AG0ilSyjFtQNnVbEaI8UFakn34MdBCJ-TsCvhnkLPIWATK2thA8PwaCXZBcsXxtXwM4pMzcfguG2hUACO0m3p4yVLVa1ajAzl3GRDO2I16VP75ymZ_5a-GVmFMRedxcAhAavx_nyzjHFbNK2dUwA|https://lh3.googleusercontent.com/p/AF1QipMC_Xl277K8sTI8WAat7hEqKz6DhRvlpNhnMWXt|https://lh3.googleusercontent.com/p/AF1QipNwtshMtw4jZwPgUyVv41Iwzb-7aHT5mFjxeWgI
"n 1, Hay, Agadir 80000",Sizo barber shop,N/A,0679-738119,N/A,https://lh3.googleusercontent.com/p/AF1QipO-tFql-4Jf8_Tmu3VuB4Fj7TO4VHS1JkCywyTe,"4,6",https://lh3.googleusercontent.com/p/AF1QipO-tFql-4Jf8_Tmu3VuB4Fj7TO4VHS1JkCywyTe|https://lh3.googleusercontent.com/p/AF1QipP9ZKMPqKbPIlVmqsK96betuQ5mi_-hWG8NnPSc|https://lh3.googleusercontent.com/p/AF1QipOqayfQv5X8WkJOHDToTfkFzaAh09K4U5X9QSRh|https://lh3.googleusercontent.com/p/AF1QipPOHzx5G6VTVeDvzYngRcuy043JenD2jBwXaI3P|https://lh3.googleusercontent.com/p/AF1QipPrv2JIShQPc9gqpV63gLHx5IV-X_2bNL95Lj-w|https://lh3.googleusercontent.com/p/AF1QipMl6b7uuVjY2Y95s2eKfUhNrke2lJ3LlG7xLIxx|https://lh3.googleusercontent.com/p/AF1QipN5jo3rR5MM2SLzFFzUtvON3lfUt8dU4_gAwkrM|https://lh3.googleusercontent.com/p/AF1QipNDsslroIlNdOmTYjpZSTsCDlX_mcz2_NOSv5nn|https://lh3.googleusercontent.com/p/AF1QipOTpn-BLn3ePU5M9uQJwBrQSLHl5r3V2dXGMxsR|https://lh3.googleusercontent.com/p/AF1QipPgeU9JxIBVsl0uLIjPh48rOSacE9yJeXiJ5tNb|https://lh3.googleusercontent.com/p/AF1QipO9Yf9C04sST6fX4DQb7fScXjSmqtFYvc7v48d3|https://lh3.googleusercontent.com/p/AF1QipMNRSPIAobg9J2pUb_wm-juFx6pPxf7-ubWIuAf|https://lh3.googleusercontent.com/p/AF1QipMh7W68vBAvxy21HOztnZRa73stbqrOeZjIiAdJ|https://lh3.googleusercontent.com/p/AF1QipP75iQioADooSeNTqLjB0FoVuPOHjQdHSxiqgdT|https://lh3.googleusercontent.com/p/AF1QipM_yFyyagMbjSGphzJMiCSXX83Ld_cE5HVEC-gu|https://lh3.googleusercontent.com/p/AF1QipO5BdvQS8PMIHj7kp6tcRmFNHiwjZ-LdGXqyRL2|https://lh3.googleusercontent.com/p/AF1QipP8t9KE5IaZ-iv8TOuZUJ1L5gl4_Tr3aqAKgg5R|https://lh3.googleusercontent.com/p/AF1QipO4Row_Zzzn-DcawOvqGlgDWQ3sD8ffCyrTLKOO
"N 21, Rue Fes, Résidence Borj Dlalat, Agadir 80000",Barber Shop Nour,http://instagram.com/barbershopnour,0600-521717,N/A,https://lh3.googleusercontent.com/p/AF1QipOyUFUeSwQMZQ6LlLsDTqW408M54eVFD4QSmB5V,"4,3",https://lh3.googleusercontent.com/p/AF1QipOyUFUeSwQMZQ6LlLsDTqW408M54eVFD4QSmB5V|https://lh3.googleusercontent.com/gps-cs-s/AG0ilSz2uQ2UK819V8JneHPA7zwqAF2vu6V0ruoi3khqRFMiCpD3YRxe_E3mEo5kBEWF02nYTVEoDKWDKL7UcNw20Os0Spn_VXUmWQwMHu9dntfJngQe9BxrrPNzm3KPbZ4CT4Dvbneo4HvMKVQ|https://lh3.googleusercontent.com/p/AF1QipNiL4Oa1RpnCVGiCTp2k1R4E4Kf7Hp0mhkryIzn|https://lh3.googleusercontent.com/p/AF1QipNPujgt_sdmfv3P4ozTLjHzScrCuspxTEEuvq9g|https://lh3.googleusercontent.com/p/AF1QipPmINe6HVVV8dKPxreZkpBQvGH4d4ZMm0reDhrZ
"CC6V+V3M, Agadir 80000",Coiffure Santiago barbershop,N/A,0661-571666,N/A,https://lh3.googleusercontent.com/gps-cs-s/AG0ilSwE1PNdVjscfbqyR-CtJ3DiNidNXIsK71AD7jFx6iuMKvfRyzIYl4Xs5tjmw8SSSHGxIS7kt_0eBBrcI5y6va29k2RjWjJmg_1vnTmBPghzL-VA_q55UiQFlxKBwRl6z1HvJHkP,"4,7",https://lh3.googleusercontent.com/gps-cs-s/AG0ilSwE1PNdVjscfbqyR-CtJ3DiNidNXIsK71AD7jFx6iuMKvfRyzIYl4Xs5tjmw8SSSHGxIS7kt_0eBBrcI5y6va29k2RjWjJmg_1vnTmBPghzL-VA_q55UiQFlxKBwRl6z1HvJHkP|https://lh3.googleusercontent.com/gps-cs-s/AG0ilSwsJ63bcq1v3CScyEufSEyouAKZ_KOfdPBB1nWno_iuAdB1kFI9Ig-Sc5MlJjeRAZHfF5ShpyY-1cjd5qbVwjzpMumn4mu5FZ1q2PE8k6RQbuak6oID9TJR-EYQ10s6I6a9r5FF|https://lh3.googleusercontent.com/gps-cs-s/AG0ilSx_098CBOfVmlwfS20KeNCmskaVOMKpcRZFlU7-IyTcfnDny21EQQ4T-8Pa1qiBkQo32o657GAO7qe_iApH-nF39IpC7esdW6yJKs_5dDx5vl1EadtKTenmjdIvA7gLTjgfwM4o9w|https://lh3.googleusercontent.com/gps-cs-s/AG0ilSzHulAkTujdLZyZdTOMJtGd5XbpvagxEmzM1J7JJ3QfZIyB_quUDWXwzGXzdmXOUu5Cp2NUXPO2hofNT-THFLDzpHzNifl7xIReUB_4vZRPtxdjveV4RbOOiUHSJAyr2JLj7w|https://lh3.googleusercontent.com/gps-cs-s/AG0ilSx6lh5e9sv16EIDixnlRDquOSh7avmfwaRx5Bx_lWrtdvm-0qhO-jdOKKrUugUgztwawbn8beqjG0dxspW6J-3qOg5-UlDFEylvfnl7KmGRitlvMiBbzfBJg7q3ysXkd7k_arw|https://lh3.googleusercontent.com/gps-cs-s/AG0ilSwhiHpxIcVdCpblrAZxAkEuzf1coSqWas6-n4tiYhK8hmJmXbZENUoROameFZS9eeI8cokHJY50wEMn5zonyZdGBzZRKsx72kFH9J2M__grc6k-y74bRzrY5_HG6u-ix85Agv-9|https://lh3.googleusercontent.com/gps-cs-s/AG0ilSxKqWHfDxyBcVQAPJDobegJVnmtFPAbJ87TsYzr5A9OeHMpzNyuRaCkCgkEA0SH1ez-lve4SpXxpcn-O9P_VBhRqDwkob7bvZGWy_uECZ75_6ewNwFqG-Gdnvb9vDo51_HHYNho|https://lh3.googleusercontent.com/gps-cs-s/AG0ilSynI9tAUvhFsv6SUKtjjLYkKNy_nLh9BYJgEEOdktRekD5-ZYcAWM-bOV01pSrUETBwH4--20jIq8ebiCRlvf7ljRrEROTaeE67yiQB0NQMo2gqcZLJG4xmyOMpyrs8WgSWUvxl|https://lh3.googleusercontent.com/p/AF1QipNo9PMO0tHXdhAzKQUu5GLejqK1GbzCRFFeQnw|https://lh3.googleusercontent.com/gps-cs-s/AG0ilSx3Sqw2VoF0XPIFH3ZWKCGcyMIQTRkaCbKjCkMbJCYYhj8l8Eo-2SwD3Pz7LjXdGEuGUj1orA4nyV84COOCRXhe9s8QavtMCGVFxeICh8a77kFynvqh8ceUKg9TensM95xMgQS_|https://lh3.googleusercontent.com/gps-cs-s/AG0ilSxiXBtHsX4Jw_giyJrG1gxObLOjlU0XIrBIOS5eyH5fdWTDccMV0-7iBoJgGiqapxfhTHz1z1PbIDenJokObMO1D1y7ikwdSd6kOC398p6dkfiPdMMgYmpC1WVC5fcxMSVM08RE|https://lh3.googleusercontent.com/gps-cs-s/AG0ilSwVnY5GdO8TD4v9jBuJQp2LR_OR3H1EgCXrn5HGUl1YAKJ5iOqTV7Y8d2aL1a9tJ5xvdz0QUhR3hSIDQc6woQQXiCpEIjzdINohpEul3oV4bIDA_krxyMbT_Tctufmmba4y_cg|https://lh3.googleusercontent.com/p/AF1QipM3zC-nlsWN8a3pbqqNaEnb8YPme-8L_8poiGI|https://lh3.googleusercontent.com/gps-cs-s/AG0ilSxHfWhIKqEW0M1awiVTKFTl5qsGb7GUAQKFnxzQ6sHs0EL2Y65-28_qETzOdGA2auKE1tjmkHvRXGi3HE1aJ2q1pttqmJ5MTKOHmQGw4dsk6AaAWooj9nmYGc3knpy4AwjA59Tl|https://lh3.googleusercontent.com/gps-cs-s/AG0ilSw0Y-73Gsiub6Ihf5RsVWk0f7z6hu6S-2usNcTxBFHXNTU7D_E1ItRum_pt7auOU5ITgTjmhtPQoz3XngBXnk9Soo9zFbvlKQG4Ll5qETf0KHzhItr4iCTUoYIjJzhOeTBQw3w|https://lh3.googleusercontent.com/gps-cs-s/AG0ilSw8N8Yd0VM4OljWLD9DLL2OxCOgcjdfo5jHNpU49D3oARWhA6YI87RJf0hVqhgLt_U6XKq-LpVpDJ06hWqihuZM4sA2Im5xAkikAGoa2-ZQhvFYQWiXnyZrTGHogoDUtYUqB-Uklg
"80000, Agadir 80000",Barber hssi,N/A,0653-540162,N/A,https://lh3.googleusercontent.com/p/AF1QipMWCcAjqwvzRB7S8FMarL4zoXhtRr_wev4WMOC_,"4,7",https://lh3.googleusercontent.com/p/AF1QipMWCcAjqwvzRB7S8FMarL4zoXhtRr_wev4WMOC_|https://lh3.googleusercontent.com/p/AF1QipN2aeFE_j3AhKRdVDuwvVwpQ139yfQD0Jt8YQ3X|https://lh3.googleusercontent.com/p/AF1QipMLp0_wdkRhIhZ6drGKe_f7v7QT_RwRdJnpFBYL|https://lh3.googleusercontent.com/p/AF1QipNIASxAqAYlhHuoMEZmVGqPdv2pdlYS4qpc_a2N|https://lh3.googleusercontent.com/p/AF1QipPQ7y3S7CHw0wZLPEChRZ3q2kX3ovhZ6XfFLb_j|https://lh3.googleusercontent.com/p/AF1QipMpwkk8moQvHrr8S7oDWb58lTAygPHmAM6hqED9|https://lh3.googleusercontent.com/p/AF1QipNWxRyZ4giEd1_BGW1t__Af2agl1N5GhiaJySD-|https://lh3.googleusercontent.com/p/AF1QipNu6nTwigJK_zCEQURCP-SvGj7yvfWYJh2ndyW4|https://lh3.googleusercontent.com/p/AF1QipNK7gVlYmuCgAWE9GnCiN2ZfT7X17yBHmI1nXpn|https://lh3.googleusercontent.com/p/AF1QipNZItKrtB-vGEFFootSMuh43Ytr1ZJUxz2qGXQ7
"Pressing Fal Oumlil, Agadir 80000",BEST FRIENDS HAIR,N/A,N/A,Situé dans : Résidence Fal Oumlil,https://lh3.googleusercontent.com/p/AF1QipORMfqnS5jGF9ErC2OOtHXTTJlkQoUGzDBsv5aA,"5,0",https://lh3.googleusercontent.com/p/AF1QipORMfqnS5jGF9ErC2OOtHXTTJlkQoUGzDBsv5aA|https://lh3.googleusercontent.com/gps-cs-s/AG0ilSyt5-4B7HY3-vZkLvsAZ6R90sv1G3KNpBnGIVnXkN34zGj-fxHZ2fqTkDebKqtOzUSz62TxKgVr9lsKRcBAo0mWrOMf7TxItRwpWqXF4DN2ydJ3GgLoEPCFdRe-zRcq5ezgxe_8FA|https://lh3.googleusercontent.com/gps-cs-s/AG0ilSyulICvfcbfJQZjPDDvVkc2ZlQ3CEm6OWCoz-xFB1VGFo1uxJ2-cd-q4witMCvRpTYuHk-ggip1ccQHK0WQXrX5ED9AUXhl8ZftB1depLSGKSIe8OPavTvG1cY6ypROrrVeBxs|https://lh3.googleusercontent.com/gps-cs-s/AG0ilSwzUTF46S95Dp-ut6POLagmgYhoIO7r0OGDbB9WbCM0czhl-9HoDYGYT18-AFB4LEMVat__nRNQuToXOjp3XgPP3KbmC10FDrebfD7WvYw_5WBbOWRU_AuFVIxqBFO-sSUVTXbQ
"no 355, Agadir 80000",Coiffeur Sgogo Agadir,N/A,0626-541528,N/A,https://lh3.googleusercontent.com/p/AF1QipOf4Ckjj744UMeTtbByddoNs5jmewydAs30tckl,"4,8",https://lh3.googleusercontent.com/p/AF1QipOf4Ckjj744UMeTtbByddoNs5jmewydAs30tckl|https://lh3.googleusercontent.com/p/AF1QipMmlLOgfmrqY5aILXEm-ZlQUI0nTa-492pHjQzC|https://lh3.googleusercontent.com/gps-cs-s/AG0ilSwGrwdalTv3tu5foTFDYbyYvGacpKgbpnFAS25pGfLdOOKEUSDaDnSOyXb0jZM5_Rdg2zsvTRkHAgkObdLHgNh0bUcmZw9Y_Gm-UPvWZQwRTsdrtf8LV3-U10Y857Wli_CRZhs|https://lh3.googleusercontent.com/gps-cs-s/AG0ilSyosGbpo42w8GKkCcKxz0tJGan1X89V_dhVN-jj6EppjMlTlyGbgHlbA6APeeInz32p-8xNLXx7dEaSy6GphW3MAV7aW9dGUKtZH3YFIbEOWLljLgqcFNNQI5bKD7ERsi3qmVvz|https://lh3.googleusercontent.com/p/AF1QipMmxVhArP43CwfzY21OsLIG3_DJNK-r8iCuRKOI|https://lh3.googleusercontent.com/p/AF1QipNtqyjxPh_7Pwzd1WrEA_mxNxnYpnRXynTVA2hl|https://lh3.googleusercontent.com/p/AF1QipPsVYmIsgP-A4K1O1EJ3WKzc9lmXSLp4aU1QC0Q|https://lh3.googleusercontent.com/p/AF1QipMBmUc4zrb1XfDyIo3e-0aZbeLeJy7hPaHqlif0|https://lh3.googleusercontent.com/p/AF1QipNxxQHhy-9R4VmKIRWAwyzYcIMm9k-2-3OUMxOa
"80000, Agadir 80000",English CoiFF,N/A,0663-066331,N/A,N/A,N/A,
"bn walid, 55 Avenue Khalid Ibn Oualid، Agadir 80000",BM Barber,N/A,0669-346293,N/A,https://lh3.googleusercontent.com/gps-cs-s/AG0ilSwbgEVEh9cgf1Bk8x4MuNy6T1bfJWux8apd_cb2mQLDLx6E1lnEljO3O1qX-fRUIV1AN6hRybUGmV0-o1PWBMGXhPqoe-Wei92K4IeW_Qhe3uHqRFAKV4-KvjZ3v_dm9v52HPkm,"4,8",https://lh3.googleusercontent.com/gps-cs-s/AG0ilSwbgEVEh9cgf1Bk8x4MuNy6T1bfJWux8apd_cb2mQLDLx6E1lnEljO3O1qX-fRUIV1AN6hRybUGmV0-o1PWBMGXhPqoe-Wei92K4IeW_Qhe3uHqRFAKV4-KvjZ3v_dm9v52HPkm|https://lh3.googleusercontent.com/gps-cs-s/AG0ilSwxfVRbcaJitf7AmN6dGYIdrSMznPYipRhVEDThJuObrTbwrJdQguHbfnGrL5D5ANEXoE65slW_FRlFs1Cxucqj7Pp5yxd96aJAQ1_trCQPt4M-RbvV0gt9oaPZd7QSFJk7imN_|https://lh3.googleusercontent.com/gps-cs-s/AG0ilSws0Cj7_9J6amxULwjB5fmEhcG7BrhdijXHy_hn3p6F2EAZC4dJCZ81rJvPGaUhKCHiHcO8fpx3dHBhRIFfkVSC7IxFFsH7pGyPILk0BE5niMdDN_UeJ2wG2fCoBqKErJSI-ew|https://lh3.googleusercontent.com/gps-cs-s/AG0ilSxJ21fRs1ugoYNHOTBTe28WSN8UXhYKjQySjIqqRv_IZ1JXGTXqZG4G5prTa9JQ6ALGqYGML_wwndUU54OdeWKTZ72RH2qWKBuJ-c8DtuUcs12ddszN2HxL8n87_nQB0dOVqIlz7w|https://lh3.googleusercontent.com/gps-cs-s/AG0ilSxXh0TRo3WX1RMobIGZdwUFMDyTZXAD1tmxJRCrEuf2ZMpbrEKRi5sqkY1cBrj426aQtbPvXs-YLBjqnNlIUY7Q23nVNnVFX7VxcUhgPey_sXLyIjCLga9msze46iOHIGJkUhkr|https://lh3.googleusercontent.com/gps-cs-s/AG0ilSzRDVlRJ_iUqBLemdIgndkq0VUWKqv-gX2WSpOZoH9B7NtlKFutGLmNn6560arxSKPLcTm98IwkHk77Vo3xyUsskp4xMWe19dmWUgjExAtYSuvigrqRy184F9avnZxM1y4hRc4
N/A,Akitax Barber,N/A,0696-409968,N/A,https://lh3.googleusercontent.com/p/AF1QipMDfD2MgqjU1mp_o65SrCocyxV1RwoWuCoat5AA,"5,0",https://lh3.googleusercontent.com/p/AF1QipMDfD2MgqjU1mp_o65SrCocyxV1RwoWuCoat5AA|https://lh3.googleusercontent.com/gps-cs-s/AG0ilSxk4lWyM1zjbsqyP2Gjl_xQGQH2HyYeVDS7RVQJH36OwyugCef88hTDf99-17tnLLUHlwz6vCwXNzqDrRRyJm87UUXj0Lyjr3mwp84_ZCqwX5Q_bLM4mTbuSuSsXsSsz15mVm9H|https://lh3.googleusercontent.com/p/AF1QipOr_qGZBzi5LPxWr6eGvhQVDdxA_hAntw_4Y7MU|https://lh3.googleusercontent.com/gps-cs-s/AG0ilSxV0ZHnMRiGDLdB8q-bVJrAmTNDRLHWZD0LjEjQ4Alxb7qLAOqy1kJj_8pREDueX6Sbq9GBV_bJqitKUKm2VVo2gGB8pYgHiLW-RR5W8E8Vye-x4u0iP3w5b0DX8u6Lj2fWaz4|https://lh3.googleusercontent.com/p/AF1QipNfmRApKbZlJX00-mBmpLGJ5OfSsO1Y8DqkZsFo|https://lh3.googleusercontent.com/gps-cs-s/AG0ilSyY65iJXynlL7bWNRlGDo_4dCH5CZw1L-7OOIREVPDYZcUBEpShgybG6BRAwDTMVOrqKSJiQa4JtOvgc-JUSOT9lVEILiGdq6xX-bBvtEnQODcPgFYAk1gvCAaxMo0POlq_KtRRxA|https://lh3.googleusercontent.com/p/AF1QipPJ_89wLsb_B6UmmVag05xKhhglm6y4vqK45KVQ|https://lh3.googleusercontent.com/p/AF1QipMUs8oLZ0en9olvtXouDcJ4rrZH3p37F-USHI5i|https://lh3.googleusercontent.com/p/AF1QipOnZ8T3Z6WpRk7CGL6ppKomFRJ0yupSayXLISVK|https://lh3.googleusercontent.com/p/AF1QipOCISR7vymIJP5DdeShctXJJBXegzLL77YW6jmm|https://lh3.googleusercontent.com/p/AF1QipMWqPq187iFuIWBcVRxOCkmYbRWIhh30XBY8gRy
"CF22+M5H, Agadir 80000",Barber ZiAD,N/A,0654-259796,N/A,https://lh3.googleusercontent.com/gps-cs-s/AG0ilSz2QywywTzTMOZw-bODt5-ymigO6VAZCovuLGbol2rISknjGm8BSp4rMsth1xObipzV5f8kMWxO9hnGJi_5nEY-FQ0MoNtV22DqU4Hg4gxTcU5n_CH_5Tujm43FfXPq0s1cJRS5,"5,0",https://lh3.googleusercontent.com/gps-cs-s/AG0ilSz2QywywTzTMOZw-bODt5-ymigO6VAZCovuLGbol2rISknjGm8BSp4rMsth1xObipzV5f8kMWxO9hnGJi_5nEY-FQ0MoNtV22DqU4Hg4gxTcU5n_CH_5Tujm43FfXPq0s1cJRS5|https://lh3.googleusercontent.com/gps-cs-s/AG0ilSxRdd41cZ9D2uQJKbW_oY5E_iMd2G3xV0-iFpcluJcWy0jrVzGZy3SDwzMGu8P1f_t4mbPM7qtyOt3ykDFgHv76IWsYP8r4Ty8Dm-VdXHG3SX7iVblRu3rYegMU7dfzPLTDz-8_|https://lh3.googleusercontent.com/gps-cs-s/AG0ilSzmQlNU3KpkYcd5wLypTKpsEhUVASUnUo-xoERQk1aO6vHxuSfK0AoQN53teET1RdQSyCCghfD2iJeOX_dpkevkm2gBrKRhA6MkmOThHjaM2ZV3J9PH-uaro1KJRcGT4DvbgbJAgQ|https://lh3.googleusercontent.com/gps-cs-s/AG0ilSxNmnW2VKzj_m6kO_WHOrtX7p5mav5qwwxbnPBVzMZpwp0Rf5KBCRzwm-1rhaA1zAAqyMdqPmOiSGc-syvpYuRsLVkTFDCJgTMkJXZVFTl0cgL84Glt4ErDJNHlufm7ARD61bQr|https://lh3.googleusercontent.com/gps-cs-s/AG0ilSzrrBobX0loHJNvrkDggBiW1nT2XecQx8HmKfGk0Mt3pffRw6LiCJECvtEp_Q62A0HdORkbwuuUH3EJvGD9VsqCzCky3vpCetjXkxr2S4AXOFDYi_D8tS9c6scsyxq0TvlQHZFPpw|https://lh3.googleusercontent.com/gps-cs-s/AG0ilSwxuMQd4TmYoRMEfmpzhbsqNmsHMyfuaMKmiLHcL6UXTF7AKI3RHrrkrjGwXdzla1FzmrqOqcRy0R53EptPUUD2F0-PYq7NG4uCJUFI60lW_3LZbOiXAy27ZXsHl80Ixextnw|https://lh3.googleusercontent.com/gps-cs-s/AG0ilSwMUKN5Nqz7y6Dx22LfqYWQzMP3gtsqYyty66aFi91y8DcowfIp7p4EMnlgshO4RABZU07r75j-ndB3IDCohGOv0IlcJv4QLsK-JNc3dB9G6Th5pHubkXUHyHoplTdCaQbSMum9
"IMM 24, PROJECT ANNASER, MAG N 41, Agadir 80000",TakTitk Barbershop,N/A,0613-030559,N/A,https://lh3.googleusercontent.com/gps-cs-s/AG0ilSxedy1svrSJP0elG5U1oiQ717HjNxehbkJs96rOy4HDYJsumU86swCuOeqEyr6Z1D1DVO2jWziKKlswJm-fWBhCiN-sKenZX8RWuJjxnvnmIVkTA9Fe-oDq1l3qGInO7MejATTQ,"5,0",https://lh3.googleusercontent.com/gps-cs-s/AG0ilSxedy1svrSJP0elG5U1oiQ717HjNxehbkJs96rOy4HDYJsumU86swCuOeqEyr6Z1D1DVO2jWziKKlswJm-fWBhCiN-sKenZX8RWuJjxnvnmIVkTA9Fe-oDq1l3qGInO7MejATTQ|https://lh3.googleusercontent.com/gps-cs-s/AG0ilSwCNLv5IiC3CCWtbfS13Lu5r0J22xHClVhCYTUVLLwPNyPplJOGCIQM5ecWzeu6xmQJ4GY-qCebl3rQgHziRaStgk5w_W0mynDKHPGXQSAaH08IIMEHKyDdxZvpZ9SxjEDcEUPB|https://lh3.googleusercontent.com/gps-cs-s/AG0ilSwGuHZDRZokQHo6ExbHcBUheC_8aEv3mKCN_sE6RPl9na27bPV6WHqRjVbxtfVUGKgMKS0rzgF5_1E-KF4gnqXZ5l46mbSM8OsH-uxYat9D6hehfyTD7I3SNPSKsokl9WGupkj6
"C96X+GVJ, Rte de L'Oued Sous, Agadir 80000",barber shop,N/A,N/A,N/A,https://lh3.googleusercontent.com/gps-cs-s/AG0ilSyJDUpyQB7pwCGiiIjbNFPweLfrQSiGUFiaA8EpN1ZiBo3bF3edu-mAvcHKEjr_ZuX13JVNPAQRvy9w_h_fukVfe_La2Gn9jar4RcTNYyRUrdTYIsnXXTokG6bolWnt-ECEfkK90qa2MoM,"5,0",https://lh3.googleusercontent.com/gps-cs-s/AG0ilSyJDUpyQB7pwCGiiIjbNFPweLfrQSiGUFiaA8EpN1ZiBo3bF3edu-mAvcHKEjr_ZuX13JVNPAQRvy9w_h_fukVfe_La2Gn9jar4RcTNYyRUrdTYIsnXXTokG6bolWnt-ECEfkK90qa2MoM|https://lh3.googleusercontent.com/gps-cs-s/AG0ilSzbCKjVRSr3DDBClcbB748KXTbTxysvJOu4CA8bCaHldbEdSDZl_RlZ0lFz2A2juo1F_k8iHkXXw3HTw43d-lFysd-NVKxWjh5BNMRri-OosacsBjNrL7nqiV5xxcdN_kJc06kyuI6FB58d|https://lh3.googleusercontent.com/gps-cs-s/AG0ilSzvrGVPmlALTcd4kMALMojqOzouZVzP8IRhzShEw_arZ2MeA3yHqZBJXYE5Z0YF7TFt28bOgkk8iKCmUaXSt9xb6YHccsbAPXMea81CVKAn8tRzAdypL-ykYx413L3r_9vSnlkZ960Cfx1G|https://lh3.googleusercontent.com/gps-cs-s/AG0ilSynOWHycx4dpJs0ZSA8a1QZX6PEXa-qLxOvsNsJ2Rso7MC4LhYh_YlS6aO-VzWWgqU0FlR3U-uyyoihmc_KluC2C681nkiaKkPbhMNKIavsJpB7HHAxUG0shxFcUcey5Y_KburkVXb4tn0|https://lh3.googleusercontent.com/gps-cs-s/AG0ilSwPvh7_rOtbD7f9rXnM6K2m42v2Y49r0VA01JMk5vpmR2exezzTxGpMnZ6MTw-MkPGTmqWCCWkH9Dgd5rPqXOCP_I1UqzNgFNdzQZZv0LGt8GOAqgwiK8j12yhZUN0mWY9L-q-jv8oyVqhh
"305 Av. Hagounia, Agadir 80000",💈La FaFa Barber Shope💈,N/A,0629-805424,N/A,https://lh3.googleusercontent.com/gps-cs-s/AG0ilSykwetiF0s41XARWBbB0Fl7YIVToUNbJjB7tsFZwWUssyaETPW8GSb9Bw7j2RqfRvHXhgbVciF9TaPsgIU8Gb_cXg5c1T1jLl_Vv3xV7w839ZsohTZ9dDod0zuTqsTX6d5Y1BM3,"5,0",https://lh3.googleusercontent.com/gps-cs-s/AG0ilSykwetiF0s41XARWBbB0Fl7YIVToUNbJjB7tsFZwWUssyaETPW8GSb9Bw7j2RqfRvHXhgbVciF9TaPsgIU8Gb_cXg5c1T1jLl_Vv3xV7w839ZsohTZ9dDod0zuTqsTX6d5Y1BM3|https://lh3.googleusercontent.com/gps-cs-s/AG0ilSyEOD0n90SbFQWqqNBNA_1oCw8uHq4LpsZ7sTcoAkutOTLR70R92cjMgbrqq46UzxxzmDtLl6aCQkdlEuxRM011fx-PyQ2IY5Rz6PCp6Hr-X5nn5DvsrfMr1rG6pCq_aGgqWMxd|https://lh3.googleusercontent.com/gps-cs-s/AG0ilSyA81NXxOazpy2w7kMfWo52xqt_PscVLdydgjTj70pG--_2QCqQ7QDipJ8zYq_tU4cbdaSgStnL6G28-9csZfL4Ml8JCgTOnytLVNE3jVuzPxpD6JlUda7OUIPmW349ID4SqI0H|https://lh3.googleusercontent.com/gps-cs-s/AG0ilSxDKJHlUjpT9lr3R3HFUPs9Qgw1D78k3keZzGUn8J08tllqW3kL-FOaWYgCGLzG6uLPB_i4J_rWiUBpgLTmSWeYhqigPHlA7uVTrTh_EKoRkAfgyyNQjTG1MnL1zQ4IKSWbv52Egw|https://lh3.googleusercontent.com/gps-cs-s/AG0ilSxnUQelmNWUvtozziW4zQXEK5XDDYzSMHAPWQt2YnyZAeKDtyNGpkAHr_DCjuvcCSsqW8C9F6n2w3qu2SPmy1Hy-qLCoTml4ZoOa8_7xO5OibcPZxpaH9hU4c8NCu8ZVfIZy6KPeQ|https://lh3.googleusercontent.com/p/AF1QipO63m6m7GhWoo40bXn9-SStuycxT2UHgjk2PAlf|https://lh3.googleusercontent.com/p/AF1QipPJ1VaLcMhI7uUsljrIDmE3akCTcjCaT-d7D7J1
"Agadir Tilila, Agadir 80000",Barber Shop 911 Aziz,N/A,0715-892474,N/A,https://lh3.googleusercontent.com/p/AF1QipOqDHpl5cigXVD6xVPDVEgXst87bdQ1CMAnI4Mz,"5,0",https://lh3.googleusercontent.com/p/AF1QipOqDHpl5cigXVD6xVPDVEgXst87bdQ1CMAnI4Mz|https://lh3.googleusercontent.com/p/AF1QipPW4n3M7swtB4TYgc-dWnWTSUDS0v_hj-wDRdD6|https://lh3.googleusercontent.com/p/AF1QipMMHygMV6385LZ6XPsudweswbtF02HpsuqK7hd9|https://lh3.googleusercontent.com/p/AF1QipPCWcfdibkhizrmFxzcZJF9zwtRpRQyMfynIgFd|https://lh3.googleusercontent.com/p/AF1QipOayae5zfgmLyytuMIMEbJ0PHzLkn7MU4vz7hFw|https://lh3.googleusercontent.com/p/AF1QipM7-faJDiaWo1Mtil941zNyivCj_TX8E7njlCxF|https://lh3.googleusercontent.com/p/AF1QipN6DDmj3AKGw5xQ9cQSX4rpzQpVcx4UQuaJJQM8|https://lh3.googleusercontent.com/p/AF1QipPpOhAo3SpwIjESS-2T6CPsOperq7qxbBe1Nltw
N/A,BARBER SHOP HAMDI,N/A,0636-984358,N/A,https://lh3.googleusercontent.com/gps-cs-s/AG0ilSxqF9kicp9L-OX6Jht2X-jA1N8H8Q8Tno4gjmEsmpG-lCvSKj1iayZyhl_Roo2ZuZnk9krdKCzocAn69doWfgKwVi11XC2XdE64cO2MMPasrMb4uXG3OPmwSlVea93SAQyYymf5,"4,9",https://lh3.googleusercontent.com/gps-cs-s/AG0ilSxqF9kicp9L-OX6Jht2X-jA1N8H8Q8Tno4gjmEsmpG-lCvSKj1iayZyhl_Roo2ZuZnk9krdKCzocAn69doWfgKwVi11XC2XdE64cO2MMPasrMb4uXG3OPmwSlVea93SAQyYymf5|https://lh3.googleusercontent.com/gps-cs-s/AG0ilSwXBqS7uz7_ug7q4zYqFF0a20Lx5x7yNaHTflsVmZdV3oJCwsrXq0tCc2hZB8s-AqzXnLZVAPJsGfq7EHbgJnYrQacoPzvyLCAzI2CiRKZ3ap0ELve7cmqzMxCts3FscigJXs_w|https://lh3.googleusercontent.com/gps-cs-s/AG0ilSxiTdlEUhHZffWiyBpLlFFeoHoRiZcOEnpiUtlYXHkZrbjTfhkkQqCvAJmygVKEN_umATYR7C54Ci81zklbbssFRJY3JZs_PYlfFbYAbGX31cEmR7IJC9cqfQlofG27mU_3uHg|https://lh3.googleusercontent.com/gps-cs-s/AG0ilSwcbcd6TPJeOq3F9n-Zx0fZ-hUAWfXXx-VDNm7NV65PzFipmQ3QCMwvw9smLzfDSYvCg6UElGiPrbXiB5mR-gTDPD8MANXnct6CWAwS9arVr51k91e5D8CyeIBBk3QIoWtFw8vt
"Av. Des Forces Armees Royales, Agadir 80000","LACOMBE FOR MEN, BARBERSHOP, HAMMAM, MASSAGE, PEDICURE MANICURE, SOIN DE VISAGE",https://instagram.com/lacombeformen?igshid=YmMyMTA2M2Y=,N/A,N/A,https://lh3.googleusercontent.com/gps-cs-s/AG0ilSxmSZlHTHu7abPdd0CZCxHjYISilzfY4ruM08jy_9J14k2F2U-8AlkUZJq5ATCOGtZL60e41dCTFgqKaX5EBY6Pis5LAbZ5RiCVeZADBVhRsrgndShZejEUz6W73uVXR4l9BBw,"4,4",https://lh3.googleusercontent.com/gps-cs-s/AG0ilSxmSZlHTHu7abPdd0CZCxHjYISilzfY4ruM08jy_9J14k2F2U-8AlkUZJq5ATCOGtZL60e41dCTFgqKaX5EBY6Pis5LAbZ5RiCVeZADBVhRsrgndShZejEUz6W73uVXR4l9BBw|https://lh3.googleusercontent.com/gps-cs-s/AG0ilSy2FQfX7M0hP2yMtmiUsTvtugzg2NdeQ4JmNZd1B0h_WbDyuVLcsDQ6mzDNhxVOjsfCaHgWbkITWCYsmp31our3Ww0l8I5n_DcxMZdYh08I_HoqiYSVZBHmZ0u9BGiQewB0a0a2|https://lh3.googleusercontent.com/gps-cs-s/AG0ilSzw3h9kiRKXikjdPfqfII--7hTWSBkOOwAEFcijz-KxyQH0AKGg4qu6I84gawm_fRP5oNzBDneWHoQqPW2tZFdj9cJLbyqFJWlyggbjEK8_aJyeZPwchvzEHd8lBoK_ymoXCrUlmw|https://lh3.googleusercontent.com/gps-cs-s/AG0ilSyfoGo5hllA_TBGG-0v-G7iQeEHcgPqjyxD4K3uQ-A8xI9Qn7Q6Ia_of4aMiICQ2UiotIaBNXx4CYrLv2xgNk1c1JrM89L7MIKIaiSOBsLnR7E0xUZ0l1pnLBXlyLyEZpCf-C85JQ|https://lh3.googleusercontent.com/gps-cs-s/AG0ilSzcS3DBhNqpIPu0ytBIjq79mWXAPU4-Y1I-Tx1ydDizQhvJI6q2e_sia8SLLQCd_eEJwzkSVV03jdFwBLoBs6A9e5E3aCgASK8v23Jlvli99c0P0Si0lTKLkkD54H5Nj2e5X40r|https://lh3.googleusercontent.com/p/AF1QipPQEH14nc_1hiZBFrNSbNJTwnLIaZmVVGNbLsA
"Bd Abderrahim Bouabid, Agadir 80000",Fadezone Agadir,N/A,0647-671597,N/A,N/A,N/A,
"CF22+3H2, Rue 948, Agadir 80000",Barber 44,N/A,0694-996916,N/A,https://lh3.googleusercontent.com/gps-cs-s/AG0ilSzp1rvlaVNDCcATV7VS0V9N0UBJYK9TJufz1_0o5nTzyls9Uoo3-EUQWP1d4Xxwx9Zmqr6IiZP74caY2MVpstZDFcgVpS8z8_9JcUYvgZkRCNDmuyRFUwbxMl5u5MPmEbaAELOdwBjKFy0F,"4,6",https://lh3.googleusercontent.com/gps-cs-s/AG0ilSzp1rvlaVNDCcATV7VS0V9N0UBJYK9TJufz1_0o5nTzyls9Uoo3-EUQWP1d4Xxwx9Zmqr6IiZP74caY2MVpstZDFcgVpS8z8_9JcUYvgZkRCNDmuyRFUwbxMl5u5MPmEbaAELOdwBjKFy0F
N/A,Bouhem abdolah coiffure Agadir,N/A,0617-832166,S'identifie comme géré par une femme,https://lh3.googleusercontent.com/p/AF1QipO9jKOqTK_7sYQrfmlAuBu-F0jK5MNWo6pwbS7d,"5,0",https://lh3.googleusercontent.com/p/AF1QipO9jKOqTK_7sYQrfmlAuBu-F0jK5MNWo6pwbS7d|https://lh3.googleusercontent.com/p/AF1QipPXvbAeMsQqKQ2lnzX1-vm2NjY095ixrmRhnOYh|https://lh3.googleusercontent.com/p/AF1QipOrTXm_-W0Qv794wRExEVmVq8nlrenPJl2FDbzi|https://lh3.googleusercontent.com/p/AF1QipOLMYzSVd1VdnNKqJKELwCLs3yGf_M8JibvamNt|https://lh3.googleusercontent.com/p/AF1QipOkHPGDYOxWXZMIAxAB3cwl4l5bRZCD77_3I2m_|https://lh3.googleusercontent.com/p/AF1QipNPmKVJKxXMtWCULmiHdzNHEHkghzkoH1N5S5qA|https://lh3.googleusercontent.com/p/AF1QipPxBdensQ7t-jwGtiJWebSeIHifGvxT4KCzqPvQ|https://lh3.googleusercontent.com/p/AF1QipMl1qG3MiihOrPsqhcC_bGG3Ubp7s3ywXnkfFlm|https://lh3.googleusercontent.com/p/AF1QipMQDGOeUqBdrQ7c3j88vwaZjfHi7w1ECi7Wxvt9|https://lh3.googleusercontent.com/p/AF1QipMonAuiOar-qXWhcDKHpd87p_Eg2mIuRdcIlwpT|https://lh3.googleusercontent.com/p/AF1QipMroughnRW9qv_WPeMuuJkZfN0BUg1t5Cs8qKtP|https://lh3.googleusercontent.com/p/AF1QipPJ7iVVetz7rjoxkH0sn36tk-R8IpFDX1G05gvs|https://lh3.googleusercontent.com/p/AF1QipNNDuHVYKrGav9t-Yj06kQCMAAa6kgd3hvvM7rF|https://lh3.googleusercontent.com/p/AF1QipMVbYr1BDFLqxQg67agKRg0XzMo0VVa2pUBWo2U|https://lh3.googleusercontent.com/p/AF1QipPkR5EDx_0u9yMRZxV1mVkIYp5JzBqcbagVZlkJ|https://lh3.googleusercontent.com/p/AF1QipMBz9WSJa4B4H0Y6UWiv9n1_rj66KNlcgvzxoWe|https://lh3.googleusercontent.com/p/AF1QipOkHpyr9em6gzhNEOyiEMrooO8nYmOaMf6GoJ-S|https://lh3.googleusercontent.com/p/AF1QipM9Y4f61eSL_yNIyYM3WA17fVfxbss-mMqKFV-r|https://lh3.googleusercontent.com/p/AF1QipMg3t38WLNbkbuMMaNQhb4_QuuMmFKcEwrJe52L|https://lh3.googleusercontent.com/p/AF1QipO7jzuVGlfb-hmMslB4-QanCMJjk3wumDaO5r59
"9FR5+HWC، Avenue Mohammed El Fassi, Agadir 80000",BARBER HAIDAR,N/A,0632-059753,N/A,https://lh3.googleusercontent.com/gps-cs-s/AG0ilSw8KVTUxTxP5i5VW1E9u65Er2kODChE5N7_IORlIYLXNRMhdAH718C66gTc3Yv7psm982a-a-uxlddAdc9-gmrx_7nbmtN21Hjmipuzs8eYIcK44YiSC66D-SO8cwAknWXvimrg-OvPV9Z5,"5,0",https://lh3.googleusercontent.com/gps-cs-s/AG0ilSw8KVTUxTxP5i5VW1E9u65Er2kODChE5N7_IORlIYLXNRMhdAH718C66gTc3Yv7psm982a-a-uxlddAdc9-gmrx_7nbmtN21Hjmipuzs8eYIcK44YiSC66D-SO8cwAknWXvimrg-OvPV9Z5|https://lh3.googleusercontent.com/gps-cs-s/AG0ilSxyp6mk_6rwzds4I4qIHWHzr2rVzxSqp8o7MGV7SUoA6cP1oothCEzS3CTcdm7mcrLU40wgr8ANwQLmqlhpvFDHNFGbyFgq0reMt4dALjy0Tiou82bwQ1SRmqQQPtidLPVRvA2R5Rz0vqg5|https://lh3.googleusercontent.com/gps-cs-s/AG0ilSweDnastBeZn6cBqzKdbu1Go9I0Di-1myi2vI0hKsPLOW0tAS-Yq-9REDc4WuNiUAuZIYsGp1WguVvqmyd2_Cz5mN0ObkDBwmbF0VPKno0USE3oziZZn4INxEQ5q_gErBlPnWB3tV6eoM-1|https://lh3.googleusercontent.com/gps-cs-s/AG0ilSzJEdo9dsTTXU9Zp0E7jWPyxuAjoGlpSzrtEaC4KGen26TARTLNuwncCKZlOtyCtMEulkgeCD87DvhASoePFYmP-ewJ4CPlQE7LJr_3i_swr05rRf0M4tTPnxH51MUAn4cw4dasF6ABm05E|https://lh3.googleusercontent.com/gps-cs-s/AG0ilSx-mTgkOkXyfuUJ_TzLbnzB8amyeziRbg_7KtsG1Vdw3dyfyKCGLGJ1CQLuZYQBCMgvvpRdAKwRNN2JHcsRUhNt3hq8FU1D8r2nISBi-3M5eccdxraGbSakLFL1xBscT-pEle0W8CHAcJ6e|https://lh3.googleusercontent.com/gps-cs-s/AG0ilSx8dHXPzjWJkuv4xidKXTv4_U2la15Em-RqOL1nlDkDZ1dggLTNdfUPEqEvx6wkYqwFxE75eWcKk-szQ7VEuSA8w-uM9cCz7sdB6fCvVliuneAiEG06jyTixM8Ag6ukpqgPj_3xj7S-ZbDR|https://lh3.googleusercontent.com/gps-cs-s/AG0ilSzu7n9MSVBY7P1Fz2Kf2nm1R8wsrdgS31GH9inH-bPOzWx0S-_BC0jBCaP2Ij3ywL18df1pTqxBlbQHCQvCiBUkoXAsA5CNGkWFFv6GJ36zCcjg-9W7K0vIKiyb6ge4f2axbgXfRydayXo
"Rue Inzegane 13, Agadir 80000",Barbershop omar,N/A,0662-891660,N/A,https://lh3.googleusercontent.com/p/AF1QipNXUogHowJUynSV7HQJapoVKmRwF9HruGy1dUVS,"4,3",https://lh3.googleusercontent.com/p/AF1QipNXUogHowJUynSV7HQJapoVKmRwF9HruGy1dUVS|https://lh3.googleusercontent.com/p/AF1QipNvUXmjMxlZRKUtxQ76U434oHL-eQVwdF0RwHqb|https://lh3.googleusercontent.com/p/AF1QipOBL33rs-wovtevpEFbqZoSe95_XLRA4jqalChk|https://lh3.googleusercontent.com/gps-cs-s/AG0ilSwh_DTAkjxXmi6hBU5kM6NsweUc0KpKxXkgBUVk8xLOi0qm1CBsR8t8hLve6PzVFp72Dq-SyLA56DbULQp3HOlB_j5-AfbNQBAsij2yro4uHMUFrpw6j_ss21tr_OCHJC6aCeAXrUO_PAs5|https://lh3.googleusercontent.com/p/AF1QipMvKlzii25O1hgJsjerz4JyylU0EfiuxEY7m5J7|https://lh3.googleusercontent.com/p/AF1QipPatj0PTYMx62zeJs2I69pESzY3eoim6W6C5kYa|https://lh3.googleusercontent.com/p/AF1QipOph-Fhne_r0_QO7wJJKHHmNa7O_1GSiMAWBxSV|https://lh3.googleusercontent.com/p/AF1QipNvO4dMa-0E2yqAmFmnbKqDRdByfz0LZ0dKLMPo|https://lh3.googleusercontent.com/p/AF1QipN3ZnrKOXAs13LHO2QjW7Q2bnJin_JRr6xvCb0V|https://lh3.googleusercontent.com/p/AF1QipNvBnSmNtvTNV4lXuyxpLkjVQjtSj7LSbNtzSIP|https://lh3.googleusercontent.com/p/AF1QipMKZOYw7Jobpq9kn9taySv0VDieVkhq75aSJod3|https://lh3.googleusercontent.com/p/AF1QipPixlQYWyx20T1Zs88wAut6bsDr4waFR3AReMRd|https://lh3.googleusercontent.com/p/AF1QipOep2UJuGsXbpI3pX6XJy9-qocabwL_mT4frtKe|https://lh3.googleusercontent.com/p/AF1QipNpWVJvJ7XrsrPQOh90zId83M9x2YFJ05TNuUgr|https://lh3.googleusercontent.com/p/AF1QipMGlzyDMDPuEyHY4_8D2Kh2NXV0ucdqVQ2OYXlu|https://lh3.googleusercontent.com/p/AF1QipOsCoo0uEuZ1D0B0oJ9KGeO9i-J7edbi-H75aIo|https://lh3.googleusercontent.com/p/AF1QipN5gDnvNP_pzHOeYTqmwiz8ZXjmJrsDf4xw6-iv|https://lh3.googleusercontent.com/p/AF1QipPzHrv28XAnXR_7pwPo8cVMRTEyCsj8cP0qKrBv|https://lh3.googleusercontent.com/p/AF1QipOIYfZU3hQPEvTCzTSFtwViX9iU1RowcZWlemy2
"Rés faloumlil, Agadir 80000",Madbarber,N/A,0774-911800,Situé dans : Résidence Fal Oumlil,https://lh3.googleusercontent.com/p/AF1QipO_9hPwXzx9QwpxMqGEqnoueKvSD3ZFKqU5Aqqe,"4,9",https://lh3.googleusercontent.com/p/AF1QipO_9hPwXzx9QwpxMqGEqnoueKvSD3ZFKqU5Aqqe|https://lh3.googleusercontent.com/gps-cs-s/AG0ilSzi-MMcz1c7VHe-1pagut13F_fWUuXG-PEEn0H7RQOI7htP6XwvZk7kZOJ3YaWoBmwxRgSiYn9WSGQOs0SoeoWR7etHN12VCP2ENxK-ZYA9V5Tdcx40XP483Yj0fyjGS7JwYT8M|https://lh3.googleusercontent.com/gps-cs-s/AG0ilSwEXrw8flyIgRQXDnAE8VEQUl1vCgwx_-yfH5Z7ymIoh-b34XiDX9ZxRamqS_NuGQ0B4ZS6d7yhYWPJvHdsTv-BNWWMNk2NJxfVyKdk5kDoyHvibf0k4KyS-Ln2bgN75MmZPBKh|https://lh3.googleusercontent.com/p/AF1QipNh8Yhs_jbTMf22t_1ZHND_tBR0ucYzRCozzrIn
"9FV7+H2M, Agadir 80000",Black beard barber alhouda,N/A,N/A,N/A,https://lh3.googleusercontent.com/gps-cs-s/AG0ilSw2TrTLora-ubUJdJw5khn8-C4Nkhd_LJwhxr6ZEfr365fLW62DnJNno_zZ27fUNh1WT6Y8t5sYGvVqQ64UBRspkpDYKw3NqaBtplK3iAvyy3wrCjVeE4LbZ7Bb8qvHfH4gZSxg,"5,0",https://lh3.googleusercontent.com/gps-cs-s/AG0ilSw2TrTLora-ubUJdJw5khn8-C4Nkhd_LJwhxr6ZEfr365fLW62DnJNno_zZ27fUNh1WT6Y8t5sYGvVqQ64UBRspkpDYKw3NqaBtplK3iAvyy3wrCjVeE4LbZ7Bb8qvHfH4gZSxg|https://lh3.googleusercontent.com/gps-cs-s/AG0ilSwMgCauUNLJznu_M4j_Imf_Y1V0tKrYQADd3t9NMy_fWrDfTvO6Z_xKK5KHUjxeEaS5yrW_IPtNMY39rTyO8OklJdDQ_2NExshUqBF4kPYskFs2quVlWoI7PJEWjGOskDNFGQJpeQ|https://lh3.googleusercontent.com/gps-cs-s/AG0ilSyWpnh6rFJnXwzLlXHx7fDxzZanKlGh7zqkI6uzaouGQs6dbO_VywxmNjDKRT9tR9_n3z3x-h9-S0xGnkpBKMvntMDNQKx4ctZB6ZjBHMIxKPesSiMZJXEiHN1--zf1mHbDIwAA|https://lh3.googleusercontent.com/gps-cs-s/AG0ilSzncxj7vLuqNsM1brKKAkhbf-T-xo2qwT0CaVbmn7RxgyPPoUYV6iHvHezXkaDfRIrCII-Il9AvWyauKUfqkVMKHJOblGhPvNhZ6QH1fdWQTnWZdmgXrQHKdJTzJmx9SJb1MI7Dp_JOpLXe|https://lh3.googleusercontent.com/gps-cs-s/AG0ilSwP1b2A9oCd1963TRrsBcKyaWBpMP_bakNly9AYSBIH4RS-h_b3K9JoNcV9r-Q8Y0B39ko-7H1VTwXEbBhl3rsb0uywyZt61yHKaMViIOIeeX43Yl7eL6LQWhDL5-38mvZrJ3zr
"Imm Al marwa, Avenu Tetouan, Agadir 86000",NEW LOOK,https://www.instagram.com/newlook.shopbarber,0783-012475,N/A,https://lh3.googleusercontent.com/p/AF1QipMfshxvHoxoiOqpmuts3luq9fbZmF3qutijioHj,"5,0",https://lh3.googleusercontent.com/p/AF1QipMfshxvHoxoiOqpmuts3luq9fbZmF3qutijioHj|https://lh3.googleusercontent.com/gps-cs-s/AG0ilSxVm5wQ-uvw1_Xjx2MOi3DI0qTlnJpwPGn026bC9LznyuZIt1cLV8x7uRbucfpk6u-jcTFXpzbInjygCrsohsxPduPDUqnD9VkSS4s9fQA6nCmkGFtO7QweS-TvlYlEcQIZ_T-McEP4Y1Q|https://lh3.googleusercontent.com/gps-cs-s/AG0ilSw6VM-RO1Xi0R8ZkBk9Y89bFRTrtjusa6ZLRrAtVUUMKMT1sSuIfS035Xkoryd3QuIofdj_ssv7DE45VhzqsyWZ3OGpWIwUJ6gxpNwQOUnhTz4ZOteJiZBPu6zI7OX8oUYgjeTuitziKIWN
"Rue Imam Malik, Agadir 80000",barbershopPrimo33,https://instagram.com/primo33_35?igshid=YTY2NzY3YTc=,0688-812407,N/A,N/A,N/A,
"Av. El Hanssali, Agadir 80000",Barber shop Adam,https://instagram.com/surf_barber33?igshid=MzRlODBiNWFlZA==,0691-025746,N/A,https://lh3.googleusercontent.com/gps-cs-s/AG0ilSx1Gtwiz_s1zh_OB8bVhX5eKKlsx_lZIkDh6TgtzIAt8aTCB4CFDRG9UdyfILq0hiSSqyP1vcbeIHpFeCiU8x19vNo9vW4gkURCyWkiOW-wepcSzo3dzgslSs0Y37vV5rG8xzZX,"5,0",https://lh3.googleusercontent.com/gps-cs-s/AG0ilSx1Gtwiz_s1zh_OB8bVhX5eKKlsx_lZIkDh6TgtzIAt8aTCB4CFDRG9UdyfILq0hiSSqyP1vcbeIHpFeCiU8x19vNo9vW4gkURCyWkiOW-wepcSzo3dzgslSs0Y37vV5rG8xzZX|https://lh3.googleusercontent.com/gps-cs-s/AG0ilSwBougXcmW5MMnql1wjaUs27rEpnuod4MYqsR0_CtVZG-wDpxDaZSyPL3_ziTEjKJ-h0ioFDLVrsNiYq-Geh8BNJDuMrztuw1oQSsXYMpPuYHpPxjYQTyB6Tq8WmfU5swOlxme0|https://lh3.googleusercontent.com/gps-cs-s/AG0ilSy2nJp0tBz_YhylMI1L41Dq4c8xawdyQdiueidh64zg32mWvvq-_d4FbGTozfmsht3f1hojaex3aoc1KPppAyfuBu4e1OMFkekfsQk8_BUkhdeyT2Xr_JxpUmoBdY7aPEpALtcw
"139 Rue Tarfaya, Agadir 80000",KING BarBer Shop,https://www.instagram.com/jamalzilox/,N/A,N/A,N/A,"5,0",
"CC83+PPG, Bd Hassan II, Agadir 80000",Salar’s coiffure & esthétique,N/A,05280-05098,N/A,https://lh3.googleusercontent.com/gps-cs-s/AG0ilSxUaIBJtAeAr9NcRD9B48PBtw1ZExpDCl8zNQSSfjHRCUSHxm7rOOxh3kqrUSuhhFqOwV1CwtWkhrVNrrMwWsD6pvIB9gEktYugBvQ1Q6mhpX2s9TIv4qkGaMHowdBIssVvR2z6Nw,"4,6",https://lh3.googleusercontent.com/gps-cs-s/AG0ilSxUaIBJtAeAr9NcRD9B48PBtw1ZExpDCl8zNQSSfjHRCUSHxm7rOOxh3kqrUSuhhFqOwV1CwtWkhrVNrrMwWsD6pvIB9gEktYugBvQ1Q6mhpX2s9TIv4qkGaMHowdBIssVvR2z6Nw|https://lh3.googleusercontent.com/gps-cs-s/AG0ilSwraekMZ39hkermdMnioU1fhh2_o8I6mpvV-d0JKjnquOLUG5vpNxZqKuKLtqGgC-5KjLA4zZpLvNCkuEJYLtf8I0yOemyQKyYK-f9lM0ef41jertHGTG3VaHT6TFRVWpX64hJU|https://lh3.googleusercontent.com/gps-cs-s/AG0ilSwWBcW-LJ80vn0kaiL6AObankLfxkHC29cTvhE6MZQqWzzccmfayeWg94vnLpPZP4MX1Y_HHG2nYu_ejjsaTyzUSmFLLhvSisEol0hbX6mNfxxDt3EwiYtTVJI03SVmFpyTkac|https://lh3.googleusercontent.com/gps-cs-s/AG0ilSw5xbv9O22eDi0LYtL6ja0CBQcVodvyieLhp7RfQyc3ivqfJHXx9Q0kTPaYDyv5kPo4bGR67iVJaOvy-74OeRBkbmPxtommsudujRkNI8jxL2iDtMYCS3339K1LGKoj-uogt-Hp|https://lh3.googleusercontent.com/gps-cs-s/AG0ilSyNBCjootr_f_ParXRYw6vnH5H_3tNLs7VwINsE1A7GzMHqJ_mWvVt3DBdxNHQaM54BOOqNlSkytRl_15zxaaE4qRUsN8LS55nbLydwecLs8qm9W92Fcx4jLX-Th2gdYrKL73M5|https://lh3.googleusercontent.com/gps-cs-s/AG0ilSyBb7Xg88N_SqLLe382woYELY3EuO60vNv1IScKk4zlmxRq9aZWR8onPvRl9WQ5zToUGchJi0vzj1_7w_EoYwYCsoGDfgA-zenAYWRLkgxBqkZTatk33EL9R0YHkFij2ynONuQy6w|https://lh3.googleusercontent.com/gps-cs-s/AG0ilSwuIQUP7-9XsZ_qPszKqK8obrpIQEMrp8jfxsZaO2K7Ot5m9Ui9EVBsnBqmOoiMuc2QzUJw1VCT3AnSW-J9ABmBMsFvGEbP0vnjP6Oj1IdMvEiuwobNOUR1ExegolxDm2PK6dc
