phone,location,description,images,title,image,website,rating
0666-164820,"24 Av. Al Massira Al Khadra, Essaouira",N/A,https://lh3.googleusercontent.com/p/AF1QipP8oU3SLntbtnPsnq3uleukK1izkXm391rRaSrI|https://lh3.googleusercontent.com/gps-cs-s/AG0ilSyDHorlvHM8kmOXs_RC38wk745XtVHD-T8mUabNRqUmTzlkxus6Nig_9vMFTyWNHewlF-z0ulV9mof9NuP4PS5y-QXNMExV_TheyIMZ5gpCozFikvMmdJcpFCo2iC0N8f-kYV4|https://lh3.googleusercontent.com/gps-cs-s/AG0ilSyJRfzwP7mfaC3rDs_PC8VtrZSTqakv6cUbfo8ucXWQsKDv1w3UjFzkguQEZe8maOrVrkhUAFpk0EEgDAHf55i57aoYF_AQYT0BVD7flo2EydGDnikTA0sHaadEeZe7v8dQ2UrPnw|https://lh3.googleusercontent.com/gps-cs-s/AG0ilSyRJc0mx_DEHW351bfx8tt8fBG2pJVIIEx16ppMmKtY62W2KsKAm4EfBWnPYesuxm8XFM2JzFHwRnu-xqvZI-5cNSS6QUYd2CjKSelijLRYBDG9YTwJHnFLcqN-aiIxltxg1oVxtg|https://lh3.googleusercontent.com/gps-cs-s/AG0ilSxk5bOpgrqSeNnX19aI8X-MqhN3g_MDZ6x3tamP86WAGz_Lopjr3AyPeoHMc1AV2VbZu0_V2iqdNuf6-i1knDA99PMBEqjrHlKUh7ZwMxTtzGe8Ti-ddSgxK2sOJWFLh5MlGAvS1HCii1cn|https://lh3.googleusercontent.com/gps-cs-s/AG0ilSxCp2q4I--X-zl80ITYoBxtvUmGpWTU2FFt7mTkjUOXSvC5CJeystdSw3soFkhQSJ1jKacVL5FWehQhix9yIJ_BLoAQVsRClT5HEteRW0p4cLUhF1vEH-u_zBv3_af7SNxhjQt_,Les Doigts d'Or : Barber Shop,https://lh3.googleusercontent.com/p/AF1QipP8oU3SLntbtnPsnq3uleukK1izkXm391rRaSrI,N/A,"4,8"
0695-447076,"G62V+JGH, Essaouira",N/A,https://lh3.googleusercontent.com/gps-cs-s/AG0ilSzgOEyPVBgC24MOukCUdUfbiQoWW9ynYONcte517t4HMjGaNBHsPvdjK-AOU4qpmM08ch9ojGQio7MzV2gBvb5xDf3gqbzFB16_NKUIUNcitO04OndqTHapGxe2424CdQd0NJPVuJbNVFFo|https://lh3.googleusercontent.com/gps-cs-s/AG0ilSxRt6tW3zJQIS3OkC5gNzjFETLK-PzmUVsUqVEjzk5Hq9yF7OptN90WlIjeJCKo4OOOb0mKi_EfUFbXzeCT_EeUYtr7zjRZxIEU0PawsHU8hLO0xPzNJTXKhUvnbcGnBOqdr8dlteKdgZeM|https://lh3.googleusercontent.com/gps-cs-s/AG0ilSxj4hwiG-TihxjRJ7NNgKKSVC2pnjbAzRx3JATbcfyrIxIVQlTNXof2rBrlhs98BvQ4cM4YeXHjoSAgbwrq4gfpkiYgpQ-xRikSfVsfAa8t2Qwg9hNL9VAi53_ukhjQYbVtiD_EPRZPSdrT|https://lh3.googleusercontent.com/gps-cs-s/AG0ilSzJBXga9uheaRVXZMQsj8L5xGWqwf1H1yw8gFCKc48jpGuXSenNAFtxnZZLfQntstWZNeL4TFeP_B7Ra7zsMERbQ8kAVE9P-j_nCZ3wcIHvz9lAHENPfvd1VOcdMYBn25YNviQC0ZhfoNc|https://lh3.googleusercontent.com/gps-cs-s/AG0ilSykMRBFn3_I_sbMxGyyI0024WlxmC06tw7ciSvGYFnJWrU8hQZjLwmYIJ00CuplmVaNaCj_AWmvHFtr4RTe14RlzlZgIGDSsjeeA5yKkl00PQlZbAbnLR1d3BPdQOM4xSB-D9sVEcf6hTSP|https://lh3.googleusercontent.com/gps-cs-s/AG0ilSyIPTZ7Lywj0g7P-On_2euYxdxw1qHVAxmoIW0C5nmfRd93dGI1dEpcLOzsXLir2HbzbWuO5ezOw4tpO3-Iz5MGSzP0E23MsjrbSDh-TlExvjONWp5WEUiZKKQeyZ2QpUFjyH-HNnY-Wx8|https://lh3.googleusercontent.com/gps-cs-s/AG0ilSxFtWv93EDNBLfFIIfX4qaQtz0jFglKFVEwVPG3TJzrKr1ql04IFSwz4u0bPkix9d--jKKAI0paJUgnqn4yfBCO10SX9d01Vl9P-Ozco2ssGwAGT5dwGm04eKPiVj95RbcRkm0cXLtdPz4|https://lh3.googleusercontent.com/gps-cs-s/AG0ilSw199DcfZM1Nj1TzPrFsEwaa1KwJWXzEUOXBvLhrnHOW--J79d6My-MJh2H9Ab8dxMHA59Abrvrw534QI7YAOLWDpHIVl9Tux4t5dQQB5jc_WHoIrW5ObV9k2YYWoYnfVzqdDmiYHTkGGxC|https://lh3.googleusercontent.com/gps-cs-s/AG0ilSwnqviu66PlPsPk-UsYm7g9KcfhobA_dcQsubU0zlyqZzx8TfZ87iz6pVRv6mkmZsuG8Pn5GjnZ4t9AJpW3AkD_aC3jWJo4PM8s8ig2veSxjuy5bayovOAJlk7hZEuDoOHjjtMr_1oJEbc,Rida barber,https://lh3.googleusercontent.com/gps-cs-s/AG0ilSzgOEyPVBgC24MOukCUdUfbiQoWW9ynYONcte517t4HMjGaNBHsPvdjK-AOU4qpmM08ch9ojGQio7MzV2gBvb5xDf3gqbzFB16_NKUIUNcitO04OndqTHapGxe2424CdQd0NJPVuJbNVFFo,https://www.instagram.com/rida_barebar?igsh=NGl3M254dGxwaWZp&utm_source=qr,"4,8"
0630-382475,"G68W+45H, Essaouira",N/A,,Kings Barber Shop | Barbershop Essaouira | Salon de coiffure Essaouira Homme,N/A,N/A,N/A
0703-550616,"Rue Kénitra, Essaouira 44000",N/A,https://lh3.googleusercontent.com/gps-cs-s/AG0ilSwtTzjJosq_aZi9pPG8Be3oHJSqzqOnbccxK3-MrgHtDkPT6RxWfoxXzEed5CcYQLePKsRo3h_4cBkC7QPMwx6BiG2RP9AWoOqfROmDSarxc7is_wdSIWtAxN7VN5qN03nbD8L0R0TX-Uc|https://lh3.googleusercontent.com/gps-cs-s/AG0ilSzkp28pyNogV1IIExGd-BpQLF1Pyvzn6kkxDrerJJDTeDW1roc0pP1GC8HHlSNOsV5Cz1oEtBLlebVsTe4SqXl6imIUTsZr4HdAe0a9-5FZ73w5YpTnXG7ppKYmD-u1pqW_ZV_8eObf4iXG|https://lh3.googleusercontent.com/gps-cs-s/AG0ilSw0f0mOAvocYIIZmoDVGZkCEQUgAIMV4t6Sw1tquyR50afGfw_7d9amuAqhUuwXdF8p7icSu9x_uK05WUiunwzDWUacLx_06eyAJ-mL-3SmwDVncGHjoG9vONJsocaC8FLJP8ra1lWtShXM|https://lh3.googleusercontent.com/gps-cs-s/AG0ilSwwrcgpJNRolfh3ya3wtR2OZ9194iQmFWpFWFEY_bNNlYy8nOCIcKou9oVGyJTyHmQFFqhaQnyf6CMfAz2XAkoE0N-Gz6hLNpNmsGF13I4nD4zeskLloz9hCzvWoAIYD1WMvegtmbHIkuM|https://lh3.googleusercontent.com/gps-cs-s/AG0ilSwBrbGqgnj08nDJPHL3emzGSxIkveCDsbrIkuEGr0bOvBPoL0mPqxLahwl3SnHAmfsCBSyZocdVXFUW85niVVj-RKLmC27AJpwL36jJlI6sLotiAXRw-QSbxYts1lHpH8hwHdjTonizo7Rx|https://lh3.googleusercontent.com/gps-cs-s/AG0ilSyXL4agZN_UDM_JHofW7FrprS5Q3mIAInFpPrjqPFVAyKwubAeEgBUMtQE5x53oEEFW0fvUU4eH0aOsRvamCFQDp9BBnnw0YZ5z6Gls04gdhCoCWpLfEZv5WZpWfJLwyjnBeh_nNin487M|https://lh3.googleusercontent.com/gps-cs-s/AG0ilSyKO6f8B7VfkydGZVk6MvjmPFjL84eKxO4MF5w1041cF9VbXNgRjAnKrlLoeaDPoM5ea8VTnXTcF03A0TZW3Kldst2R81mS1tweAbU6HfKhKqbUaHdr-1qJEZqUZqdB-tLVsKQCoyzGZGbz|https://lh3.googleusercontent.com/gps-cs-s/AG0ilSxdHYD-YdOuL2LQtJVPjlsWmMQI0tRRMmTo-hpf-JsNb7wCXY_p-GNT3dDpPzSvn1GGwMytqU4cn8Yi1CNzyDD9PTxq6228uKaQRJIxtm0HTs5ybU_PDH4xKGW3ikWjJQEHjNaXjVGbTlvc|https://lh3.googleusercontent.com/gps-cs-s/AG0ilSy_KgbpUg8cqU1EMl8SzwRHY8fxl7YfVfKNYP5SApp6r17Jar_QpoYP3dfPCkLZK02MOfACQS9K-y2wvPYAVRVqAlF2JW_TlvKB72XSlWnYHL0QScFGRPF29W3x16MIuLoWu2foIePz4Dmu|https://lh3.googleusercontent.com/gps-cs-s/AG0ilSzEuwojJIryiXx1pSWe7TCJJ9G7jYFXnivrD534KkULnEltIEvczSa3Fbv2eLFf_8b4Mnt39oHsrc9j_DlqaTaD5SjvwtPxA8_DPimbvyKi9JGbol35b3gQGq1rPS0x0FtvRWileg|https://lh3.googleusercontent.com/gps-cs-s/AG0ilSz8GPGqQNKEbWwBflYcEPDmMmpsCgeriAnW0BlbCubNMzJx6woHC4g5Eww5PA5Ug-eoh4vZ1cKiXynsQF8HYQt4KOEA3segyn84hLe1Chtj9k6lclpcW3lgW2FnZAGMxfHpK-S5T61Mvk2t|https://lh3.googleusercontent.com/gps-cs-s/AG0ilSwtOowaZEJ5H-gzEz_MHkgCr-kRtfrRas6SVndC2rvlfyjcxivDc3p6Nk5aTNvALXDV2pJD4wt_zlUKK3r768-_nqp1MlW0swaFR1KrRICX_qwVMUL0nkayO94yUG1gsSUdQhpxRjTS9_vX|https://lh3.googleusercontent.com/gps-cs-s/AG0ilSw2SR1MVMR7DJ72CbTxshk3kuqlay61YQUrYKQ3urdEXH_oc6Z6GA96UF7ogKPRsiJsXl-POxUYFf4mgk-4C-qnweYbolfBtP8N9BYduS9Y8NjJ4pZN3ZfxJRigK8T1Hs9PDs0Zm20v-3qT|https://lh3.googleusercontent.com/gps-cs-s/AG0ilSxn6jv0NxneeSR_6kIvHBTOizhnn7Ph_gb8OB2yke5DTWOOwfEWTGkC6DZnjZsSbOM6r8W2O7CXvyeV3nTTGkpkMGSvfC_1XmgUp0JTKgMT5GM8tOFPtuvbwsQeFn5TPv_f3Izvai-Tiuo|https://lh3.googleusercontent.com/gps-cs-s/AG0ilSzmwx3oeTsunkwU2H7S_VoASSmH4TNEYXv1_Q15OHuRBhy6L9rIR8821WuSA2c4MZnoy4K78yEl1KJWN1H4Baj-Qx2OXoJPFqgaGM1YVNEy1xVfiEYQMCXIHninaGfUuvFph_5KsW5mFYE|https://lh3.googleusercontent.com/gps-cs-s/AG0ilSy84XyerhXkXEhlaT27pjHIbjrCRToJeXi1d1BCan2lNTAo6chfnoFg55_sZ7Wb5LW0SrRprY48ur4dGx-I5fdSiFIgOYPDQMuiLNhyHbPT_GmUKfKlGQ6EOc0FkuMGktBd8bT1q9nvdqs,Black Joker BarberShop,https://lh3.googleusercontent.com/gps-cs-s/AG0ilSwtTzjJosq_aZi9pPG8Be3oHJSqzqOnbccxK3-MrgHtDkPT6RxWfoxXzEed5CcYQLePKsRo3h_4cBkC7QPMwx6BiG2RP9AWoOqfROmDSarxc7is_wdSIWtAxN7VN5qN03nbD8L0R0TX-Uc,N/A,"5,0"
0706-417129,"G6FW+5XR, Av. Mohamed Al Hadri, Essaouira",N/A,https://lh3.googleusercontent.com/gps-cs-s/AG0ilSx9NmVb_Ct0Rg38E1WGt58p18K0aIXXaehB9lDW8B9u8Q_O2AOdAzWFmsLGDjhVfasYg4U8zbwBodk4ocRpJEppkvvFGwy8iaoeigx2iCpw-tC84S8whcz9Lx2wbdkc75nlh2BjMg|https://lh3.googleusercontent.com/gps-cs-s/AG0ilSwIDcKL9mppqUOHOy5phOi0Fc6oe03AAAGTwqFVaS_yRVSVYNEDAybw7pNHq7ZHXC1Uo67ExCvSgzyMteKNJ0g4ka-YPXFfSrZoE-GSIIq-XtlujcLSn_I_xBWUGvSzC0SSyTmLFQ|https://lh3.googleusercontent.com/gps-cs-s/AG0ilSx1neJxEL9YMTxSkSevoJwIV5nEs5quTO3q2YxllEMFPqoKForOIPPZZCPfgHzOGWaS1kRMj1HN7kdS20cssUqg4ALzX1fQ51HiT2wfPvrojSnfz4xaBc2Ap1oOYTDGCmH01tCEpz6dxGld|https://lh3.googleusercontent.com/gps-cs-s/AG0ilSyLdI3FGlcVnjHzZnSdHt9ofrWwV5FZIBB89oz9lMeX0QLxYd8MklSaHUo_nmJnAaSrWuVUVexuLc82MVUrPnHjsVsj0PyAwI23TuiJ6irAhb7aFVJwgr9w8XQ7ByncHQC3HkVp|https://lh3.googleusercontent.com/gps-cs-s/AG0ilSxi1rc25dFzPudkIn58mdBY-vf3geVOeGNvAHfGlGA9qmmhvnEAp72TgK6bGv1qlEQAf_jG6VBDdUuu16jOKMK-iQRCMyYJ8rhzbEbBygFiWNOYnjzqdGzdk3JaGxcueOhQrF4Wsg|https://lh3.googleusercontent.com/gps-cs-s/AG0ilSzs2pIz6zpOChEb-bvJLmM6Px1yM3wHyAzxdcQ2D4ho35_-t6QRWqqoTVzjKsD_Xe3m7k0B40yXxkVik7TXeIvWl06OWddiBdvmW5jXItT_bH_kgc43Z9lLUvWcgJJrAgue8qCI|https://lh3.googleusercontent.com/gps-cs-s/AG0ilSwA1ZRzk-BWHKs_Z3NmJ_PanIBzPevIdg1P0y1H4njgKKzFnJwp5t9q-7g0hu_qrfztK0LTZxk7xwfeleUl1XgdaYApLms6fhr9UL93Ig194ebRcl-aZ3llLbvENBwQVcQ5dJZA|https://lh3.googleusercontent.com/gps-cs-s/AG0ilSyL7QHBeafw_KQDje7UBd5lAk4oJ5QKZD028k2GuRQdWBbTcfJlgX3mz34Uz7EVA9nqDVL-eTAhreUgec15GEk33UxRRiOe1ChWGZEV8vNVaWc_V87yC5JJVywRw2SW4sxQN08l|https://lh3.googleusercontent.com/gps-cs-s/AG0ilSzWEeeErvzQfFVdPQ91Pprzt3ocV2WcjbmSwJg9ehMsatV7CckLUlrrvLyEh1aMLAcSKEK7um1lRrVHL0qNUx4Fn_2W02LHuwXcmUl7oe0BufwgLgK5dZekyG3x9eufYbxeMp0A|https://lh3.googleusercontent.com/gps-cs-s/AG0ilSw4SUP_ZsBwLq6Njk-pQGtDzkq8KGJGjkAtbHQqXgsU8L1BOwD9UQ397wI-SHWf6EMsUg0pWIrnVY9LGXliEkFTgeaGpUAlXmpGmtcl9tF9FHm66M9Oza6_sq5y2z_ri6HJRIsirLHshzyi|https://lh3.googleusercontent.com/gps-cs-s/AG0ilSyNccIYvfXWwo1aQn0XcA_L0XEmerprcxx-MXYVyHEiHAdVVerBy3L7aKdXfFCDM4xAdYhLPkIhgLQydJDitSJ1sVBkRUsytRfzr0lRBaCWJ4VcnDMMoMbmzbdZDD3EIA5aotKYbA|https://lh3.googleusercontent.com/gps-cs-s/AG0ilSzO9yS9HcTAXizXNPsW2UNkhxwzkHyXI3wK8EfeQXVFfHjvOUOKPj857btDN6gZtaTlh8RvzJiFSxI2cqHTBAfMey6Y8wIM2MN-MT5joniCkSbf3s011_ehC_tT3i_Oliws_RqeNg|https://lh3.googleusercontent.com/gps-cs-s/AG0ilSym83lePW8rVWcd6nadjMP44u0YNK-jzSU06Q6N0GJwpf0yVBMSu7AgE41tGI3ZT3ensYUViNyiyV3MrC3oeS3bK2zW9RUqnOczDJamiIsU0cU7raLKNAdMVPaYmtvaBj8yAg7F|https://lh3.googleusercontent.com/gps-cs-s/AG0ilSxadzVY9sD7WeYT1xSadOXULIG_9oAiBy7m4CZEMLT9VYSM8PDpm-g20Dbh_SccIUqjiND4X5ztDLgDFqiVdThuL2OJMR7dkylpIu47hx6glRaB6P0QYu0QL-fjnajGVm_aCb_sMA|https://lh3.googleusercontent.com/gps-cs-s/AG0ilSxG2_VCRkSCetwompVlYOSK2fq_8DOLC8OcwNwJyxRqYVLGS7K1ABtdKy8V2u-sycTVIclEZeDA05HwZs2LCCwB0anA-b4swf0bJW6LhscIvUJ9sf7s1U4GXek-oyskMpE8kxHaHg|https://lh3.googleusercontent.com/gps-cs-s/AG0ilSwGTExZUh0QmA4tMIyeC1gfSPAD3HNMCtSdPQSJ8KUtBKvZMsqeqL2x32ZPJ1dfcFAVZaUkbhHEZz9nqm2BLaQNKAuSF4u9IXiSkE3Pmo_ENpA5COV1enr-WbD81OzkyU_QktNfpA|https://lh3.googleusercontent.com/gps-cs-s/AG0ilSw4L-XOUvB6IiF3-1H5ig9OiPYtQg_-vozgXXmNIsMeY_SJxahLrti3ffRZjpJ7-Taz-o6UUdYDlnuxFyjkD_w3upsLNUgohnhmb_S8ixySTi39HQTN7OnDkWYZpgTrxOoSxzTl0Q|https://lh3.googleusercontent.com/gps-cs-s/AG0ilSy2SFmnT45sc6g0YWKY9k6Bwj7nAv81QgPLr3DL3RSZtZgKqQ71nJc_xR0HotpWOrLoMvE7OUA2HOogP8W90roKMvltNSknivzndOF73Ve32xUA-4GgN5fJGBChNtjtlgEPsT6s|https://lh3.googleusercontent.com/gps-cs-s/AG0ilSx9LfRRleJggI0Q4oh5bJoxvufrhFyCsEqRHfUHhUW3Zglh8EHMx4nCfxdWKrB4L5-na5p2iFcAqIiie68YeCBSMmhvkZLonF2W8FF6vmiHrZF7GJFYjHpLSWIE8dv-nFAgHTD7OLXxikJ4|https://lh3.googleusercontent.com/gps-cs-s/AG0ilSx2gny8W_0IjMrDdRV5gSRWr_IivXBuRr6VBJH5ZvZQw8qiU32Gka-gQOnrVQshoDPBA2iWMI-zzAQ6KfAG6zS9C8Dt8FeodSoNwe68-2y-AWfFnnXZaN1VZMvFOYQ2Kv4QdDuyPp5D0dw,Barber Shop Khadiri,https://lh3.googleusercontent.com/gps-cs-s/AG0ilSx9NmVb_Ct0Rg38E1WGt58p18K0aIXXaehB9lDW8B9u8Q_O2AOdAzWFmsLGDjhVfasYg4U8zbwBodk4ocRpJEppkvvFGwy8iaoeigx2iCpw-tC84S8whcz9Lx2wbdkc75nlh2BjMg,https://www.instagram.com/barber_shop_khadiri_/,"4,9"
0646-484509,"G6CX+WJ5, تافوكت, Essaouira",N/A,https://lh3.googleusercontent.com/gps-cs-s/AG0ilSztW-3Xzs9SW9vrZdAwDzyAl-41YOvig3BDwYejUjtVMeZzXURx7_rvlTU0u1uSUziN4H1as8XIr0HThV5gDucPsbsQRajbL6HyiVhFbNCS1MZYeudd5yc3xVhGy-5OAHavdsOMtQ|https://lh3.googleusercontent.com/gps-cs-s/AG0ilSxsTI8NGTlylVbKdqVIZ2jq_lAdgr288pPm1DEIdyHrcOFNG7dMxc-jEn5wOG47hN9S_LIYjIIYU6DygMbrSp2rZHsdK1RxV7yLj71exR5fp23VRTifKflcCY9SSDaY_Sd0tzeM|https://lh3.googleusercontent.com/gps-cs-s/AG0ilSzLwdBhH2A02gn7pEjrxREVKto9ohBZdzXwwCf0YVXeXPm6tLQREAas6m1R_QxKSjspkaUWLn41EMIJrnt167XfAxIPaGXhtRJdeDrEsHpQ_5P_9HzmI5zYNiOy16q4NYOLEdRY|https://lh3.googleusercontent.com/gps-cs-s/AG0ilSxwByH4N7gTRdTl7mlFvtm23MxL4Dz8AHTgHRZOU0YIKLV6AbxM8ni3NVSiNA-UWqVflZvU787A5fQYpLbIddY3DkLCEZaxIogZbFxC51WdmQw9x41rcFqE77ci8EuvJyRW7fSn|https://lh3.googleusercontent.com/gps-cs-s/AG0ilSw9tehtjiVKncQaMFfFNdddBmAPUDD2c1CMNlXJe5xMmiWwokSi6wIUEZ1rCQElNon1hw2yu0h2EVvt70z57W2PhUqtSmNNsYFNj1VyJTdF1_5CGoJdK5OUV6bDm0PsxXLuuo7W|https://lh3.googleusercontent.com/gps-cs-s/AG0ilSw8sNYxgZkYQ46wpJ3zQuvMX3CHCEhWe-SjCwjhgP0A7oN2EAKppJPZTuMWvcZJ2i9n0x59epwsVmeZLKuT10pz0IWVgMBPp43wMX_3LUwwDMb3ZKoz00elGBFhpIam3SrsSxwCjA|https://lh3.googleusercontent.com/gps-cs-s/AG0ilSx_gcxTGt7DVruKHAc7WczhaCA_coAy5f3vGqNe29fvpXxTyTqiwvbwr4OuAeOB3H5579rEUqmfa1wrMynoOid_4yplrdalgGU_UZPCDqVS2B5RApES3JnPJs3esJ9Lxh03tdw4,Barber chop lachqar,https://lh3.googleusercontent.com/gps-cs-s/AG0ilSztW-3Xzs9SW9vrZdAwDzyAl-41YOvig3BDwYejUjtVMeZzXURx7_rvlTU0u1uSUziN4H1as8XIr0HThV5gDucPsbsQRajbL6HyiVhFbNCS1MZYeudd5yc3xVhGy-5OAHavdsOMtQ,https://www.instagram.com/lachqare_barbero?igsh=d2ZudmQ4eWE4aWtm,"5,0"
0696-188869,"F6XW+RM7, Essaouira",N/A,https://lh3.googleusercontent.com/gps-cs-s/AG0ilSz2hFv4ikbYADSjR3yA8AK6cHo0vPG8LFrj7hqK4ek2MyHiqoGTkU4QpiewTlIxmA3HDoKu4vCstDsZ7KdwNeYvAI_liaXPAtfUFyvYCLNWW9cNXFGXcVCtv-mJhmHcu8KPoxMmEw,boumki barber 88,https://lh3.googleusercontent.com/gps-cs-s/AG0ilSz2hFv4ikbYADSjR3yA8AK6cHo0vPG8LFrj7hqK4ek2MyHiqoGTkU4QpiewTlIxmA3HDoKu4vCstDsZ7KdwNeYvAI_liaXPAtfUFyvYCLNWW9cNXFGXcVCtv-mJhmHcu8KPoxMmEw,N/A,"4,8"
N/A,"141 Rue Ibn Khaldoun, Essaouira 44000",N/A,https://lh3.googleusercontent.com/gps-cs-s/AG0ilSwPF0YMyK5l0V4oi0n9XwKNKVQLg6cf3zvCi3tcLfSjQWV4werySSsW8rOdzQZ9YD-Onef7NXDz4FIgJ1tNSn-PzBJMCJJCko82vHlobwL5jGBTpAfEqvgp_Bbyb8suWBe1j-Ft|https://lh3.googleusercontent.com/gps-cs-s/AG0ilSxJkl3S3u16wes6Nwm1cLnd1euyBnJwPTfI8oeaKqZxmWpQ7nzYOZY6658cjuWZO6dex31_oAjlU_v598p7HXvCjtJeQuCWATxcJ1boal9n2oB_N7fblT4lX4NTw9l8jD6d-IZH|https://lh3.googleusercontent.com/gps-cs-s/AG0ilSyB9Iyp1NcgKmpAUGtQgu8497_Ryi9m1vQiSyNzu7K1Mtq5uoWTP65qouDtw_7UrIHYoGoU2ajaGatF5z_7fEU8yoxAQyqXADyDG_UcxI7Nt3468M8uylUEVVFK5tBBMuBnUNbf|https://lh3.googleusercontent.com/gps-cs-s/AG0ilSzsxbDJuFvy5sD3PEI5c8J-Y21N2X3jML6owx_wYd7tuikx-mcgPDUtRJ0BgJwK0dtHI3On1DvmsKJIiVZhKcsdC8PkGQGb30GEipE-dOPrldfj1zvh7WUtGy6OMSpkCmoHpLZP|https://lh3.googleusercontent.com/gps-cs-s/AG0ilSxsO2gGIPRLYJgTcg4AiVL6ic4R4v55wZ7bmPTDkbrtWixhtAUEdoB-k6YEhNA2ZugtDHedkFyt4MDLS12fCZ-9t10215NaKXlktgQ7eJsSCG8jc0mPrxmTYbCFcenIZEBwMsk|https://lh3.googleusercontent.com/gps-cs-s/AG0ilSzi5pQYnBf9IzBERWBuEqXeASyUUm-xQT15rLKQBRLK6tl1P8JpSYb4wxqhJVftvnklTWJPb_vpbe90ZRMmsAfTrRLJKEHqzALYD_H1lXU5zg6vNquB0uZC6ocjToRAjZyC510XEQ|https://lh3.googleusercontent.com/gps-cs-s/AG0ilSz59DtRN23l6XyiDOYApawJBR-ZVOyMQFakIdr-E14bxFC-MDgZoWXB5l1676HrABQdlfPG8ml4uwi4-EWJIMT0zjtq6t_2wFikB410FXz4BSd0ubkrL_7Dl1I50qUJ4OwHE1E|https://lh3.googleusercontent.com/gps-cs-s/AG0ilSyfW4g7mi5aFkDp443dSN5gRig35i380Vjd9JslI-FjZMYayXO0OKaQDwxgxn2oTdKDfijlkUDy1YeYMwjJMNNPhtF8BQLsxf67RBl9rHaY4ky_olcwiLeIkLOEj7WhEAOlknVzdA|https://lh3.googleusercontent.com/gps-cs-s/AG0ilSwWWAzCIY6wA5ia3yQv8z-9xJdAxgw9eZ8q7AgfkB9UkjGc41GQdmsTqofMZP9aPWS4Ccu7ZRX554luvuLHnaXj_VvNpJcLjqnvTdAh2k0xiONYAGeLwEeg0K37ovUDtTDEvF36hw,Barber shop youssef,https://lh3.googleusercontent.com/gps-cs-s/AG0ilSwPF0YMyK5l0V4oi0n9XwKNKVQLg6cf3zvCi3tcLfSjQWV4werySSsW8rOdzQZ9YD-Onef7NXDz4FIgJ1tNSn-PzBJMCJJCko82vHlobwL5jGBTpAfEqvgp_Bbyb8suWBe1j-Ft,N/A,"5,0"
05295-73640,"G64V+R38, Av. Casablanca, Essaouira 44000",N/A,https://lh3.googleusercontent.com/gps-cs-s/AG0ilSxH_LZepmL_3J16hn5H6RQMz8mwgCx5O-tWc9fEdAgbtkNk0SZyrUSqohJeXh2wSMLZoLk18N3QkbXTK7NkVImNlsl2iQRYTp7TdH0lqTJc4y7-O6CaO2eW-5ICV6kVmSrcAuA,Achraf Barbershop,https://lh3.googleusercontent.com/gps-cs-s/AG0ilSxH_LZepmL_3J16hn5H6RQMz8mwgCx5O-tWc9fEdAgbtkNk0SZyrUSqohJeXh2wSMLZoLk18N3QkbXTK7NkVImNlsl2iQRYTp7TdH0lqTJc4y7-O6CaO2eW-5ICV6kVmSrcAuA,https://achrafbarbershop.com/,"5,0"
0634-582215,N/A,N/A,https://lh3.googleusercontent.com/p/AF1QipMU0iby-rcvSaNAs4h7xpu3GCL0c7pCg9fYKv_E|https://lh3.googleusercontent.com/p/AF1QipM6PDSwBQ3QOMaHSmi5ou9CrEV1MwDTDeyQ36Z5|https://lh3.googleusercontent.com/p/AF1QipO0aVleEhj-8j8P4RYQ2hCigWlbesePa-htpsu8|https://lh3.googleusercontent.com/p/AF1QipPOODFQZxfpsmiM3ou0THQax6ug5ulFl0lvSIhi|https://lh3.googleusercontent.com/p/AF1QipOLo0Ah-x0RbpfhsVgHPTntFPg_rc2bgVhh1y_p|https://lh3.googleusercontent.com/p/AF1QipP7BarphtbXo7Jb2R5bEClQ95udn0VTYxvFrMel|https://lh3.googleusercontent.com/p/AF1QipM4uk746F1Na3w7YfSKxDcRx61PoSLx3vKJlS42|https://lh3.googleusercontent.com/p/AF1QipO4q5_Pk8yEfvAvNWcPeeqG4d7bDKeK1kVGNh6N|https://lh3.googleusercontent.com/p/AF1QipNf0-gHi8dH-8eH_WhaPw3PGifB5H3pKjsaqTia|https://lh3.googleusercontent.com/p/AF1QipOU8VPP6oDGT3ZYs2El6AXjOdsELrNhKyJEh1Rk,"Salon de Coiffure Fouad pour Hommes,Femmes & Enfants",https://lh3.googleusercontent.com/p/AF1QipMU0iby-rcvSaNAs4h7xpu3GCL0c7pCg9fYKv_E,N/A,"4,9"
N/A,"G67Q+FW9, Av. de Rabat, Essaouira",N/A,https://lh3.googleusercontent.com/gps-cs-s/AG0ilSx5ZckAfOsiuqLY5SPMJhpI0eTUsX7N4CF3M4x17soGJ2nRjXxT21uI-51NKtmbEr0kWp_KwCrKy5EX6Lvagz3I7ATePK4HPe39SOt3EMQy44fzq0qwr6ymuqOrnLfs_GhreQq7eQ|https://lh3.googleusercontent.com/gps-cs-s/AG0ilSzQYN0LRNpdIle6-y459mUujeHTo9xVBQzA9Lxg5b6mD0mWrc9MEd4JnRQG9pSXR0p4_7f-_2ipswB_n89fzFc-Bp1oFzgKZVagKQYQ6x0lhUcq5EbwIV5auXJbxYyF27uv7IBY|https://lh3.googleusercontent.com/gps-cs-s/AG0ilSyGr42ZjUTcZfdtuGOSI4BTx-yje3SO_xDz65W87iee1qacSZefLmCASBK-4wkc9-r9941G_tF1i4HObNnUtoE95rIE4ZwyrAqCl_5deG_xk4sTa_p6QTiqHKJ8z8WrBVsiCUCz|https://lh3.googleusercontent.com/gps-cs-s/AG0ilSxwkoIXOLA0BNeTaFfbZV84h1qqUrmSArn-FoLE-vlgAJpqbKt6imJOrwJIw0BTxy75SPEPj8Qe9Lf8qC8Z3H9QODGTWv9H8M1wl487FxGPTd8TPEqzN-tVnWmpoC5viJQBRRRg|https://lh3.googleusercontent.com/gps-cs-s/AG0ilSzMQkEN6SiQQW38lRc1ENd2EEonlPz2c8c2eeZIIvaEx6chM1dsf06jAO6wOKd7M5AP_mFqvqAyxWY0QVvKmEsI168Q_4q9IuUGULW7RKmL0hH9yDgOnmtnDVbaFRtMlOeM9V-fZQ,The Barber Shop,https://lh3.googleusercontent.com/gps-cs-s/AG0ilSx5ZckAfOsiuqLY5SPMJhpI0eTUsX7N4CF3M4x17soGJ2nRjXxT21uI-51NKtmbEr0kWp_KwCrKy5EX6Lvagz3I7ATePK4HPe39SOt3EMQy44fzq0qwr6ymuqOrnLfs_GhreQq7eQ,N/A,N/A
N/A,"1, Lot borj, 127 Rue Sijilmassa, Essaouira 44000",N/A,https://lh3.googleusercontent.com/gps-cs-s/AG0ilSwOIdddh32ExZ7QUwfnW7ukA4zmUBGy2f7c7bcTEZuRW1TjPYenE4io-_NvR9fjboReLrBi4lBiG7lDp2aGvaiVWwtXAVGVpxIacNldO8wdrP7kTqwBRwY-Vj6koTvGKd9EzM9j,Coiffeur Hicham,https://lh3.googleusercontent.com/gps-cs-s/AG0ilSwOIdddh32ExZ7QUwfnW7ukA4zmUBGy2f7c7bcTEZuRW1TjPYenE4io-_NvR9fjboReLrBi4lBiG7lDp2aGvaiVWwtXAVGVpxIacNldO8wdrP7kTqwBRwY-Vj6koTvGKd9EzM9j,N/A,N/A
N/A,"G67J+Q5F, Essaouira 44000",N/A,https://lh3.googleusercontent.com/gps-cs-s/AG0ilSxth7-ZKufWNAI4KEWb-rGJMSA7lkCga4xJU3Dyn1h8WrFnChgiqNF90LAB3TJ3gvjxyRxTkCPr3q0nJDeOgIf4WyrFKWqIURP9x-xd2dj_PNRF3SHQjh7rtwturZW57HA4ULZozw|https://lh3.googleusercontent.com/gps-cs-s/AG0ilSxndtRLPOoPlC2v2Ly8aODdoUKE1wtIxWiyvfJUSE6X-bgB9-R2OKa-vk0r7koirDiJV3iu44pTDW91io9TWzE-J919A6HMsjpuTSma8jcpPXsNjvFCpNNbRWJQoFXQfxzB_Hyy|https://lh3.googleusercontent.com/gps-cs-s/AG0ilSy4rAfP69Uz4orHuZf69BJVCjgEpHRM0TtnqCSv7Fb3ZFqWarJXqh5_HyKDwAEPZyaAXMIsAizAbAPkKWiL0DFNxdYoZ9TWSMrZJtCJ8fEHhdb7wK3fhql2GAZDg9_R3QdE7fvi|https://lh3.googleusercontent.com/gps-cs-s/AG0ilSxI5duGeryQMfJNgVwi0bIFZqmYQKa7_mQqXe6yrl2jJV9qUbwegb5Ni6Vqd1dMljrqH81N02iIe0T89QuF8f1Of3-fX0VKbzaOgGugUTWMlnGkLM0XBaVYnFDbPHmi14QXBtZw5w|https://lh3.googleusercontent.com/gps-cs-s/AG0ilSwmaS-0rZs8764UErHo-N3POWjSJ1OMXvF8S7DUyw6lo_Ifqh-WShkUHk67pwypSqzNYvzoEcI5zGGdZZqd7CvFRMFX24c0HpWhhbLEoVEViZo7bsHC3KOK4IxXWg5TfFFBsqU41aTJfDsD|https://lh3.googleusercontent.com/gps-cs-s/AG0ilSytqJ0JDmsboVOKOqMUSNYCSnkhOjX66zxZR-KzkEzAQja6u0IImW8fTP2MigAkx1X-_PSgynbf-mcqlrmHuFOWQrLQlauC05Yb4WKD-xkPb4BGuH4V_YzvLMa_9R2LAFnuKmQEQg,Salon de Coiffure Al Ahbab,https://lh3.googleusercontent.com/gps-cs-s/AG0ilSxth7-ZKufWNAI4KEWb-rGJMSA7lkCga4xJU3Dyn1h8WrFnChgiqNF90LAB3TJ3gvjxyRxTkCPr3q0nJDeOgIf4WyrFKWqIURP9x-xd2dj_PNRF3SHQjh7rtwturZW57HA4ULZozw,N/A,"4,7"
N/A,"117 Rue Mohamed El Qorry, Essaouira",N/A,https://lh3.googleusercontent.com/gps-cs-s/AG0ilSzXTl02nyG_paqNBlxQxGtTGfKqgkN7-Mtl3ZBrciMdLfV_hPKzZ5PEKn4Z7lx5lvAAPovqmFm_4EsbRh7mubKhAvcIDuG08nJIzvaQbmvfjubswUGgDAPr557_oDeymST7uRd5j9N2u8A|https://lh3.googleusercontent.com/gps-cs-s/AG0ilSwj20U8TEvb_kjoSBiN2E-k2mtkhsoTv348w_RPN6Cota8YmZYunZUUesEJ-daHPi3363gWSonft79vCBvKtscitkLksro7jdmHAesWT6iwadiMms9B9mC7zMeQW5VB9QDZUxRT9HUpjSU|https://lh3.googleusercontent.com/gps-cs-s/AG0ilSzFw9svuNh0dpgc9btW5H4MW9jxMSXHerweLB94bdGJN3m9-3igdEJe_QW_YdSueZlZOyBlEqrx2qYeo7gGWEuuA5sviNIwc0eii-BuijxD0ov58uG4g4t87zW7ymmrQEVtZMV0aEePn7Ry,Berber barber,https://lh3.googleusercontent.com/gps-cs-s/AG0ilSzXTl02nyG_paqNBlxQxGtTGfKqgkN7-Mtl3ZBrciMdLfV_hPKzZ5PEKn4Z7lx5lvAAPovqmFm_4EsbRh7mubKhAvcIDuG08nJIzvaQbmvfjubswUGgDAPr557_oDeymST7uRd5j9N2u8A,N/A,"4,0"
0640-032626,"Av. Mohamed Zafzaf, Essaouira",N/A,,BARBER'SHARP,N/A,N/A,N/A
0712-348384,"44000, Essaouira",N/A,https://lh3.googleusercontent.com/gps-cs-s/AG0ilSwhbvxhbMicS7LDoq-SR95VpN4kyVs9fVokh1EH9GKdSonY8eCUHpZMwRwbWW3YDDLCfa2NndBIAnLfVJIhY5LlDzrH5Y5mGdImOm9_hXiPojPuWymo5oYR17yFCnvuFKdRd8tvSQt4gSA|https://lh3.googleusercontent.com/gps-cs-s/AG0ilSzvFK1xad6n0qsKVr5G-9T97Exdt8tQUiS7sCHeqeZjWWe2fam2aEedK0kc_zFriPW85kbEDYKOb8IWDDNLaN6H7Sp98aYMAdcT3sIr8aWSWGBLUHpJlJzWWIqRe36EKsuPPalwOI8tJZ-m|https://lh3.googleusercontent.com/gps-cs-s/AG0ilSytGnHGUdzeg-35SVGXHC4HHEi9fgeB0Cg6YtzQC5tv7i1hYQ_msyzX-VpNv9RsVDdZmvUbKF_U2TEq2rdbaJ7TktmdjrncQMSzLvEkKL2GYRWhcA1HKwvC_r9Rkb74KFnEZxNYWo5hJoo|https://lh3.googleusercontent.com/gps-cs-s/AG0ilSx2KcQG0odor59sfJy4iECX0UqAyt9B19qnp4v-9HF6wSZji2AqsTWUDOlA3US60tFohaSp1fm4PR4MMRe7Dp6TcdjZ6I-woiGvXmQ1wx4duxru7ZdAZSs8YdZSYWc247eZ9ckY1EhOf3tm|https://lh3.googleusercontent.com/gps-cs-s/AG0ilSzTCjBejb9WCgEa61QdqQqcVOegdATPAU1T2KZF9XIIGClMD1-aJpr_P5W1VYk9Pb1h_q-bXWmJ-5qTcWZnCrWkY7heU6BQF0-LYnexLazytulEA6Wtt8gNNeLln1Dn7kbOLWDWS-fx0m7P|https://lh3.googleusercontent.com/gps-cs-s/AG0ilSyg7ESwXRU5TlCzW3V18sveUHspGrqKmjR1EcU8K_42-QIzitoNNyuUTDEgn1rwmttJTz1LBGydqEGG_12RwK7fnPJsaHEKqmRZSHrDU1O2-VNNfiL9_mHgBop882jRrFRTzY5hXUPEV7w|https://lh3.googleusercontent.com/gps-cs-s/AG0ilSxwuB7ENnm-TY2hV8PnMcOHCWU5g06WpqYbJdg0QK5XpenY4XynWkOrUjsWXvD9itKAnGa4A_cxj68heuj4WmZZKqhrJHFeSDvRpHxKRsg-dcZvQv8fo35vL-r5lCeLtMU69agyIKV2JEzK|https://lh3.googleusercontent.com/gps-cs-s/AG0ilSwPVWBdzmafhxEpYqh0LnTukwnEuUxM4BxDs-e7mYgTvfqt6JwCr1SLC9P9MYLeD-_SWd2HaWAtMXPbN4WaBaptE5WBx0I1HUY_S6anJ4DH5esW7hMSif3f-BXbavAZkCT_jbQU_xusalQn,Barber shop hassan,https://lh3.googleusercontent.com/gps-cs-s/AG0ilSwhbvxhbMicS7LDoq-SR95VpN4kyVs9fVokh1EH9GKdSonY8eCUHpZMwRwbWW3YDDLCfa2NndBIAnLfVJIhY5LlDzrH5Y5mGdImOm9_hXiPojPuWymo5oYR17yFCnvuFKdRd8tvSQt4gSA,N/A,"5,0"
0655-613927,"189 Lot Errawnak, Essaouira",N/A,https://lh3.googleusercontent.com/gps-cs-s/AG0ilSxk-ofzmWpC7WEqU4XPen901XYMhZKQIwDt4U9LKvmuxkEVI5BXs0SvShpAKG2j0zWAoOn7ViyPEDWlaozKisOx928AYeQv54O9v1fBvnjOfCKL0w710JoYQz1fr9HcWZ-WRGok|https://lh3.googleusercontent.com/gps-cs-s/AG0ilSxOVp2lFVNiJFOhA4hJ8nVhyTV8Y0P_8OZRAow-J_4WisW-M1YH8Vw_daenQ2HWgryDpRImawZOL_Ms1sS1kdw66AzAtlBTJUDezN9G2xJiNk-RjFgLZy9uQqT1PDGpAiQ4IMIxrTBRTlY|https://lh3.googleusercontent.com/gps-cs-s/AG0ilSwlDhK221rEWaTOqi0EnnT8sRlthg1Mn9bQFzJnEmYNcSHgHKQ9oT6FFJ-rd5oEwl7hycDPX5OVs1YmgFsQZSB4sBaSUOYbHOcvFVGqmSYo4xOHJqvg1WGnRe5ERLzcWtu03l83Gg|https://lh3.googleusercontent.com/gps-cs-s/AG0ilSyuKKdVS-1lurzTyApWuylzLgwTf0ELB6Hn3d9xp51oXdWLwDI20bCaWSLV7AD8YQRIZ01VjQqPmD5IC__QX9XSJv1zsf4FFADRj-MW9QKsrcSz65Cm0EMth93LK7RNyqPc56eNcw|https://lh3.googleusercontent.com/gps-cs-s/AG0ilSxLpJ8b4Kv_0eU3duSeqQqZAz2WeweG5B6V_BAj6QqIxT5IQyZtRDTlanwl-Wvc74xxsGqd0KvuuWEocz166fV-JKa-gSjvq1fH_8_H7pq_NxL9SisoZZ_qEUeRoBN16_h_uvWU|https://lh3.googleusercontent.com/gps-cs-s/AG0ilSxDaTXHv1xCGSR09bgEGmHILXwqSY9p90LzoO-sGx-ZktMpG-sG9IhkoLz0XqzLeBJXG4mqB6il8_DDt0JBPQP4MJMBectk6sg4JV5BnZkM-uIkMjrzDMlKyJ6_op1tdTbX3l6I2lG6ueg|https://lh3.googleusercontent.com/gps-cs-s/AG0ilSwA3JcPfSfR4Harbn5ZbhxHgibPSZkNglWfYBOvyNOLyyz3UruKBZsqI4jsVmUCWVydE4DQC3os-bAjIrKtHTQemWQahLOr3sMgGKm7KjIHQ2SPH436Dkm0mZLokJT_1cAoge7l|https://lh3.googleusercontent.com/gps-cs-s/AG0ilSxSb0fMvkolBbZmGGDLqeIB06PwCXtkFAX-azq_y2XUbFHnAN7CN7S2x0qAVHAtDZ6rhqSFpdlKVI3iu9YQ0ZdtORVZVnbNIXwO2qsLEfRvYzRo1rYojegWJE3BPKdN_3kPJckJ|https://lh3.googleusercontent.com/gps-cs-s/AG0ilSyeVgT3S3r0GL0h39BAtilH69mSRz1tRcbFMC23ggKlQ70dsgIfJnZJUJmRuPaFfHP2J0qXH1VdFMuI-Y0EGbaVfaXrfNl6W_-JwGCydKgIjMR8gp-vwJePqVXRotSA_yLiiHLw,Univers Prestige,https://lh3.googleusercontent.com/gps-cs-s/AG0ilSxk-ofzmWpC7WEqU4XPen901XYMhZKQIwDt4U9LKvmuxkEVI5BXs0SvShpAKG2j0zWAoOn7ViyPEDWlaozKisOx928AYeQv54O9v1fBvnjOfCKL0w710JoYQz1fr9HcWZ-WRGok,N/A,"4,4"
N/A,"G68M+325, Rue Boutouil, Essaouira",N/A,https://lh3.googleusercontent.com/gps-cs-s/AG0ilSze-sYoBzUIrGqBw9mvDCN1p97pZc60zrjFSehtpbMTSARJMIu0Sq1VNA_148og_sraru0dxMThM-_6KD-_QYUzXqa_IBOhg5WBGXHo2VDqhfNMuvDyNsvNlxR6pZOix_URG2A|https://lh3.googleusercontent.com/gps-cs-s/AG0ilSxOjKLE3MLw77dNJtpzZhYxpDBUAx9D_7n_BjNX2M7Z8ZT-vlEe3NxQFqOl6RrfpvoDdPyYVy32YzMdAL11oG-lxfGGUrGMGFZL_O0mU3AiINhNYKmHQIfvDeRPTSI7NGhR4pq_vw|https://lh3.googleusercontent.com/gps-cs-s/AG0ilSzOv8agKyE26VWj6nmrniZtivKtUnh4yIOMwYGO7HTsvoVoR3QdBq8WNqHQRRCZuVIEMxVundf5ZLRuLn5O68_SPdDPU-HcEf1douDg-mm8Cc1Ebpxpp4dvtQsZIE4AXVDY9KxZ,Far Coiffeur,https://lh3.googleusercontent.com/gps-cs-s/AG0ilSze-sYoBzUIrGqBw9mvDCN1p97pZc60zrjFSehtpbMTSARJMIu0Sq1VNA_148og_sraru0dxMThM-_6KD-_QYUzXqa_IBOhg5WBGXHo2VDqhfNMuvDyNsvNlxR6pZOix_URG2A,N/A,"5,0"
N/A,"G65R+95X, Essaouira",N/A,,Barbershop essaouira,N/A,N/A,N/A
0687-127855,"G64R+2P6, Rue Ibn Assaghir, Essaouira",N/A,https://lh3.googleusercontent.com/gps-cs-s/AG0ilSxOjKLE3MLw77dNJtpzZhYxpDBUAx9D_7n_BjNX2M7Z8ZT-vlEe3NxQFqOl6RrfpvoDdPyYVy32YzMdAL11oG-lxfGGUrGMGFZL_O0mU3AiINhNYKmHQIfvDeRPTSI7NGhR4pq_vw,Roma Barber shop,https://lh3.googleusercontent.com/gps-cs-s/AG0ilSxOjKLE3MLw77dNJtpzZhYxpDBUAx9D_7n_BjNX2M7Z8ZT-vlEe3NxQFqOl6RrfpvoDdPyYVy32YzMdAL11oG-lxfGGUrGMGFZL_O0mU3AiINhNYKmHQIfvDeRPTSI7NGhR4pq_vw,N/A,N/A
0651-711378,"5 Rue Ichbilia, Essaouira 44000",N/A,https://lh3.googleusercontent.com/p/AF1QipNgWfeSIERgg_5YqvsL9yo_jYeFS6RSufJ2n2k|https://lh3.googleusercontent.com/gps-cs-s/AG0ilSyPbbWCHwJOVXGciL1ijkbB4yJcEiOQNlgFCRRktle0qYFxGsvwpw-TW9VGtq4LltxczfbGRfPEgWvrCbBg7GUBYig7OlfK59PcHmAuYW0mAsYPqPd4NCcB8fxkzmIjwQ-f_KNb|https://lh3.googleusercontent.com/gps-cs-s/AG0ilSyjWj0AzbYCjrjsir75jRtvrv7SjNgkBGLLVaHyydXf2i30k4NAvld_xzUSlbzqYMr6kPI6pHyAqf5zuVHxOfrImfbDO_p_lSxoMNSQKvyAzdcR2vmkFlFLimq7v8bftzo0dM09-Q|https://lh3.googleusercontent.com/p/AF1QipPDVH5ZJPooGK2htjQ9IK5hUpPkfTfZo4YbaaE|https://lh3.googleusercontent.com/gps-cs-s/AG0ilSz5X8Pf5jU7cTyZoiP6KyD6tIShLxLIi69lVHghOCj6xZvz336AXVt1zsbdry9J4PpYwm9Mmi786gaaXpPXckvXcOZ-3c449vOT1x-VZaXDm1vzR3mP2kEztdWUiV5LrKedAoPq|https://lh3.googleusercontent.com/gps-cs-s/AG0ilSxRfWmjwxuyzWPBH9sPAbuL0GFJkt0qv4Iyg6N8E-U8jMEDz7HB3WnX1RQ6p2cKLiWMy13-Xj0UFk7vgRwjROoSY5pbJVJsYeTF0Pt8cH92ebym90vMcLvlEkMyXacfJ_ws_m1TtMkrBsc|https://lh3.googleusercontent.com/gps-cs-s/AG0ilSz317q8g5nbbA89R6H6zFHDuwXrfrM5gfz8ghv2D43eIe6-ce-qnMt_HQr9_e7uaYMvvlL8_9WEdASxKWGHnX_0Gy-VFTGQNLs5h-C02yryxZEG8jmvmkX0I6QjprUl2v83H3dsN3K7bijK|https://lh3.googleusercontent.com/p/AF1QipOyrIvzAS6-wzi8tEFgayqMIV4ldVTwFUecMPA|https://lh3.googleusercontent.com/gps-cs-s/AG0ilSx1VHreYaYrly215zYSrQ0qCaNL4UO9IQZHZnk6tIcRS5QwOUHQKEY4Zn6Ci1f5KOmU1H1RcaGosusX_vwH1GrhJyLqhVJroFRVBotsQOVaJ50s-AaBptJJkzbCB5LBX1ws1iMNXtnVb6Mu,Salon de Coiffure Asklou chez Abdeslam,https://lh3.googleusercontent.com/p/AF1QipNgWfeSIERgg_5YqvsL9yo_jYeFS6RSufJ2n2k,N/A,"5,0"
0630-756496,"G65R+79W, Rue Abou Hourayra, Essaouira",N/A,https://lh3.googleusercontent.com/gps-cs-s/AG0ilSyPbbWCHwJOVXGciL1ijkbB4yJcEiOQNlgFCRRktle0qYFxGsvwpw-TW9VGtq4LltxczfbGRfPEgWvrCbBg7GUBYig7OlfK59PcHmAuYW0mAsYPqPd4NCcB8fxkzmIjwQ-f_KNb,Salon de Coiffure Abou Imrane,https://lh3.googleusercontent.com/gps-cs-s/AG0ilSyPbbWCHwJOVXGciL1ijkbB4yJcEiOQNlgFCRRktle0qYFxGsvwpw-TW9VGtq4LltxczfbGRfPEgWvrCbBg7GUBYig7OlfK59PcHmAuYW0mAsYPqPd4NCcB8fxkzmIjwQ-f_KNb,N/A,"5,0"
N/A,"2 Rue Qadisiya, Essaouira 44000",N/A,https://lh3.googleusercontent.com/gps-cs-s/AG0ilSwp6jR5PbF2qp-tsRB_eHui5ET8NMeKiINimvMl-Mt06sYsNEmaywlgUN99uFDfOlSFb2agniuoADHLShfSFFXuPnK1Kc5c0LGLq-ifEFiUIGJ5P7h_BOrM5ccfItOjPnsiszxBlIXSZWbu|https://lh3.googleusercontent.com/gps-cs-s/AG0ilSxiznWRgBYX_7wiJdo-jB9_N_ZiodnUcwni9Mj2d-LoILvhragPW2zON9K3G_VaGZVGb8Y6RzCDiNYrhY-2aOhSuEOBwx9CCcp8AlGF3vK_RLuFy41AOH2jnZGhAD8k9KAxIEmUtg|https://lh3.googleusercontent.com/gps-cs-s/AG0ilSyRx1NpV1_Fz-yst_fisQ5f6iABM1jmCyv7MnoeDV9AdDb1LWn-OczgfSmFAIbjrbG7qRkC8KnjNxlih2-P518LDl_wQVu1sMdDgC37eW20RzV6ZtTf5n2iGsgOim0SoFScfAC1|https://lh3.googleusercontent.com/gps-cs-s/AG0ilSzCbkTnIjDdWMEH1PDmjDlwQbYxOs5yHAJ8mkyMxNSxHIQzZAs4FOkpwKa-3UWXShWZyJgjGd4rUiGNKF9BgFbnT_UEAEhM0_6rV-Nf6u7XyRkrb5MBltzwNvPIL93hvOMe_cjN|https://lh3.googleusercontent.com/gps-cs-s/AG0ilSykN0hjtg1mK2eVW4YvsZcDNHn8iQCfcrAkroPRdqc2hX-MtZByM_JDeuLmkQqvHs2FtKgLMhReB0X71S6A5PVg8WSAtEGxa2W_stJoCGXUs30vafa674gIzRpX39tKnoYv8FLY|https://lh3.googleusercontent.com/gps-cs-s/AG0ilSxJFw6_GiNSvB2xzLl40DGy5ld2ydyB72qb76YamDrz5KCIleFEXpNSIymXHbuoMOij44tEraMRQds1toqW9UaAb59JZzfi0xBOULd_mP0HhIrbt4hxuAkAgW2ecw25LGb5ReKVMA,Craig's Barber Mogador,https://lh3.googleusercontent.com/gps-cs-s/AG0ilSwp6jR5PbF2qp-tsRB_eHui5ET8NMeKiINimvMl-Mt06sYsNEmaywlgUN99uFDfOlSFb2agniuoADHLShfSFFXuPnK1Kc5c0LGLq-ifEFiUIGJ5P7h_BOrM5ccfItOjPnsiszxBlIXSZWbu,N/A,"2,3"
0666-963195,"136 Av. Ibn Hazem, Essaouira",N/A,https://lh3.googleusercontent.com/gps-cs-s/AG0ilSy1wC-HZQSWMk33oNWdERUY4dAGGdySMOAG1HugPm8pjtBBgJNrdAKX-UFk6cioLfSNDKiQh70_R6BKwXiNLVySYX8T3rUZqOgsf4JWBl04dZntNwdpAyamsxnToAJeS6PPC5VpRvA_vLco|https://lh3.googleusercontent.com/gps-cs-s/AG0ilSwl4nRG8-z36o6sCW66d2Y1HuF42GS1pIGeHTISiPdR3RJ7_PkybwW0Xk8iSbVhFRwe0LDx2IYiIyR17JY8N6vjLkpbiC5qYjRgzV4XJF1W6D6P-AzvzxgWkfhVUSScGXVtb8_C|https://lh3.googleusercontent.com/gps-cs-s/AG0ilSyMqRUSDvKX_ROzyj6k9gW4kxtdzGo5iRSKlAfHhMp7SBYgvedinmdlNaFLNGuLFBCuobsK_CmwlvOfC2hCKcBMz1KoNbK1hqpgNdgM2DI9BJ_Uz0wLy0Im9QFzfEurmqJL2483SA|https://lh3.googleusercontent.com/gps-cs-s/AG0ilSxc-02pstRDZFJIoU_OhHaOwn0DqNnD25AGaI2exoP7-CV4LxirlJ3sS-gP-Z7QME5phcCxJGbfN4eGZDHRJ_H0xo6E3fH1saVTGzkJdxvk5WqVTzqm2UwGW5ztssyfmQfOZDL1|https://lh3.googleusercontent.com/gps-cs-s/AG0ilSxH2FkBCM6Lr3IHl9OhmNKvBY9Ifed3nwjaCbVJU_6e3lxcCVsr73l_LcB3bRsr3v9M0_HekX1bHMFAnpUkgajnmgjGoi2HXVRyZlaYh5OzKk8aakaJ1v_jME2ebem_Fhnb3K5p|https://lh3.googleusercontent.com/gps-cs-s/AG0ilSyEGNA_7acwzAxE186Qq723cOJQc8wqKgO1o3dz_nhDndb-r7yNssMkWiV0frBUoLO91A347SRgOwMnDfApYo9XMsi48ji_aLIWYtCjKoeOkoeOPuUalKiMR9cyo4RMpbWqtgc|https://lh3.googleusercontent.com/gps-cs-s/AG0ilSxckJzewd07NBQdL3vOI0uljlRs5h9W33rm3u4vFwpI0CG1NBnf5DtFbDQGNr7HH6QLuZFCt48RhSvQCEVd4DE8nI7UUHqZ581d7JJaRHSy5Yb7ODSWG_Z_tJxmZYdmJxoE8Gyj|https://lh3.googleusercontent.com/gps-cs-s/AG0ilSy-uWLwTlxJLAqmISpBvH9CEqNFfCh94McH857hT1Sz2yHNi7r32sVghU5HS_prcdJ1uExvAvQQZzCD3XUz1j01mGfwH4A1cPsjo4DsctrAb3RHnuyukaZlc__RTbU65KYduagCLw,Moga prestige,https://lh3.googleusercontent.com/gps-cs-s/AG0ilSy1wC-HZQSWMk33oNWdERUY4dAGGdySMOAG1HugPm8pjtBBgJNrdAKX-UFk6cioLfSNDKiQh70_R6BKwXiNLVySYX8T3rUZqOgsf4JWBl04dZntNwdpAyamsxnToAJeS6PPC5VpRvA_vLco,N/A,"4,7"
N/A,"18 Av. Sidi Mohamed Ben Abdellah, Essaouira",N/A,https://lh3.googleusercontent.com/gps-cs-s/AG0ilSz0l44cmWPEY7jaZEo74aWEECssq4WCQfuWWNZ90W_Urds8vqwdn74zc083lSCx7nAqjwAvym84DfVcR9dVIiSC5uO-c-r_Ec369pkF4QEZNSXv8sIMl4xeTQKktvX4HXgRjCSR|https://lh3.googleusercontent.com/gps-cs-s/AG0ilSx3EBajWoEBfuLkclZrV_zEQ9fAUp5H31_XMkV38eaEblt5K1_o7wd0IkdatfjYB1jHMz8ZzMiys1-JocskzST2Gnj32YcbRIOOqH6gRzr1sRHAg_Az9uJ7BRXqP4N_89Iw8fo|https://lh3.googleusercontent.com/gps-cs-s/AG0ilSy5S9-OxELOHV3Dau5oZmKlAIojAVQurrBu1Wmg5APRJcYAKc5upZxVYOTYv027fqBlJEkmWd9Haoxwhmx9U-nlC8mOTUttunsSR9FxOiRsbCabWHmr6Jz5CDQQRvy9zldHZ0wO|https://lh3.googleusercontent.com/gps-cs-s/AG0ilSzq2uEMFTflKmFojrn9fLbE1A1tl6QrJPyfsoqN-AwqlZECNZMKal71HzhS_VdaLGAI6YTzLKZEykQBzENnjlyGEDBCRVfaQLJxhtloPPkeVBVwM1N2kLZeou7IjUuBFy8wqHGA|https://lh3.googleusercontent.com/gps-cs-s/AG0ilSzATmAcVYJneed38rJ5k5DKEnbUe6VXUFxK-13-QSSmntjk4ogoF5neeGUE6J2RjL30699SgH8WJqcFFXPbEzm040YRjpp5_gB9HcvIoHK2Rd_0TB2Ptqir-cFRX0LyI1MRToG3vQ|https://lh3.googleusercontent.com/gps-cs-s/AG0ilSyBK-FG77FZTkRxA62Hgt-QuTIMeeMkO5Osr4cP3vavvbEp3wsV6N6HnyxAKe0oOERr1Nkwvu8Znbuh9jmPShc3lVfZq6rrOt7kyszvqLZhFUhZBsbUcggcuAJpA4UuDD1irduo9A|https://lh3.googleusercontent.com/gps-cs-s/AG0ilSwkOaMp2n2nP1hDBD8XvUVAhKclO9-AO-GzyR-LQhvTtCCbcH9gsi5czrNG05S2mxVjJcQQvCaxDz0gwpYbzDbXxdlbiPy3ISvZPtVJOQJNAvzl7F0Xp7KGUtKZ5inyaSgiKsmrfg,Salon de coiffure chez Mohamef,https://lh3.googleusercontent.com/gps-cs-s/AG0ilSz0l44cmWPEY7jaZEo74aWEECssq4WCQfuWWNZ90W_Urds8vqwdn74zc083lSCx7nAqjwAvym84DfVcR9dVIiSC5uO-c-r_Ec369pkF4QEZNSXv8sIMl4xeTQKktvX4HXgRjCSR,N/A,"4,2"
N/A,"G67H+3FJ, Rue Hajjali, Essaouira",N/A,https://lh3.googleusercontent.com/gps-cs-s/AG0ilSyAjxZaLOJ9CIu1YDEQrky8nDQlcHYZ2vNs-5up8tZeEQi569JaUgcJA7tFceqWGicD65b-mO01Rp_O2vXGwiiFPONRer77iTsDHSFElWD2sxwMARIRqKB64M5n9iw6XMZGgKHBSC9owWnL|https://lh3.googleusercontent.com/gps-cs-s/AG0ilSzih-OdYjLLkLiiUMg86sGN9zkt_9eMXp1rWwPaTXf973lsXNpVGDaU8YD1PBlRaCDaS8uG9mR4jmFQQ5JZzPQqBbwZSGLR7aYxN0qL3H_JiV8IJ25GTfmpHs1vqbPLxMyyadRR|https://lh3.googleusercontent.com/gps-cs-s/AG0ilSyDTJr5AC-x-Z_2urTho8PJeAELt6WfQ3XZr8dsgG266_NGoImnHs1N2tlAxs0RA4h9VBO_9wqZJ0NiPXFG7rbmhf4c9M0hXFht2hkMqnZzZIDG2EJqzfRrmA_e4YfH9_fyXjg,Coiffeur Pour Hommes Et Dames,https://lh3.googleusercontent.com/gps-cs-s/AG0ilSyAjxZaLOJ9CIu1YDEQrky8nDQlcHYZ2vNs-5up8tZeEQi569JaUgcJA7tFceqWGicD65b-mO01Rp_O2vXGwiiFPONRer77iTsDHSFElWD2sxwMARIRqKB64M5n9iw6XMZGgKHBSC9owWnL,N/A,"3,4"
N/A,"G67J+MH7, Essaouira",N/A,https://lh3.googleusercontent.com/gps-cs-s/AG0ilSzih-OdYjLLkLiiUMg86sGN9zkt_9eMXp1rWwPaTXf973lsXNpVGDaU8YD1PBlRaCDaS8uG9mR4jmFQQ5JZzPQqBbwZSGLR7aYxN0qL3H_JiV8IJ25GTfmpHs1vqbPLxMyyadRR,Essaouira,https://lh3.googleusercontent.com/gps-cs-s/AG0ilSzih-OdYjLLkLiiUMg86sGN9zkt_9eMXp1rWwPaTXf973lsXNpVGDaU8YD1PBlRaCDaS8uG9mR4jmFQQ5JZzPQqBbwZSGLR7aYxN0qL3H_JiV8IJ25GTfmpHs1vqbPLxMyyadRR,N/A,N/A
0667-059085,"N904 - LOT 5 - BVD Allal El Fassi, 44000",N/A,https://lh3.googleusercontent.com/p/AF1QipOm-i7yrzi9QcBfHReQGAjUqdfg89B26XxqFKHP|https://lh3.googleusercontent.com/p/AF1QipMozwC0_nmveZW8TNLLF9dwaIHsCPfbqWTGCRQ2|https://lh3.googleusercontent.com/p/AF1QipM04s9ZwxTCeQTAP57kQaome-sDhbNk3Q6WXq5X|https://lh3.googleusercontent.com/p/AF1QipOKZ7jK-UsjqTS2r2W6ksUDcPXxtdQ0T8qxlTQa|https://lh3.googleusercontent.com/p/AF1QipNhe47lzOrRq_S2EBtOFH3SdbzDWq_yzihTiprh|https://lh3.googleusercontent.com/p/AF1QipMQ-tQatfmwV8SXqh2OsRlIzMlbGQFwdBZM-KoA,Salon les amis 2,https://lh3.googleusercontent.com/p/AF1QipOm-i7yrzi9QcBfHReQGAjUqdfg89B26XxqFKHP,N/A,"4,6"
N/A,"G64V+FM5, Rue Al Fayrouz Badi, Essaouira",N/A,,Simosim,N/A,N/A,N/A
0680-053088,"n lot 5, 1047 Av. Allal Al Fassi, Essaouira",N/A,https://lh3.googleusercontent.com/gps-cs-s/AG0ilSwf0MQruxIsODmSdIfxX31UAW3unv7QZXAVVtME7gXJ7Q_mbBwCLXporHwmbTxZBLgeP-DBnFxeEJDuFjBdFfjd7SMYAcNnxIgx1M3FwU52ERVAMoxPNSTsI_aPAxPth_WwxEhqmw|https://lh3.googleusercontent.com/p/AF1QipM_96ytajaY2VtD_Qot6WiY7b-LEg5Gqe9BHi-B|https://lh3.googleusercontent.com/p/AF1QipMTUr3xqGUIgipZowJC75BaaCo44rmYun8ARf2n|https://lh3.googleusercontent.com/p/AF1QipNzV5IOrtGdVOX3K0aoEH4RalNCC7dtBHCDAf0i|https://lh3.googleusercontent.com/p/AF1QipNNqIi07Xud3XhhZYb-3CEAColIXifUNbUTrpFp|https://lh3.googleusercontent.com/p/AF1QipNsKjyU7jx9G0odGEnJc0RJGqYWpfKoGkWc_6Tp|https://lh3.googleusercontent.com/p/AF1QipOQc6F9VKwJqjOQP6VvNjTaiFE7rVSIkPeGxCIT,Salon H&M de Coiffure & Ésthetique,https://lh3.googleusercontent.com/gps-cs-s/AG0ilSwf0MQruxIsODmSdIfxX31UAW3unv7QZXAVVtME7gXJ7Q_mbBwCLXporHwmbTxZBLgeP-DBnFxeEJDuFjBdFfjd7SMYAcNnxIgx1M3FwU52ERVAMoxPNSTsI_aPAxPth_WwxEhqmw,N/A,"5,0"
N/A,"Mosquée el Borj, Av. Ibn Toufail, Essaouira",N/A,,Milano,N/A,N/A,N/A
0656-610484,"Ceinture verte, TAFOUKT Extension 472, 44000",S'identifie comme géré par une femme,https://lh3.googleusercontent.com/p/AF1QipMZs5DXVqfb8-UDInAIAocJExIyJQ5iow-8146F|https://lh3.googleusercontent.com/p/AF1QipMEvfQgxwAmt8WeXdDwDIf1YO5uP6CtIwx7Wksz|https://lh3.googleusercontent.com/p/AF1QipOYxtgdVEefIVgzmLVltc4XWbFUamK4kEYrQVzq|https://lh3.googleusercontent.com/p/AF1QipMbZZxKlVwXycuEtlUnw30NQvlbpZFIx-JHWg2r|https://lh3.googleusercontent.com/p/AF1QipPt_i8Fm5G1eUrP4xzEzqPVjdegYuo_sXUzI9A4|https://lh3.googleusercontent.com/gps-cs-s/AG0ilSx0NFj66L2g_w6rcxa8aPV-BQqflwzUD4zUn7KdSFvh-79OwNViHG14Pv7cVK5Xn29ekU-KUfXpNjzmKLl5m9MyvH2axiONR2sLGsn1drjbyY7iimk7ltCDnVAegdGkFI1HelRZAn_IZ8re|https://lh3.googleusercontent.com/p/AF1QipPVvVzBc-4-zPnUn_A2Yxg220qQaCWW-bhBu2zV|https://lh3.googleusercontent.com/gps-cs-s/AG0ilSz0BXXnlWhMjoCPwDGBgWEOcIKh2Y9Dv_xkkL0a6RsW-5kDMzO0NCQZjyjIX8INhle4PvwbxZTTyQoUJEt2cQxxjWS-_mhlBzse5--LZqzMiySXW76dylxz6WphqVab49LT56Nk|https://lh3.googleusercontent.com/p/AF1QipOjibts3YVfQUXeWMKIQRrF5Ki-9s2R7RT1G7T-|https://lh3.googleusercontent.com/p/AF1QipOnEnlQbo2VLOzBSRiws_QLm__fXp6QSyEQ8c8Z|https://lh3.googleusercontent.com/p/AF1QipPm1q08LB-mQl7kxUj9qmoL3L4MibZuL-Ko-T7J|https://lh3.googleusercontent.com/gps-cs-s/AG0ilSz8axpZOEIXBu3zSOUUgDBS8_UWKPqrK2oZ610hE79fFJRhbZNPeZnzORkQvXGEe_js-aOLD6p5XvCaBnKk2YCA344A-PkTus5tzXFveYrJedf_Lxyd1x8tIcGnJIejOuVqWfLd|https://lh3.googleusercontent.com/p/AF1QipMOzURI7TDBXgqfxdXrP1FU8n-8IxtZ72zT93cg|https://lh3.googleusercontent.com/p/AF1QipPZzDPGhH43MpgRKb2_BLrh5Vz5BUHOwz32fFX2|https://lh3.googleusercontent.com/p/AF1QipN2g6wnIDQm7cFdR_scmINoDAIMLpONBNcZk03p|https://lh3.googleusercontent.com/p/AF1QipMH2yT11VkWSGsDVv4tqf4AhcaOElVxvWWHEn0G|https://lh3.googleusercontent.com/p/AF1QipMO9WlYUaKN2m3GZwul3wplxp4IBJ19sVo2RT60|https://lh3.googleusercontent.com/p/AF1QipPGt0SAF3_oACshNhMIcVuBuZMmAhONcaR6lINB|https://lh3.googleusercontent.com/p/AF1QipN8b6_yXIe3FwG_D4TwAAJVMDJAnkszzULRoMFU|https://lh3.googleusercontent.com/p/AF1QipNDI4mCkPus1pGqZQ1-o9TSDDxnEREar6IKcTPR,Be Beautiful : Salon de Coiffure & Esthétique,https://lh3.googleusercontent.com/p/AF1QipMZs5DXVqfb8-UDInAIAocJExIyJQ5iow-8146F,https://myresa.ma/be-beautiful,"4,8"
0652-936011,"Lot 403, Essaouira 44000",S'identifie comme géré par une femme,https://lh3.googleusercontent.com/p/AF1QipO41L4fScm4zoaVasxpMNCKhzShnSyccp3qNKWc|https://lh3.googleusercontent.com/p/AF1QipO1qKgn9gt9SscbPx5_6IAKNCTuBXgQC4U_qUaT|https://lh3.googleusercontent.com/p/AF1QipNBGTqI3I-Nf7mVqikVo9VzXCoG0-G5bcCyghlG|https://lh3.googleusercontent.com/p/AF1QipPY_pnOVnCCEOYD2lK0lPACAHXwMMUdrsokIUqO|https://lh3.googleusercontent.com/p/AF1QipO1FYGgcBdHQ7T2FecI2m565SVNcvoNAwehEm-_|https://lh3.googleusercontent.com/gps-cs-s/AG0ilSzj8umZRkluL3tKQDKva1LvZNQ52cZOiGWvHTe5FwEEZctaEt435LW4ekZRuaRPR-atJc3-5whcXqSBbadSBapG5Qjhb_aZH0KuzfDgI2UAlGyi5AHof_iI7M9DMMDA_0V6UMo5|https://lh3.googleusercontent.com/p/AF1QipN0ooTGp7dGbS1WiT5a5DBCSxjGOUyXO34JI4kt|https://lh3.googleusercontent.com/p/AF1QipO23cLpTH3kqaV7JAwu1TMVvDWRJfD5WS3pDYxt|https://lh3.googleusercontent.com/p/AF1QipPhk4usNn_Sw9WK9kg5f5A_QPSFmIycPH-l2uQL|https://lh3.googleusercontent.com/p/AF1QipPUAdJz1gXV4_Bhr6jKEIDLkrmkaA6w07qPgmjP|https://lh3.googleusercontent.com/p/AF1QipMB4mBea6U3YXuXMICYxr5HQgSAIgOeygnfIjfn|https://lh3.googleusercontent.com/p/AF1QipOz669CsQu9iR2spKvQOsa4x3VLxf2WYCFK8RpU|https://lh3.googleusercontent.com/p/AF1QipOkp7Tkje8zdDasMrg_1B4enWUfOjl9eLCaKsSs|https://lh3.googleusercontent.com/gps-cs-s/AG0ilSx9fDPei1nOxBXQp9fvBAbKHtFSGI_rTXkEwMoYuyp8c7EiZLpo8248IwCKXhK2msN1_zoLkwlJOYae6bVUqCUhZpyi-bPDpPTAEtSnoxMe1cX9bWL70n6xtUm8kzYSfmoN2zDL|https://lh3.googleusercontent.com/p/AF1QipMIdRzLMBVU_egf9LchS0W_sjHoUrpkR0kN2wJF|https://lh3.googleusercontent.com/p/AF1QipPEPu4xD824aQS87VDz4ttsF8dOA9VfKS8oii05|https://lh3.googleusercontent.com/p/AF1QipNEws7ZSGWz4Gm4fzjclytceS8hCVEp_Xt55_NG|https://lh3.googleusercontent.com/p/AF1QipNxGFdlFaKDV68a1OTBhtvAURfeD5Lva8xPyYj4|https://lh3.googleusercontent.com/p/AF1QipNQdseqXw1fo0gfL3J6tzDtYXLA_1w0sVJxSQP2|https://lh3.googleusercontent.com/p/AF1QipMd7NCB_qnscfovIBETJgAa5Og3n89Ijo-JOa8T,Salon beauty esthétique Yasmine,https://lh3.googleusercontent.com/p/AF1QipO41L4fScm4zoaVasxpMNCKhzShnSyccp3qNKWc,N/A,"4,9"
N/A,"G68X+W4J, Essaouira",N/A,https://lh3.googleusercontent.com/gps-cs-s/AG0ilSzYWqB3WUD6r6uieb_9zDLjyYb6LZ5owczD0oz67HsE7GIFIRZy7bL_fCaiZkGh-vCUT2xDeQNvmyYdChEvHg3dSpIXWRCl28TnNEX-wz0gpc9vmc878d6z0wjJrGYHPHdb6dsDGygkoD7V|https://lh3.googleusercontent.com/gps-cs-s/AG0ilSyiyufjGHWIimDxTJmz_Ba9FKRIi6HL-d7q2hNwQ41hTkJ83FCbTA_KKTYTOgRxtza4hFzudZYTJEjXEjKGHVVBu3TT-uv-cSS6o2GWveaLacLUqietnjKK8ZuyvAvNWT5ovJBS|https://lh3.googleusercontent.com/gps-cs-s/AG0ilSxwgdudfmoQk4TE9aR9-NbMFACnqfrw347o71SOatLRxOpImrm5MwdPA7zMKWwzdFfR5cGDptWMq5m7bW9jvsrqutnGLfpicmDBRQE3dV2VsqOmHZ909LHs4yhI5NIIzOXkAKxM|https://lh3.googleusercontent.com/gps-cs-s/AG0ilSykS4nC5twWY1MJBDWRGSwDWbX4wICSkNxn9WA1On--SwxrwvFuNl7HeAdmxMIv5Df8jLysXtCrozjVFxGW-kTg6q_gOYFcT7kReyI6WrSSBGJOjbJR92unbwN1oseAsttw23uyl1XBJ2ib|https://lh3.googleusercontent.com/gps-cs-s/AG0ilSyO6Ul0yOCXyIMd2az2lUvHnrcKx-vGiRHXSHMraEXe2hH1KXl9aTlKl6tRPJzb4U9SFsmrHqgT45A6dzzgd2Mr7359ter_WjKJa9_pDL5A8QJGONxbus440uR-vJ4IS_6f_A|https://lh3.googleusercontent.com/gps-cs-s/AG0ilSwGjXtX00ax83wZRLlP9HY6GJ9aCmxKkdLD9E6qBnlQw8xKKIfgGngO5w4Mou-DM7q-Xjvb4lZKeflJYw9dwL_dg5yqKPUpanb6ZSrEpy6Sb82ehGU9hlS4_QAbb4C3ItcCBFpH,BARBER WELD LAAYACHI,https://lh3.googleusercontent.com/gps-cs-s/AG0ilSzYWqB3WUD6r6uieb_9zDLjyYb6LZ5owczD0oz67HsE7GIFIRZy7bL_fCaiZkGh-vCUT2xDeQNvmyYdChEvHg3dSpIXWRCl28TnNEX-wz0gpc9vmc878d6z0wjJrGYHPHdb6dsDGygkoD7V,N/A,"5,0"
N/A,"4 Rue Laalouj, Essaouira 44000",N/A,,Salon Titrit Barbershop,N/A,N/A,"1,3"
0706-626286,N/A,N/A,https://lh3.googleusercontent.com/gps-cs-s/AG0ilSzYWqB3WUD6r6uieb_9zDLjyYb6LZ5owczD0oz67HsE7GIFIRZy7bL_fCaiZkGh-vCUT2xDeQNvmyYdChEvHg3dSpIXWRCl28TnNEX-wz0gpc9vmc878d6z0wjJrGYHPHdb6dsDGygkoD7V,Boncut barbar,https://lh3.googleusercontent.com/gps-cs-s/AG0ilSzYWqB3WUD6r6uieb_9zDLjyYb6LZ5owczD0oz67HsE7GIFIRZy7bL_fCaiZkGh-vCUT2xDeQNvmyYdChEvHg3dSpIXWRCl28TnNEX-wz0gpc9vmc878d6z0wjJrGYHPHdb6dsDGygkoD7V,https://www.instagram.com/boncut_barber/profilecard/?igsh=MXh0OHp5dWJrNW5hZw==,"5,0"
0676-081576,"G65R+MGR, Av. Hadj Mohamed Bahnini, Essaouira",N/A,https://lh3.googleusercontent.com/gps-cs-s/AG0ilSxnYNqGFQDv2VwexsVyo9anQd_u-quA2O3rVFtB8HE8DulkX6t3nFNH3NuQVAOMNQQtn2yMiYJCqUAUSrIa4B40ZOo-6oBUd7L00cm_2GlOhHiA1mFX4sMAndFbJTXcHM8LAf-B|https://lh3.googleusercontent.com/gps-cs-s/AG0ilSzPP2lnfsTWg2TIpB3cLaaEgo0I5danOF1sOwDTR8f1x2rZ_2hFPZoK5sBh-TI96boeNiRWi3tMx541kDqtlGqs2kLErPK8_Vg_DCd5nRAhjDo-tAd7dq9qTupTDCrkh5U_F7DD|https://lh3.googleusercontent.com/gps-cs-s/AG0ilSxsCT4NGmZ7D477cyiptCClC4Q-u3lm2EV07ZWd6u8XaSC_jxD59XyeNCWsDXafy2il_8c8f1x02W6Vs90LTE6tQa_qLRs--IG1xc610eNWuLfUplM0kpZxbCzIEp4sAggEwPOOAg|https://lh3.googleusercontent.com/gps-cs-s/AG0ilSyPacTUHembn600tSfWrS-dFASSUN2iSw5LmzI2vCqinumX9jvyLt5m_2GdzbU35z-vRTuSUhFX5o4pvWbZrL2La8TExENnA2NZA15fAyzH6vYj9E_b4n12cFXuuCvRK2inYphl|https://lh3.googleusercontent.com/gps-cs-s/AG0ilSwmZ-P9XfWqfiG2E7Q46OfwAkR4WgoTW9fvOESLxhukXBuaj7D5gwXsVK-aT0rBMfiNOKK6UtNtksRVvIJ41jTrJLCIam4C__MPJ40gyikgjYQ5aZVJOOFpQE4q8bcS73uSWRrW|https://lh3.googleusercontent.com/gps-cs-s/AG0ilSwTCzOUItOE6mfWQ_JPR7RcqWg4HRDfko8fu-aRj9M3YBFbzo28ayD9EVZjg-YQWyma0Axp-HbTyqZswjPZLWhdd5VXhkkc6r2Lkgitx2OjTM6C6CVbXXAuM0AG1M_0SRsSfbbt|https://lh3.googleusercontent.com/gps-cs-s/AG0ilSwrXKpG2A9ks6GeCwwTbO5ow_StSA4SsPdNhFcmDAyHtiXRzj6to7HtmH_W7WGgTH4E0H5omOU1zUtu6XvG0qcAPyTw5vlR1P0RMVbljGhtzCACoRfE0feakmhi45zjgmeIvZ04|https://lh3.googleusercontent.com/gps-cs-s/AG0ilSw0R0RezKAEmGGPnKuDlSLYFUelhALJ5qi-KPG6FmTzmmruTuhVDfXtHORMsupXVTeEpJRgHbUQ4Jz6RG-XpFVga_6_eq2MD36aLPr3HbUn3yNx2D91z2pnzhyOl17zsfcW,Salon El Amirat Coiffure & Ésthetique,https://lh3.googleusercontent.com/gps-cs-s/AG0ilSxnYNqGFQDv2VwexsVyo9anQd_u-quA2O3rVFtB8HE8DulkX6t3nFNH3NuQVAOMNQQtn2yMiYJCqUAUSrIa4B40ZOo-6oBUd7L00cm_2GlOhHiA1mFX4sMAndFbJTXcHM8LAf-B,N/A,"3,9"
0673-435430,N/A,N/A,,Salon de Coiffure Aït Maten,N/A,N/A,N/A
N/A,"G67P+WM7, Rue Gharnata, Essaouira",N/A,https://lh3.googleusercontent.com/p/AF1QipNjSiqHADzg9COo5RBNwIZPlkAIKdhPsJ9drC09,Salon Anas Barber Shop,https://lh3.googleusercontent.com/p/AF1QipNjSiqHADzg9COo5RBNwIZPlkAIKdhPsJ9drC09,N/A,N/A
0671-525977,"Tafoukt, Essaouira 44000",N/A,https://lh3.googleusercontent.com/gps-cs-s/AG0ilSw-D4JM1DOTf8RqyuEcFMQKMl_NIHg77oWvrkvmDRuH3eV9yyWqogWvD7PxzbbuHx_MgjhLy2qD7TZZvTYN_D5EFixgSixfCvkfNlYzyNZnM6rKPATNHxthrwuPTaXRlaJoNfey|https://lh3.googleusercontent.com/gps-cs-s/AG0ilSw4Reujt31yALwGhd2AM1Pt8CS8kS554BP7ZRm_Zb1q4qQpaISp5PtCH5QmMj5KVMLLIiRhAoJeQDd1iigAXFnYjeCvIOHRQvPJ5_TwhDwVPpfaKYIrEGpHOsVeDhKOajtVqsyvJA|https://lh3.googleusercontent.com/gps-cs-s/AG0ilSwxfv2so_lyC6PfbZ-RHdyjrZjYYFnfKu91mwhJtUTx9DQTh2F9eGxRlb_hq2VjAJTmlNhmXx3AGzdH3vdI3F6yKyR5m43zb7YfNm1f-fCwIecdWi437ZVp3Z9va5TU4nbYNpGNLRQFFDRF|https://lh3.googleusercontent.com/gps-cs-s/AG0ilSw5T-DKgQfewhRG1PMDbjToaIM9uzi2bg5m-X3GiMZtKMNHCuGwOWJz6i6Jb3UbnFvk1cs_V9bWfSOqkgFaQ0G_65lOI2oHv1r-83VVSAG1a0PLr50LGMYdcBZnnwFJr7WakAM|https://lh3.googleusercontent.com/gps-cs-s/AG0ilSyBU4klcmRjhOHjG-FY_bEinQWO0fSG67R0puXNy1dpAQkhYauU9dgrGqgSeVjzOntCgUqf1sOzb9SReXSrG7thBzkDXE0EV5ofSM9Ze2tH6PxVjwo8VIAqUr7Kxoe3jIDFxgGw|https://lh3.googleusercontent.com/gps-cs-s/AG0ilSzCXItZRmb8RJLrVqoCKtLiwReNOfEQj2IvU_6aKWLMqrKM_SEPXv7WkXxo5fgPhuzJCFupGmwZL_BmkdvfL4F0KCVdbpc2GAsG2mpSeqnFU8tPXDoyk0k_YAY7AYRbQrmj16M,صالون نورالدين للحلاقة والتجميل,https://lh3.googleusercontent.com/gps-cs-s/AG0ilSw-D4JM1DOTf8RqyuEcFMQKMl_NIHg77oWvrkvmDRuH3eV9yyWqogWvD7PxzbbuHx_MgjhLy2qD7TZZvTYN_D5EFixgSixfCvkfNlYzyNZnM6rKPATNHxthrwuPTaXRlaJoNfey,N/A,"5,0"
N/A,"G63V+26F, Rue Ghmat, Essaouira",N/A,https://lh3.googleusercontent.com/gps-cs-s/AG0ilSw5T-DKgQfewhRG1PMDbjToaIM9uzi2bg5m-X3GiMZtKMNHCuGwOWJz6i6Jb3UbnFvk1cs_V9bWfSOqkgFaQ0G_65lOI2oHv1r-83VVSAG1a0PLr50LGMYdcBZnnwFJr7WakAM,Le Garage,https://lh3.googleusercontent.com/gps-cs-s/AG0ilSw5T-DKgQfewhRG1PMDbjToaIM9uzi2bg5m-X3GiMZtKMNHCuGwOWJz6i6Jb3UbnFvk1cs_V9bWfSOqkgFaQ0G_65lOI2oHv1r-83VVSAG1a0PLr50LGMYdcBZnnwFJr7WakAM,N/A,N/A
0695-146854,"66, Essaouira 44000",S'identifie comme géré par une femme,https://lh3.googleusercontent.com/p/AF1QipNfV6nJT3mCTgou0CGYLFiijrmeTCbiRnKlpV4i|https://lh3.googleusercontent.com/gps-cs-s/AG0ilSx_2k1OTb26sVdRng7CwNtUY6An97JFdUfxBzc0b7zGRXaImEgMg4kpnhSizId0DWBThG-4CFq1Q6NFo1SJfbOl6e21rVOwujKQ2zOdP3ZdK1OqAp5KIyQYFFzSHh9o5pt4EPLDdQ|https://lh3.googleusercontent.com/gps-cs-s/AG0ilSxdJc1VotZC5TNm5Dq08nmFhJGL9d9JcD3kUqHHYq4bTlwv-Fe4SbahxHylYVo0K4frS90U_JpvhWKDximRmgAm_-5ApeCGw9YPbn72KCU-6QSHz1Xr2WLalbAS21bAc_CTo6Hw|https://lh3.googleusercontent.com/gps-cs-s/AG0ilSyYfyM_nbu9hn88VEORdMV6iG7bjrTv-2_ttCG-OvVw138hPluqW5jCB8VeJlvxH19vMZgj9k7NWV4Q5wbN8lI2RhpaxWEYBvZ-n-IojLNmHMPVQdHi7ewwrDoslNOMea107POx|https://lh3.googleusercontent.com/p/AF1QipPYJ1Cu4-EFmwJB8js8UzN89DXy6KZy-ekbo09G|https://lh3.googleusercontent.com/gps-cs-s/AG0ilSzXQsnP2-iMs-msTCBy-dMbi0s9SCtGMLJMbN2lh3lJw2vRpLgs3vULfBwLAVIdUft4gEZZ3zr3U2nzABCwTggMXv5KjdLbEp-UniydsbVX7vDOWnsYLEtQZ10eu2UeriQpiR88|https://lh3.googleusercontent.com/gps-cs-s/AG0ilSzaHorVctzhvin-3N1mOQUkJpVJ2DYK6Xl9MTXSQpi5ibC46qxStNL1rhQOEKqtZXLKb8VxSw5IhT0hS5iDM0elFtMOygdxEm7dzrAHH0Kq_7zmSO3aKKY-Ucw0v11EJaC1mi5f|https://lh3.googleusercontent.com/gps-cs-s/AG0ilSyikP2_BN8ER47Jl_o-qnBI7w7NAH4QznZNdHeJ-JnlTQgtH6et1RkrSZqyEKkzlgxE8egDGHUXjx5W-bA_LHZpie-p2uRStVrO2BXYiAR0hSNAZxBaaSA4CsoEEtun-HA_Ggzh6tNACB4|https://lh3.googleusercontent.com/gps-cs-s/AG0ilSz6klFjIeQV389QiZt_khuKyt1LdLnmUXcBusmjy01kxoK0B-EIZdfjaeBx4OYfmmT8sDokf4AnNXe4T7kPFBBcvQcmrwYtv70YRaAB-mEhuLFiaBb6ylbYAE0UieknvrOnTWFc|https://lh3.googleusercontent.com/gps-cs-s/AG0ilSxUyT6wp8OnaL8zsF5Y_bF2rWrulmHQinwRIwM5Btza_V7i5LtvWhUjHWuDGkQwM4CkwlrpIG__ib6jrBLHr2G9YpJS0ICtdKv3aZh5Iu94BzVl7O2sSrcGLDMTwlwIuqITjoZFyxTemO-7|https://lh3.googleusercontent.com/gps-cs-s/AG0ilSzSFqnhIY08N-s_Whcf4HgZbPPRRsKaulii8GpYvDRpNr0KQ2nVIw-3A_86ygNR8NqAPTh7YXdYBX1A9WYMz8qH5VBagKYDqMGOzSeE1AMGen2JX6HC_d9M-JMZHx8O9MxV8sqe|https://lh3.googleusercontent.com/gps-cs-s/AG0ilSzpWa0ttFwY86fUptREfooQUpeonzbIRLZeCDSo84bRs72SEn3IcV7098f6w7R3mOcgD7x6Em1ZarsI_6nIA8bo4s3BBGF1OWUgpbbrjow5g_oTj6dRwLXUiF8oZBJ6_JT7EGNdYw|https://lh3.googleusercontent.com/gps-cs-s/AG0ilSyByNvcu8O17ukWnNQ7yDJRfL0FzuhHD_XSqaUFkPn2k_keK73N45NFTlWwy_IwZL1QmcfwuuE8Ns2gAiKHO8HE96HhJF3ppF5TiYXwbbCNxH-zAx_6KzIAqEHqEjb5PDKJ3ari|https://lh3.googleusercontent.com/gps-cs-s/AG0ilSwhK20-kL-AoxHnhJen6Mr7t_1x1MB2b1Wt0_EOe58KgLnoSv9b10JGb-Tn6j3giXsTwTB5wVqhqAMAZhYWC3CDuzrxzTfVbQpx9S37r8Vkjalb7ONTmzi3GWJjWKbu6gfgL7Vm|https://lh3.googleusercontent.com/gps-cs-s/AG0ilSyDHfHkhq7tgyd32afdviDH_8zHc0_M13HBlljMevaj9I1gglYYaoxdmhhf6nER-qROknZzuHX8bGkoLqDhH0uRGZeiipZzqQN4Oqdbx87zjurZRDns0cRihOKqwLwTTRy_C66Z3wIKFrs|https://lh3.googleusercontent.com/gps-cs-s/AG0ilSxVuVBtM-JGyrht91P7cNPJR7GD09oHi98DCPcNE_p8gBSPF-JucrUr_Q1FYJafIq6OEKuYkItr7e-C9JNC21FbtpM25TA_pqdUneW-12O2y8BCEhWpZ6KWFEpwtIn76wJGpeeJ|https://lh3.googleusercontent.com/p/AF1QipN2hlkeiftgdEQXFH1zL6G2Dha9CRbH8RUMoRkf|https://lh3.googleusercontent.com/p/AF1QipMRmFOQFmxOp20ojGVGNVaFDYC9qht_mKtQS3Cr|https://lh3.googleusercontent.com/gps-cs-s/AG0ilSxUR9dBTKCiCDu60qAnMXKHVf7aswoTxeJHuo8JTBDjt7fg7ShK8WlRTZifPdqfUBW7rHCcG7Bfx3J6sqsGTyqRmG_AWda77QiJU400gRhmtY5T_PGRwv2dM02SoiZyc8iwF16aPg|https://lh3.googleusercontent.com/p/AF1QipOET8zh5f3jV2RKvKPnzRWdg4xvBrhO0BNQcrSl,Salon Rochelle centre de beauté,https://lh3.googleusercontent.com/p/AF1QipNfV6nJT3mCTgou0CGYLFiijrmeTCbiRnKlpV4i,N/A,"4,9"
N/A,"G6CV+2WF, Rue Essaada, Essaouira 44000",N/A,https://lh3.googleusercontent.com/p/AF1QipNy4ZT5TgovL_QS0d0uArpRzMEskaIPkIJmEL6O,حلاق السعادة,https://lh3.googleusercontent.com/p/AF1QipNy4ZT5TgovL_QS0d0uArpRzMEskaIPkIJmEL6O,N/A,N/A
N/A,"G67H+6MJ, Rue Houmane El Fatwaki, Essaouira",N/A,https://lh3.googleusercontent.com/p/AF1QipP8oU3SLntbtnPsnq3uleukK1izkXm391rRaSrI,Hairdresser,https://lh3.googleusercontent.com/p/AF1QipP8oU3SLntbtnPsnq3uleukK1izkXm391rRaSrI,N/A,N/A
0714-241097,"16 Av. Saad Ibn Abi Oukass, Essaouira 44000",N/A,https://lh3.googleusercontent.com/p/AF1QipN7k2jNjVqYvanlM4CCXIwKTXbrEaOnp6EJ-6V5|https://lh3.googleusercontent.com/p/AF1QipMm9J3ylz1sKl3IWoiUfvIayN-ETNfkdRsucVOo,Benacer barber shop,https://lh3.googleusercontent.com/p/AF1QipN7k2jNjVqYvanlM4CCXIwKTXbrEaOnp6EJ-6V5,https://www.instagram.com/benacer_barber_shop2?igsh=czc1ZHk1ZW1weHhl,N/A
N/A,"16 Rue Laalouj, Essaouira",N/A,,Barbershop Haute Coiffeure,N/A,N/A,N/A
N/A,"G67V+MQ6, Av. Allal Al Fassi, Essaouira",N/A,https://lh3.googleusercontent.com/p/AF1QipP8oU3SLntbtnPsnq3uleukK1izkXm391rRaSrI,الحلاق باريس,https://lh3.googleusercontent.com/p/AF1QipP8oU3SLntbtnPsnq3uleukK1izkXm391rRaSrI,N/A,N/A
N/A,"G64V+2R2, Essaouira",N/A,https://lh3.googleusercontent.com/gps-cs-s/AG0ilSzFhlyYG47uFTMroLY3V6KZoxJ4kCd64IFrrmPWhcrU9B5JWrbPJpLjSGo2EYur46Pj4VLYytKMZ2crh9Nom41lxZtPryJfOwgzDRlcC6mFPbv7yAQJlxmpIWYFLRtllClgJNca|https://lh3.googleusercontent.com/gps-cs-s/AG0ilSzE1Dhv5IyTm5gXMKwHKda8NSuOvSD8-llW5GF1K7bnhmEHvuvtARFUsMHHhDB4argbm9SCtUO_cgMqYd4IK6el_0bv1T2AE6P5SIYesEdX4nyRrikeRd8P4hkAgGVdycFWLdBjIXwo8__b|https://lh3.googleusercontent.com/gps-cs-s/AG0ilSws8Y2XAN3AWiYtItgTfNyUywsYe60wD8hTELfDBCC8h2JSOAWWjar1zxEsaCntxRAqtent-g-dkQq-dmzLvG_CkliD_7qRdeo3a75BwIl4nK-imeUuWx9d6kQUw7FYbLy2rmXnvM56qvHM|https://lh3.googleusercontent.com/gps-cs-s/AG0ilSxBNCqLGsq2w-nijPEYFODK04nw5WaqffOrV7fFlP_ikkeL6a7EuNYGdpW627We_iz15gcDDuEgFdQcy6cHqlTU5OPRUZh5XPdr4udJAQyJDEYwuHOpRbHwMyAzYYcaXIGVVbaMzU4TohA|https://lh3.googleusercontent.com/gps-cs-s/AG0ilSyfWX5-9kntpqGklftOZZSX8dl_xsaZbgFBC17gOrXYPC7sbENBiLPzfvlgO04qoUDjwA0m6tC8Fmdm3dAi0bXp2lA6jl6rsazFrY3BfXrTdw0Ba4NKRIZr5FfvDFllDo8xxyISpxzFAng,Essaadani,https://lh3.googleusercontent.com/gps-cs-s/AG0ilSzFhlyYG47uFTMroLY3V6KZoxJ4kCd64IFrrmPWhcrU9B5JWrbPJpLjSGo2EYur46Pj4VLYytKMZ2crh9Nom41lxZtPryJfOwgzDRlcC6mFPbv7yAQJlxmpIWYFLRtllClgJNca,N/A,"1,0"
0713-253536,"Av. Sidi Mohamed Ben Abdellah, Essaouira",N/A,https://lh3.googleusercontent.com/gps-cs-s/AG0ilSzOoEQK9Z2ecPRigRrfBUJHlXpEMajI7gieOKSEDYil9b7LW1N16ruYbI4ITq3On5cUYFwaiIEAzefDyyV3HXj3pWQR84eltfdHmjZB3mnhW-6Y7_2mdF5YjilKsHAEDh78eL0POQ|https://lh3.googleusercontent.com/gps-cs-s/AG0ilSyc04lzYmqu3MJ-f-ayJkt9HK2CvJHPP0VBND5JLqJ1PwO7yjAMUzaN4GUCTCiU7wH7PeQeNGIJXVUPAkOeS_hxe6iYlKNcRVVUuipgI---LpX60hgpY2D3CNV_VsxTkA3Z0Qs|https://lh3.googleusercontent.com/gps-cs-s/AG0ilSzUITrZN6IrhrsjEOB32wVHBU33Fh9klFJsAaME4C-n19ZZd_fNVPUnWsSYBL8C5of5FwYozVtuaQiZxt5QkWxUHL6E-C7Pw2Mux8_GVeOsPPsnZVvSVngZe-SONXru1bmSxAfG,Coiffure moderne,https://lh3.googleusercontent.com/gps-cs-s/AG0ilSzOoEQK9Z2ecPRigRrfBUJHlXpEMajI7gieOKSEDYil9b7LW1N16ruYbI4ITq3On5cUYFwaiIEAzefDyyV3HXj3pWQR84eltfdHmjZB3mnhW-6Y7_2mdF5YjilKsHAEDh78eL0POQ,N/A,"3,0"
N/A,"G68Q+HVQ, Essaouira",N/A,,Coiffeur aziz,N/A,N/A,N/A
