title,rating,location,website,phone,description,image,images
Studio 34,"4,8","34 Rue Brahim Roudani, Mohammédia 28800",N/A,05233-26608,N/A,https://lh3.googleusercontent.com/p/AF1QipOVshVJ-a7vq8BSF7WhWQhO_NwuqeIz20MJKK7D,https://lh3.googleusercontent.com/p/AF1QipOVshVJ-a7vq8BSF7WhWQhO_NwuqeIz20MJKK7D|https://lh3.googleusercontent.com/p/AF1QipP6uo7YfFPAnpd9KbSDpMdwc6qnNCH7E5uC3uVD|https://lh3.googleusercontent.com/p/AF1QipPA9rm8q2nwcIfuOLJOGxz3S6Z_gFgYuK0-HpMQ|https://lh3.googleusercontent.com/gps-cs-s/AG0ilSypGgsqRxHYMvWjvZRA4mFhSQ0rX7SMl-hgCvmWGEtwrVdc1_D7U_PTcpZhDqqD0UjG7Aqs9FTv4NYol0gnagzm9rbpbT6w4S2nMyWhAEgbuQmV46Pjg4HUZM1tnHIXs5Oggzxn|https://lh3.googleusercontent.com/gps-cs-s/AG0ilSyjiRbygZerw7CEgljDpZmLbwrZL2ydqAGTsDYpFj-AEZkzkx1GR8aJD_T5QkBJHSotwxeYzlKseCr7KJ8vYxjT1mpoSqjfRtXtzTaH1T1PBklsEzLPMo44RAVxRQ4YmIbdUOaJMA|https://lh3.googleusercontent.com/gps-cs-s/AG0ilSw7QaEaQzq4B8WUdHEGSd3nkAN6KU42tVu1ORAcdHHb-2am5gNws9-rkNe2Xdu9qJWyJm5J5cNZinN5Zr7nVKBfY8wgYyZLzJ44TNOlPQK1yfOfvSowbdO2kyXy82fyjIVG2A|https://lh3.googleusercontent.com/gps-cs-s/AG0ilSxodqKZKJ6Z_qbZDu0DtWQ0_j4LJXH46rwq63T-N5WI74ltwTMbsYaz5smJA5ntrlZFK2JGL_oRPgFNgEBUq_hamMGWeDzavoGpsvw2SSB8ElKwOh16G9_XwStR0xM20tRaxGuU|https://lh3.googleusercontent.com/gps-cs-s/AG0ilSzivjNRsQiRFfB5wGpv0e7ro6yNtjdCk-r8PYdcrfkTvZocLrSIbqofZzbPWcvfJrdq25ygoKfpD2Swuo2X6mfSEZA1KP6i8L9gYsbd-xm3c6EE7G83uov-3M5KJW_urjlazMvn|https://lh3.googleusercontent.com/gps-cs-s/AG0ilSxMqHM9-fgEIsFz_rUrOSEZcv06_I3gvrd7G_thBUy1J6w_rND2R5sShGyLZXB_gJJkUvz5Y2X3bhLWtpR3ea7fQWCyi4nCZOwZaQF3JmNMt5DR-cTkjy691ERBrprMc8TyrFUz|https://lh3.googleusercontent.com/p/AF1QipO-kOLsfJwM6ECX8OqJe9ddWF0n39itbZx-Xk6T|https://lh3.googleusercontent.com/gps-cs-s/AG0ilSz5m9IVgYMwhHUurBIE6IaBvdN5EU3TKc_9ExDhoK-mc3zzu4NTPlvV0quhVFISBsoKDXC1RIWuSDDC8ttgT_LSoKTov0EH_7sSIXcopp9AgweEsEJEwcjC6JT-sMY8og6NOMMyuw|https://lh3.googleusercontent.com/gps-cs-s/AG0ilSzEUtpYqAEI-5TSRaPh1-VgXsEET6praKrH4LmmKZMvSiZLXKvif7_fu4s4SelX87IN6XOnoWlHK4cRDmpt9BaV5J2eCKym4pVGwyXR_qpCFEseCYVIR8p-hEYyjBcheTZ5tuk9|https://lh3.googleusercontent.com/gps-cs-s/AG0ilSyiBaJuaObDV3fKGqRBJCgxNFrqdoloNsuKBCA3VzEFgdmbOebpCSBqiIH8iELF1Ka9l-mfOFYemk0v9lCrRYnA-0K6pslFHQas2nMjaQfvAHa10quM6woRdKE9R4wtpjntGX12nQ|https://lh3.googleusercontent.com/p/AF1QipMWgvPid5nv9HQFrWbZtSzPjOkIjSXrHmbblBIG|https://lh3.googleusercontent.com/gps-cs-s/AG0ilSyFEe4yQNhNoi-LyrOUnNxkJyw3JSqAmnkAt_UiKrOKqWHiwKRdrl-wULbqIOcm9TX8hxLb_E98I8gWEczb1ykBqYmvDz41jxfNBP38OdehSzcj-HsBqbzj0STJ3zcM-OlpZEJqMw|https://lh3.googleusercontent.com/gps-cs-s/AG0ilSyouQEbmVpE6zI6So2A19e3Y82-D6rVK0udMKLEdPem-14qwSrmZMt2Z2z8Ls5g2clf33ZuMo0dYqPx4-fdHjppO91Rj9hTtGLV6SywSZJDhVyEFAzksOe0fwUvMN6FtuLAblI73Q|https://lh3.googleusercontent.com/gps-cs-s/AG0ilSxEh-FAcsCr_mXqqAkrVHp_9W8-SGCyusXJvbJnbPsuPzGNlxA-_PrK-e3P3iNQhc3e60D9m3ksmaSUv6LBhNAYfy_SwcpD2meXWfhV4zawTUvi7y5iGXQj9gTjHbN_bdAgtgjXZw|https://lh3.googleusercontent.com/gps-cs-s/AG0ilSzbrYRr_Gl6W1wNMZ3wd5_9v0SXbs3Q_SoxzIO0ejFHJFvkTqtxNeItUONzujzMW8lyGPDud1xfZzavXkiFAQyDDPcJ6lcluOfexfGZw8o_5FfXU1-W50lnHMvD8iWWNQ3GR0Xy|https://lh3.googleusercontent.com/gps-cs-s/AG0ilSxQmTpV373mc-srEZHHF9N48CDfDhGwCeCaVcxlzmme55kX-So4elDuFb1M2T9qC2b6rhScF6eaC-aaasDbdXY8UvyF0uIAXsiOG7s5y5kekQQWz73P31O9bdZ-W5T2l9UUXDQf|https://lh3.googleusercontent.com/gps-cs-s/AG0ilSzKUCtTRjulPGUjeJhb5gsvm8GvaCvVLvhw2f6lyjHaU8VxkTt_f_FEAsHGlPVnp1bwjPuVmDtdkElq8JIQrVb_vTSNqqhVfw9BfIsH4CRhubPnqxxDz5RXL-SOHtb_yUcnFVFA
Anou le Bien-être,"4,7","plage A côté de la supérette, Mohammédia 28000",N/A,0671-574578,N/A,https://lh3.googleusercontent.com/p/AF1QipNa_9n9iQhfsMxGOssotu_Wfd14pHctSOZ2GiDl,https://lh3.googleusercontent.com/p/AF1QipNa_9n9iQhfsMxGOssotu_Wfd14pHctSOZ2GiDl|https://lh3.googleusercontent.com/p/AF1QipOLlv4KWUKo_wD0-tp1aNd53Gmv0xgrNTiFKqgU|https://lh3.googleusercontent.com/p/AF1QipN3i8Afq-ziDxO8D8Mtx5TPf1vyUSIdQUaFSQAk|https://lh3.googleusercontent.com/gps-cs-s/AG0ilSxqJPByTKZDVDV_XJCEIcfAK_7NeusaYRbanTybrl-I447mphYJ1MelhkezK6KgX2D6ZykzgLQCKJYdjgU4lzUs2jdOcY_FJXy-sUvnWbx1TACY9qcAHOpp9CjWTAYKxbMH0gDM|https://lh3.googleusercontent.com/gps-cs-s/AG0ilSxPx1-UM6MPFNbsFwmiXU09i8krHdif8Q8K4-n7zRfovx06g5xwlOfB8cmv6FG9k3ZGwaEuuGh713Gntp1uS_4IC7a7n3pbstc0uGNCouovEZIW2jcCL5fsLfG8cRfKypcdn0Eg|https://lh3.googleusercontent.com/p/AF1QipPrBuShhOjH19TPB2PeAdOW_q-F4w1x0RPI4Xp8|https://lh3.googleusercontent.com/p/AF1QipOzIkgygbgNxjjIL9Cw6LvWRg2eVNZ5weT0_Uk3|https://lh3.googleusercontent.com/p/AF1QipMpTe_ima78PAI40nYa6j70r1GZISkaNGcVhbCg|https://lh3.googleusercontent.com/p/AF1QipMo5kGC4gaDuSJiCv_JF2fuzw_JUYRMsOU7zWUA|https://lh3.googleusercontent.com/p/AF1QipN85ZAl1DcuGpsGk-Hqvvl7Ax4r7iPlww6jvznx
Samar's Beauty World,"4,2","n°10, Lotissement meriem, Clinique Anfa, 36 Bd de Sebta, Mohammédia 20800",N/A,05233-23763,S'identifie comme géré par une femme,https://lh3.googleusercontent.com/p/AF1QipM96dCAxlOFgioYTQRrU2lZOZ9rh0XHnWpOeU1e,https://lh3.googleusercontent.com/p/AF1QipM96dCAxlOFgioYTQRrU2lZOZ9rh0XHnWpOeU1e|https://lh3.googleusercontent.com/p/AF1QipMND93fUL98h8EA_6o_3Dfs9OJemfl16yEs1pU5|https://lh3.googleusercontent.com/p/AF1QipMJFqYCdqc8EQLZO7mo_L8Hs5mgcs5Z1GmjbtEg|https://lh3.googleusercontent.com/gps-cs-s/AG0ilSz6-mI5usNYItEBymUp1q4fPg9OjK8T20A5Ep9o73qCH305UlFsU33FefEBLhixk8SsCigIez0b27LVfvAI3FLfdR66Cqv7SeM3WJyCnWOY-EF4PcRTHzCKHFdz0zV6HBEhIXoW-J-qcq0i|https://lh3.googleusercontent.com/p/AF1QipO8g8n7TvA9SH7B5QpFdptdpDcc_IY_6qjF9mbd|https://lh3.googleusercontent.com/p/AF1QipPY6fSZPhJZna17m5FoW3BcXmvSeqqt-RHgen8F|https://lh3.googleusercontent.com/p/AF1QipMC3emJ4cjTRdVbzw9BW_UELXtc2KHwCZOvKsFc|https://lh3.googleusercontent.com/p/AF1QipP7AUjvvfjxRhSVL5j4JZsI6fPBo50JoSa4Fi7D|https://lh3.googleusercontent.com/p/AF1QipM8CK3Pp0AS1bPpZymVv5yigWfApMkg96dNIZPK|https://lh3.googleusercontent.com/p/AF1QipOhjseC5QUv9-bpqrCyBpCtzX-CGuSc5yQdZHkb|https://lh3.googleusercontent.com/p/AF1QipPJUjCpsyMrTofVyJ23I727eB1BBVBZ7cVmk4gm|https://lh3.googleusercontent.com/p/AF1QipOvJH6XvjamWAmtJGTt7icqzEiNxhGl5YYFA64M|https://lh3.googleusercontent.com/gps-cs-s/AG0ilSyHI-BkSlzyBBUGK45Tvd0f_RzRJbFucOgCn3jKfUtpHVAaeyPsPgOcFJ2kY6utWRObJ9LmLRzU1xzSPSEaqXRVQiYEeRpwry9V6467N5qg-JUIuHoh4ZG9GRtmAXTUIHuJ13kY|https://lh3.googleusercontent.com/p/AF1QipNk8eXv0s0Gf-b_ptwkZ13evWMRNnEfcEN7cIDj|https://lh3.googleusercontent.com/p/AF1QipNuCdaVzJlSlxevJ2mjvvleDL3-AVLQXNB68h3d|https://lh3.googleusercontent.com/p/AF1QipOHFZJoxwtRX1kn9sc3_T_rgQEgjhjS9uclJjKn|https://lh3.googleusercontent.com/p/AF1QipNtSmNZHwEPH2tftd8CZevaG6UGVAGjAOG3SEmm|https://lh3.googleusercontent.com/gps-cs-s/AG0ilSxkr74T7wBDNvZzMTbcjtIEvJ7hbpeTZi6HTdB57eU9L8hJeCYhiUskuj54fMzkLJdq-t-4Ohag6tnraMau8gzDvze11Au5ddW9cyZSuFjPwg5E3NOKFdyvdRJt8ugqEf2Ch2G_|https://lh3.googleusercontent.com/gps-cs-s/AG0ilSydbiYIC6GHvQ1uR1mO8wL0reADZIOJXxooZQH3Rdq2G4N9SuleU8-cEtzISWGpaxuWiaPZn6EMv_Ru_DiAO8Ed-TNWJr4eCMyuhrQn8kVtjJxLAb2bWRtECvg-8sfS-AmOIYLwBw|https://lh3.googleusercontent.com/gps-cs-s/AG0ilSxldMuHe_mQIOouoNVRoVwZhMCtfmpz8YBzjO8Z6zdvPSrxOcoNJBwsNMPQmMAgI8XB1RhUoDd-Oaio1bGIjRk2RXZWxrLbApi_L6j7o1DA2WB83LCgd36P_r7r7M8EfVSCFn2X3w
Salon Abid de Coiffure,N/A,"Bd Al Houria, Mohammédia",https://www.facebook.com/profile.php?id=100063864434862,0629-667988,N/A,N/A,
Salon de Coiffure Las Vegas,"4,3","Quartier el, Mohammédia",N/A,0643-169781,N/A,https://lh3.googleusercontent.com/gps-cs-s/AG0ilSwDJ5cVCOGTSW6HyU27hKcDKnfbwetnLxYpl63pgIlsKc_w3XI6kzMq5t6-esVF2Z-oZaJLMEwZv3v372wZFde5GNvBSIZibQfHsGH0HnsQ2V6SgOWu51MDxQDJFuOROEpVyvjptg,https://lh3.googleusercontent.com/gps-cs-s/AG0ilSwDJ5cVCOGTSW6HyU27hKcDKnfbwetnLxYpl63pgIlsKc_w3XI6kzMq5t6-esVF2Z-oZaJLMEwZv3v372wZFde5GNvBSIZibQfHsGH0HnsQ2V6SgOWu51MDxQDJFuOROEpVyvjptg|https://lh3.googleusercontent.com/gps-cs-s/AG0ilSyz_1W6AEWX9CrHOVQt3S3BmEGQiPVvA5lzcAekyHBxH2KeMAAiI9ZW50umTRSVxSJk-rA2_S4GyaC5KVj_Ww93Gl2dtl827ryCuodF9GGCY-PI5-op-sd_ATaEa2QItGYSQkfF|https://lh3.googleusercontent.com/p/AF1QipPrD4OBEGNfGKXjubA_zPLcsRg4O3TARuKhYN7F|https://lh3.googleusercontent.com/gps-cs-s/AG0ilSynDt9nUBLU5o34jYFtR-euXghUHAc7npira9EmwR8Ap34AT3ecmciDyIfrhJ5hayMsvF_qu4PpDhcvrQbdRrSUlHt9inLTTRMYsfY5GtLiVnRPhmbFkJpkqni1CrDIwjIIEsOJ|https://lh3.googleusercontent.com/p/AF1QipN4W6WXDGw9gyYpNdOq-VFz-SVvH8lAaU3l_F-q|https://lh3.googleusercontent.com/p/AF1QipO5MrdZglXQ4iThexccE_IVIo3Sbc8uiIqVabHW|https://lh3.googleusercontent.com/p/AF1QipPCBBsNyc041t_wt3DM32HOc3zYJ8kSRQjAsarA|https://lh3.googleusercontent.com/p/AF1QipOoneOJtighWY0KnLCC9Xcs_V5003lYD3bK80fN|https://lh3.googleusercontent.com/gps-cs-s/AG0ilSxQsG-EgsSjHpwMAqlcRvC6nzdtxl0Q9a69vN2ZMqK-qOZlgADyXHs_jtzovB4p0huZsXvI528KD7oq9o5C-xBcrJ1yryPP_j3x9813crMOW2uUIH_1LG5GUdiok60zQ6IoJGig|https://lh3.googleusercontent.com/gps-cs-s/AG0ilSz-T57vU0p5pKWcFnSRkW1KRG-pRxys4MgGaLBmi7qN7ZzBMCGtCkPqqnS2b2jC4UpopNBw-5_-OoilQ8k2y43ZFBAyDwM4yuT5gNdBmKFSnoD95zyYEFKbZJEUEISGK_h6cUzA|https://lh3.googleusercontent.com/p/AF1QipMM6lKkIbWask8BO6uTpfsvniv-CnRoW3HKRL9C|https://lh3.googleusercontent.com/gps-cs-s/AG0ilSy3kEI0VPq269lmxG6zv-K5VFXGqntDcCkVnVecUnoPeDE9ALr9pZLulccVqcgvAhv9OUMmMV-LnqKa1Xq2kM-hrKWGK24mpG071W_Mo-NevNaLmu1HDJg9q38WWZ3m7PvRuUAV8w|https://lh3.googleusercontent.com/p/AF1QipMjEqWM31ALMcXlHt8sRz0UbDROCBobYLJjtyop
Salon Jamix de Coiffure,"4,5","MJRC+6XM, Bd de la Résistance, Mohammédia",N/A,0618-263680,N/A,https://lh3.googleusercontent.com/gps-cs-s/AG0ilSx4GawgLCtlRKSzFkT-ksSFdiUXNIIO9S4_9HD05OqdRrzCGy6FHDEB-S3rPlOfvzxQiK6CA5s4dz6AMPt6sm3bqjaWyyY1w0A4Wp5SNcTVjM-__tvhH30E3_aNLncZ2ij0VfKQFQ,https://lh3.googleusercontent.com/gps-cs-s/AG0ilSx4GawgLCtlRKSzFkT-ksSFdiUXNIIO9S4_9HD05OqdRrzCGy6FHDEB-S3rPlOfvzxQiK6CA5s4dz6AMPt6sm3bqjaWyyY1w0A4Wp5SNcTVjM-__tvhH30E3_aNLncZ2ij0VfKQFQ|https://lh3.googleusercontent.com/gps-cs-s/AG0ilSzswH6dxGSvA3lF7zf1zQEoi9Ah7h70m2w8xXq-sNmKrpu6Jp9gEDet4YIBxyjcgGgAtSQ9Vylqbt1tfFdSTQZDWvojsNF-I2WsMUK0c4PyeO02YCND31Grs3q2qS6ShkZNKSV-|https://lh3.googleusercontent.com/gps-cs-s/AG0ilSxNJsCPwP_-V98k7fz1YqEglIA7gPOHCkun2nZVh2upDQ4F6h97vD18GIYmBkiVA0pg1y8Lz8EXsLaCIhxYCr_KDjilZmAdPlekCrCKT0aPwD1QUV-vFatQvubaceRulG_KCTtC7g|https://lh3.googleusercontent.com/gps-cs-s/AG0ilSxpQD3ld-3gEPa9uM_MA1JKWRnjMu35aM_7lOvqKjW4vK_PkKq6gyeTm99jmCdM4hheAubDmlrVWNRrTkJyOjMQi6DGrjR_ipjBgv-nJhGN4KSEEYje5H29NxvzIcx7pgopWv65|https://lh3.googleusercontent.com/gps-cs-s/AG0ilSwNMChrIdcL9QPenAXq-SiD_PXkx_styxXbFA-Z-jIX8UA9_3PBXV0GfjWJLK5-RwnG5mDJwzR1vLa_A2mkYLQ-xy-D9Ga2eygS627Wwm6QWwdzrDXLuqNt6zYkZBsE3r2-jaMkGA|https://lh3.googleusercontent.com/gps-cs-s/AG0ilSx0zhsv0aLpVYTmM9OGeanwKL_CtlwkbXV0Q1zo-BsnwN_6B6cwZ2fv4pXfrAJYUjEM03OOVqWTp1o0_mrI40kEv0qgycmViRwpt4q2izvOspumVM-B_TgwfuhZht-7amuL2ZJD|https://lh3.googleusercontent.com/gps-cs-s/AG0ilSxis3AuZBIF_NaTaYAVN1tx48UPduDi1XH9gEqMA6bdahSD6Cth2Pz-LBWkXdOGnreFIwd2r4R-kmknZ7NDxrRoMX4DcVlDtMOzKDIXRm-mCcsHDrsZd5iDb_PSVmancmWz-Dz4YA|https://lh3.googleusercontent.com/gps-cs-s/AG0ilSzVydUG5rF_b5gsbY1zRqjyPtK6A4JRes9vXWTOQ4jVUAa0IYXQWtSzgASW2aG_c20N8I9BjQ5cZ5qz-L-YQ8o4tKsfOf1AyzLv7cRXKrgNCggkp9beLVDVCtFz_9ohPuyXN-4|https://lh3.googleusercontent.com/gps-cs-s/AG0ilSzXeevMLyyf53XEpWWR3Zy-1Iv1zQ8qY9P-I57xccQSpxafLMkBppulLZhBCgSFj4tBG-9KbEOXZrONNeqaOiqGz0Dq43YT4avHGIgUvYgYdbbjjrTJNdVyfZZR6TGDuVf62urrdQ|https://lh3.googleusercontent.com/gps-cs-s/AG0ilSxqUsXvvT_tuIimJ88jWiPB9QTYi4aR1K0blrLEdKlpCk1206y4WlOAwTh5IthemGQF_NBaEmW8lHMNuUuD4ngPXaCxKKZAJvQ6sSwSDXA8AkB9lMHjCRqTTYbM_SwZr6o12Hqr|https://lh3.googleusercontent.com/gps-cs-s/AG0ilSyeQwlwo2tn5Q8iaS2dXqrZ7_C4XYeEYegr39bfnuNRJNrpgoMcLWXvVYO0h4NGrPEox0MLWyf9ShqUZu_S5IM3fLxZmH1B5iA2AXAhlVnuewnCH2c71XkcrXPAnHIQK0LrGgJT|https://lh3.googleusercontent.com/gps-cs-s/AG0ilSxxfFEHZQBsuvJ-As-bGf-Csm0omIi4-j2Rj6RdUGH5hetGuB7C_lrIZt5248XaBxrWNT4oA68wvQl_DVlE-ECP4eMf716NVW7ZZiLTwgVNudDMZO-P9fMVVSCGQrGBO7sAExuX|https://lh3.googleusercontent.com/gps-cs-s/AG0ilSxP9mLZGSLpejMvj9yluhiHPJD6NMC6_Jbqv4DlMYO_BYpFksKG2JsjXLUgIr__xPwPIYBp_RAh6TUqu_Ij1du3QI396U7FB4KUhEra2q7SSyPJ1N-35gxNlT11ENqgdWZ7TNrSlg|https://lh3.googleusercontent.com/gps-cs-s/AG0ilSzT6xNSmgkATy96ZH3cYcmvpYc1E1GWnrYjUyGcL7vLf-B4gQTWnofpbGdKdjQ3aicA7mon86MJzNUxv7zno522U5jJNTC_VQTvJZIRigM8Bp7at_C3dJapF4H8n5KKiwa4KHjZ|https://lh3.googleusercontent.com/gps-cs-s/AG0ilSxVoLGyn_KwDDo1MrEXqnhVijRsWLncEFMGy4SIb2YKGb5Z6fooQ-exIXdMObctbXQYyNe1CBtUD1RKJjt6TdejDKEL0JwO1hf73ImmcYacrhTJY-5hlWA9CgXGeDec4xw1unVU|https://lh3.googleusercontent.com/gps-cs-s/AG0ilSxj20IN7oFPmCH2sYDLtEsfcY_Gt8cLxxGxc0RdSvCVLNjCOHdB_wVoPzwqS_Onf5JXaMxaEpOCeqCgx8z0YGs3AtRXZHccY4QRucpQx9jkfUtgoO20N478QxwfinUOE_ss0n-7|https://lh3.googleusercontent.com/gps-cs-s/AG0ilSwvBdD4MryMlL7K7RSzKhPfnbyaHOhDHTPqUjVY4ylh_keHN0fRaok07ihV44Z_k4fEIT4mrXlJQjFsNe3dYBJ0rFLf4j_G-Eho6F67GxdMP_J7riSnv5wdvgYbaNFTuUa0yLM|https://lh3.googleusercontent.com/gps-cs-s/AG0ilSw7QzHG-4m4mBG606Lt99QwdpK9neRVZ5BZ7J4rhKEj11R1ctCsCeC29PFZ91HMoqfWjYtNfPRFe4O7s7LGwP7Klk_0Cgqz9BTXbKJt8_Aa9Wl9XqAv4Jm0JAriQ1B3-WUUF-zJ|https://lh3.googleusercontent.com/gps-cs-s/AG0ilSxhYWcBnBbAXH2KgFCtIsIPSsQYEhTOSKFsurSGuIIhi7JjF8vx_Fcz6boxNZM0Kgh_WVovjGw1BeYB9SMJ4rIVWzEBw_pN34oRxmd8PqgSf3y8yODGwfoHrdTTCLCeaogjAcUF
"Salon N27 : Coiffure, Esthétique & Onglerie","4,9","Immeuble 11, GH2, Commerce 04, Résidence Yamelki, Mohammédia",https://instagram.com/salon_n27?igshid=YmMyMTA2M2Y=,0521-037360,Situé dans : Résidence Yamelki Fedala,https://lh3.googleusercontent.com/gps-cs-s/AG0ilSzCLLshdQHJ3eCNFLr-TYbRSJo6J4QMEfAmNJER4L1m6Ox8njii4iluLp1OU-OimQKy49QqOpWQq3wO461mKetaT8_GzBzDLYNBsZyNsCZ1cZg0EYiAjZE-7Q2j-mSIy025bj1KQr67yxtu,https://lh3.googleusercontent.com/gps-cs-s/AG0ilSzCLLshdQHJ3eCNFLr-TYbRSJo6J4QMEfAmNJER4L1m6Ox8njii4iluLp1OU-OimQKy49QqOpWQq3wO461mKetaT8_GzBzDLYNBsZyNsCZ1cZg0EYiAjZE-7Q2j-mSIy025bj1KQr67yxtu|https://lh3.googleusercontent.com/gps-cs-s/AG0ilSwiBmGgttmwaMyts9ecHAVJhubxoAixtmVAmJcfyhdK4mdi-uZPSZlW_62Ef_PkNEWwMyAdHSlkKhCpYr4ZKr5kOfzmJxyEJeuITbPLakcr15aNIM9jQCH7LsP_MeLmcG7WfgpX3sxPfnmH|https://lh3.googleusercontent.com/gps-cs-s/AG0ilSxElAaIBMLJ6CDFhbYWR3pt7NphcQW7sTmKKoH4ksf7AyUDPflIXj85Wl4fHMtl_S9HgcnBXwEj8QkLaMvQ_xpyg2hee2gtQ30EW1SVO1WXcWXF5SrdnUjPtu_0Otj1vLBpzAuQ|https://lh3.googleusercontent.com/gps-cs-s/AG0ilSyQzpfzo8Cx7s5FYCGD5caYM1JBoSLEiQxIPXNPSkfO-r7M-ql1qVjgUw8ij4gGX4n820Rj5G9rvtjvsC-5dmfsyAKR2D6VCApaY4p-xAne2U5DF4i6VzLi05egRtvNJx_98fEw|https://lh3.googleusercontent.com/gps-cs-s/AG0ilSwd9s9TshvowuCBCHoQtIEb-bKP3eh6P8sE3rsVzfd27msxDwGe5UfkKDeBH085KqQBw3gKVZcH43euonjboFBDypJR1wPPZFW8qZGkQo-QPVgCxYFXi-qqfqsNw1TUUbcTzVB3-aSkquNv|https://lh3.googleusercontent.com/gps-cs-s/AG0ilSzskZMolLslJik-IwVCcfY_9rIYrlAedMIM_kii91Jh_QoArDozTHxMMKcsHU3i_gr17GeMin7phjeUnX-cXWkTA8eWGmo1qXsvpYrRmq-BbNI_e5cV4VbZbg0zCtx88Yc5HqSI8WXdOyGm|https://lh3.googleusercontent.com/gps-cs-s/AG0ilSwh41WVT3COK2LOasdHt4iW1DMpZkxbdhKlWMur4x4qoEZsbqer905nh6jqLaiwuS1Q2rGIkMRk2RwqgEd36Wv0PNgjvUFU6Gnmh_q5ArGmy1X1u4TN2kbKs9CVITbd2mbuALw
L'Atelier Beauté By Fatine Mie,"4,4","233, Boulevard El Jadida, 1 er étage Quartier El Houri, 28810",N/A,0616-741574,S'identifie comme géré par une femme,https://lh3.googleusercontent.com/p/AF1QipONSQPth6Cfua1PT5g2YDPzFwlb7xp2kR0yHtk1,https://lh3.googleusercontent.com/p/AF1QipONSQPth6Cfua1PT5g2YDPzFwlb7xp2kR0yHtk1|https://lh3.googleusercontent.com/p/AF1QipNT3SWQL_D4aDqqKTvSTyqCYA5tDn62nM8CBbn0|https://lh3.googleusercontent.com/p/AF1QipOVnzBxShKo2ZTRvrnWcONvMaCgGUJ3pfXlLts4|https://lh3.googleusercontent.com/gps-cs-s/AG0ilSynVDmimnFCgejKVk4mzewbyac03qeE4x-BUZ6LjJP38-VprHXwtKJ5zS1OFzpLHvQLYZKe4jL_eiQJdMY4CJvBv5jMPaG0d0Uj5tej9_4jQ_rXoNulaZGVDboXU34lWeZbRq-2PA|https://lh3.googleusercontent.com/p/AF1QipN9HsHiGIGzWA55NJpHfSBFxEncj4bCGP0n2Y6I|https://lh3.googleusercontent.com/p/AF1QipMqiR3M5wPtpn-KQKylIyebxSvHM1jZo6vMndSo|https://lh3.googleusercontent.com/p/AF1QipMoB6WHOYywcS1LBG_XUEnAWYzbXaq_XXxqNQ5W|https://lh3.googleusercontent.com/p/AF1QipPo1_NSFZtvyv1EI5jvZGjjGVOASLf5LA-MJhRE|https://lh3.googleusercontent.com/p/AF1QipMGJzhDeKvd_ms42D8qJlYXe6C597bCFyOz6Z_0
Salon Karim Mohammedia,"4,3","PJ32+4C4, Mohammédia",N/A,05233-20561,N/A,https://lh3.googleusercontent.com/gps-cs-s/AG0ilSxE8DmF9jCNgAm8s9K4uGOG0mGLTxlz--7B3OdQ2kpZgm2r_-pkLBlcP-6kcLw7j9aJpNGfNtQVxt7afxnBx2E6HzP9RDU8K6DGfP063aKQMqSOVvzCO5gm4c1GkuL1SN2z65y0BQ,https://lh3.googleusercontent.com/gps-cs-s/AG0ilSxE8DmF9jCNgAm8s9K4uGOG0mGLTxlz--7B3OdQ2kpZgm2r_-pkLBlcP-6kcLw7j9aJpNGfNtQVxt7afxnBx2E6HzP9RDU8K6DGfP063aKQMqSOVvzCO5gm4c1GkuL1SN2z65y0BQ|https://lh3.googleusercontent.com/gps-cs-s/AG0ilSz-uPrp_krsDjpYyy-hcWbc14LPUrDJzbzJZsOZoUIT3lDy8mWuSpN11FDms1s5tBo12vJZg1-9lEA0XVwCp0r-Yzmrk8imsNzoScSCUxK1bTs9ApiFu6uDs4bfGqpH6Z9hALzdRg|https://lh3.googleusercontent.com/gps-cs-s/AG0ilSx0bFPUR374veAqGC0z3JlXaXxQCXhz16VauJ4ZlITV4KORfunBkEemi8dcSfclds8hsxVnKTnWzuK-LQx2Uxb251DBom4seke6MYvspAN86KnWM1WcCtxWNMRsu3ZlpYLf1Q-t|https://lh3.googleusercontent.com/gps-cs-s/AG0ilSxdJMTbMMZPnG8lsXTVE3Gb1zbDWfjPnow-K0KVAMUzxJHmaYzH8nHIRQnhCoiYrnSSohIAk0UCslo3xxgvoj_5J6PjELEryH9_y92TgLX06jXvtF8YNE89xzz2s30OKp-YWoJGhQ|https://lh3.googleusercontent.com/gps-cs-s/AG0ilSygTguZeQ5H_AiCDct2KPfGyLl-LtDR60jTaW-foqe46VdqLvAV96ReSeLtzIItKC6pQ2h5I5YWdt93F7Dh23BWvFgPrn9kbBJIbhhsBRUCzLN6GKQjBUlxurFchChrxWuQ_ruP3A|https://lh3.googleusercontent.com/gps-cs-s/AG0ilSwTXAwVDCiiug_8mXmGw-aCyWEAGoBvwgOu_5293kLxuP633jQMzQnP8GY7fINTQQT2zg4hhBHH6h-fi6eYHrqdNmK7YpFhwR73zMIuuVH1LnvwXZ1q46ViO0e-cm6puhssSuBY_A
L’onglerie du parc,"4,5","le joyau du parc, magasin 1, imm A Bd fachat hassad, Mohammédia 20800",N/A,0520-511500,N/A,https://lh3.googleusercontent.com/gps-cs-s/AG0ilSzvXJQgrZQAgvOtvLn7iJrsWozEciXyHYDKGR6DM0dJn_4UCEP_h9HlIJ41cGSEdjcc5wEwlisXYEWO722TblstPM_1TEbCi50JZ60aZ7P-2Bw7pmyQoRGoVLBEosbQDO9e_VpWKnA9gJdG,https://lh3.googleusercontent.com/gps-cs-s/AG0ilSzvXJQgrZQAgvOtvLn7iJrsWozEciXyHYDKGR6DM0dJn_4UCEP_h9HlIJ41cGSEdjcc5wEwlisXYEWO722TblstPM_1TEbCi50JZ60aZ7P-2Bw7pmyQoRGoVLBEosbQDO9e_VpWKnA9gJdG|https://lh3.googleusercontent.com/p/AF1QipPrECPS0bwWAwX4lJaJupmP3-7GEaBZQVxHng3a|https://lh3.googleusercontent.com/p/AF1QipOojVrxld_qUty-aEcEKOgrydG85m5976UBe8tO|https://lh3.googleusercontent.com/p/AF1QipOGsVq-E0vXM_Yw3j5dApWLZx5e_o6fVVq4B92f|https://lh3.googleusercontent.com/gps-cs-s/AG0ilSz41nO7mjYALY7lqO18X8KiBAybM_eVo2PDqiDRMqxx2eKbjEaaT21j39unevmoSd3W4asz7X_RFbcr0Tz4gBKYT7CUOqKzF3e61zdsvZzbmbzR9VxC4s3kgDXTVDZQy5rVg5Y|https://lh3.googleusercontent.com/gps-cs-s/AG0ilSy8Y7v1TkYl6QoDLDyDiYUOPPPGJkz1QFpTDHhOm7ge4WRslMV-d9yDnaAumVaSKu_q6Ze3BFKMrIAk0E53ExtpqF6UvVAujKmHgpw78JCa4C7NPkJKC_rXzT9rfEHx_FwBwKeZKMBOuyo|https://lh3.googleusercontent.com/gps-cs-s/AG0ilSw6mYF1fdwqCTVi9BrZtxAX4LREzW510_9pelgVvRk5aekkL2uRmQbTCpqx-oMuQlf4fzYrHV_uoaJasd6e-Loi_aoK0gk3MRKMuCAiFOBSjpyC8m-ZSKAnAhPkOImkcFu-lOlhjq3Kho4|https://lh3.googleusercontent.com/p/AF1QipMLO0BropNIKuMXXYE-NTSi_55h8Z5Vm1fNYj77|https://lh3.googleusercontent.com/p/AF1QipMMfT2fPGD580WrJgagZ2xi2ypG_WY5BRsLjtP8|https://lh3.googleusercontent.com/p/AF1QipMZA2nl43BOa2SA9QjFhM0fKP8P-KT5Jlb44Yol|https://lh3.googleusercontent.com/p/AF1QipMwIj-CuGka6wn80Pp2bS_dLzibffwb6kMXWJJE|https://lh3.googleusercontent.com/p/AF1QipMWqUDch5yv4jwOWsmWVMmAecnKOLzlbxPmkGHc|https://lh3.googleusercontent.com/p/AF1QipOXAoz4Ft0VSN9BIsaOVhIm2GhUww6OzHv5fZDH|https://lh3.googleusercontent.com/p/AF1QipNVRSfJsYeVcqBQX5WXR3SmIkOTbOKUMxmVVaV-|https://lh3.googleusercontent.com/p/AF1QipONa4fYb03nSZarejGnSMgSt2lxK8pGtC5HEjcm
Ômerveilles Beauté & Prestige Mohammedia,"4,6","Rue de l'Oued Zem, Mohammedia",N/A,0660-916757,N/A,https://lh3.googleusercontent.com/p/AF1QipNOqoMUoY7i4RFjv_1CpSTi5AFiDpkOt1ScPRq4,https://lh3.googleusercontent.com/p/AF1QipNOqoMUoY7i4RFjv_1CpSTi5AFiDpkOt1ScPRq4|https://lh3.googleusercontent.com/gps-cs-s/AG0ilSybkYOLUccKf4eURiYSbVBbhQYfLTs1PjidjXJN1hxsVbhRjxUXBJhcwNpGimCS_3w1uBF2TeSAgxvJ4KTrIyv0ZlHAZNyhLIuAUQgUOIb1S37WdtpgKR3K7n9JCqG98IkK3tMI|https://lh3.googleusercontent.com/p/AF1QipNxvCbk5KMyD6vVJdIKqNHVDlyDvgXaNFx_3lmh|https://lh3.googleusercontent.com/gps-cs-s/AG0ilSyfDvYVRVaLW2DxPzx_K71t8laqEfu-GDTBnU_EVFvEPOvh1ykL6aJdoItRFSORx-kd1a03Xlel-EtAYfJfcD8Iax_aa3FMADtYePuX0radzpOLrL0_McugIWBxATgODVvKzzj1|https://lh3.googleusercontent.com/p/AF1QipOariCyHG4yUXhau_wjnwD8swx3ijEcO7nGKi4k|https://lh3.googleusercontent.com/p/AF1QipMytWpoVbbWVvtU9z2BWeMId5pO1GHfmc9cZTib|https://lh3.googleusercontent.com/p/AF1QipN1wQ8HhYEZDl7QyMB-RQYR92zaliYs-BqkQTju
Israe Beauty House,"4,5","salon beauty house, Rue RIF, Mohammédia 28800",N/A,0649-142934,N/A,https://lh3.googleusercontent.com/p/AF1QipOIDnJgqUwrEux3naWkPIBTXlcYDnxNoy84_U7S,https://lh3.googleusercontent.com/p/AF1QipOIDnJgqUwrEux3naWkPIBTXlcYDnxNoy84_U7S|https://lh3.googleusercontent.com/p/AF1QipMIrtGGjzSZJZPASXu2vtPbDL_TYWUxMHagZKJt|https://lh3.googleusercontent.com/p/AF1QipN0FkpbAGQYcQxVXuS2Ih7f7fZh9aY9t0tT4ElN|https://lh3.googleusercontent.com/p/AF1QipOTr64tQYKk6wYVIYjEEXmf-AOKePKuJD6bAKup|https://lh3.googleusercontent.com/p/AF1QipOts0SFxUqk_8QQW8fn_6-ccQpwNpoHclLgLAIQ|https://lh3.googleusercontent.com/p/AF1QipNQ-X0eUghWKf9Yg_KUeaDJVKXTbsRGIhd6a6NK|https://lh3.googleusercontent.com/gps-cs-s/AG0ilSwJ0vofYlyMjkzvGdFo2QGtZzhiw11UZFHbnqkXm29Gul2efcyvEGZuSAXlqvgjYoxkoWiPRCeKgaM0PkCv56KwfwRWfo8Bf-DBF2VEJPfcaYYo1IOXutTfwGdR6lO8-amk5cx3|https://lh3.googleusercontent.com/p/AF1QipNC7N2ZG3PQJAjnYVPAOtRKvntKfiaDkQ9_N2dD|https://lh3.googleusercontent.com/p/AF1QipMEVBv1IhJscfq7UN-Ho2JmloPIo0iFaQ6axpAu|https://lh3.googleusercontent.com/p/AF1QipPi57c6Oarg1s2jHyo6JFzPEyHCMT66UfSpP8hi|https://lh3.googleusercontent.com/p/AF1QipMNdVl4b9x9m7Q3_NyrfBzMD8Z3Z3gBR3wBVb9V|https://lh3.googleusercontent.com/p/AF1QipPcN4aTX0P2i9uS8jLI1yyVLBPXcxKPhvz7w974|https://lh3.googleusercontent.com/p/AF1QipN_0z0EuBvZrUVtwk8fLmLMRP5ijKMGfoXtIhfW|https://lh3.googleusercontent.com/gps-cs-s/AG0ilSw62roLJjw2OoWnoZOoQSwtfUrQ90VMg6xKVwNMA7DrovP5OwOpjFxyuPzQnds-1DnCZJZXA7KC56upoffMngguUFw5Yc3n3LeG4KD_m_qVLSilHACFpc1ZKxprBVk7xnoTBjja|https://lh3.googleusercontent.com/p/AF1QipMcqFBgg0FfWH6XhmxCL1BGiZ9FxaF5CSe35FpH|https://lh3.googleusercontent.com/p/AF1QipMSK2-Lm3SWY9rO54tb2MqdXgGWiuxpxlWRWWEa|https://lh3.googleusercontent.com/gps-cs-s/AG0ilSzsZ82AyA9mctgL9MUrNA_yasK605PNiS8QjN9u8aO5c-WwqrV3ReVykMm_sqTx1fsrNIlRRR92j-4LH-sdXgX01k-ygiB6QpL3c1pKaD1P1TBmIeNY_XOXFIIjIsSKtqv-sk2_EzRbgyQ|https://lh3.googleusercontent.com/p/AF1QipM1WU9P4Jjt32wDEH9VK3HWlsYCwHmeSZ2wHBde|https://lh3.googleusercontent.com/p/AF1QipNjj404JK2HEVnZqon6aJ16cy5quihyYY2S34AP|https://lh3.googleusercontent.com/gps-cs-s/AG0ilSyD7ELuBXtVJI7fXFY3jIsP3BUKpZVZCnkEht4C_n3DMkRJAwAppOMtBWQx8VkkxRjOhk7sZwnQoTgOetp-NKN7jfPzFV9NN08KyUY4oPdTGosHyMN0-odFd4eQkez9gBsdlcAmPg
Barber Espresso,"4,9","local 2, Résidence du Parc, 53, Mohammédia 28810",N/A,0780-910510,N/A,https://lh3.googleusercontent.com/p/AF1QipPbZm2NQ176SFmkb4zqsysr_CdYBwMfsYejHa5g,https://lh3.googleusercontent.com/p/AF1QipPbZm2NQ176SFmkb4zqsysr_CdYBwMfsYejHa5g|https://lh3.googleusercontent.com/gps-cs-s/AG0ilSy9anfe5J8xHRM0V64x3Fu02er3jL0NTh_SjwU9gMwt7Mi1v5N68E2_h0OSfUn2QpUPGbcUYGBZf0Dorlbse7g6nlxofs3R_b8gdCuveglMXIriYRbt3k4TlK-UIekCBMPkz1IT|https://lh3.googleusercontent.com/p/AF1QipOy0IfvAlISpDuNR-x3YqHHJbSIgCTpXBIBnUnH|https://lh3.googleusercontent.com/p/AF1QipOrpQESRto3MJcL4p3A7Sga4qVKxxqQLOVgonB-|https://lh3.googleusercontent.com/p/AF1QipMo_AV-Kj9fTWL_T8FK65Io_2m1oiZrGmX_ekM5|https://lh3.googleusercontent.com/gps-cs-s/AG0ilSxhdkZYbD6YWwGZ8WN8C2-F3R0V3gkYcyCcRXaIjxbd5fblIQuHACqGwdeP5cRBmrp8XRxn7jQM8XkT0dSfD7NJ8lN_tcNYMeV9uKU82Oy_I9ZsikE8iCTdG80jBvuGPdRx9Sq1aZkNwXk|https://lh3.googleusercontent.com/p/AF1QipP4ulF5ZmT-ysLkiz1Mt68QVJ0ORDIHWOwHFDTe|https://lh3.googleusercontent.com/gps-cs-s/AG0ilSxaThfsUxZJbWTlO-FeG5GbK4uPERVIwqaGzeu8512z00ts1VLhXrHhYa9YLHbRu6hyYzPTH5MSvh11pPPE3LII9tcENYGkwJmPJ_Z8HKIvCmu8k4UlvtgGcDYTuiRGdG419XVn|https://lh3.googleusercontent.com/p/AF1QipMatVSgW0FaqY2u9iu1Y1yr2nqI1BFrs9r45Mc4|https://lh3.googleusercontent.com/gps-cs-s/AG0ilSw_mVHYx3miqWFV2Av0auGGX5XI_0r4KRTk6K9AIvMXT5ZtvEc-q8zQzjJ3-BGIm6gUnhDXHxi49ZtNUaJqs_QDfCK3EA-x3woggKvU1YgyUBmhSPNk80UKPEkIGRevu_J4J6suP7mns2c|https://lh3.googleusercontent.com/p/AF1QipPfIGKNvZyCFBPBjUr9zA-JoLgffL3jRcd79j9u
The Luxury Barber Shop,"4,4","Central Park Shopping Center, Mohammédia 28810",N/A,0521-009081,N/A,https://lh3.googleusercontent.com/gps-cs-s/AG0ilSxLVaa1Vw-e9kXaDzK00VYAOiDGEk-SzMJG-d7wX17Dwo6ku5Fi7iMw6wRoZEgg_EkAoDq3629DLHGuWP5OpelY1xlrmrtKSeAoJc_0j54IWRKZjmE667DCQpcPV6OkvO74xwMY5OkX3c5g,https://lh3.googleusercontent.com/gps-cs-s/AG0ilSxLVaa1Vw-e9kXaDzK00VYAOiDGEk-SzMJG-d7wX17Dwo6ku5Fi7iMw6wRoZEgg_EkAoDq3629DLHGuWP5OpelY1xlrmrtKSeAoJc_0j54IWRKZjmE667DCQpcPV6OkvO74xwMY5OkX3c5g|https://lh3.googleusercontent.com/gps-cs-s/AG0ilSyJsO2mk_9WpIdd8wLnvtzWRpPUzgcIEo31AB0xdRT24Bd9T0YR_oJ4wQ4a44oMTFakzwzGhHbzxHvz3as1s37bE71GwCEAxP9cfF7AHujlqN_xR7_RjI1Q5pZ35D-F3KF0Kb8amWoAcrw|https://lh3.googleusercontent.com/gps-cs-s/AG0ilSwPxnERmtdlkVlMEfV61YZ2PcE1V-XJnbZypatBv7KxZslQaxPYDwLjxnzZwz1nCSjKEEBUD2R78ic2FLzTikInIRkYTt1ExRJWJ0eSC_FIuOQgihEuHKbkBc23NoU7M0xNiuU|https://lh3.googleusercontent.com/gps-cs-s/AG0ilSwtnsUj0-N-JfH4XiPZtkxRDWwAninx-ryhSahPpXdOknR8k63OQdD4jhuhqWWs16G1b97aKMS-rxV9D1-Yg4lUhHwnl3KJZGERdpDzbSk4n_YqRK3etbsp3erhn4X_Cl0yRKwW6w|https://lh3.googleusercontent.com/gps-cs-s/AG0ilSyLtvz9e-dg6oc1a_qn9nKzF-qQOl-5bqk3xldcJyDGuDKpNBueM95Qtte5SFw9gsEe-2T7E8Pk9GQCvj2aXdB90mVpZzz8U-XZHBSFnOciCCmEizontJEi9KU1D3foURBx0De4|https://lh3.googleusercontent.com/p/AF1QipOJ7yaRtDS2GTILcxmzOhzU0HZPCvNylU7btxA3|https://lh3.googleusercontent.com/gps-cs-s/AG0ilSzJxtZv_ktFlhsV_XYJFtbxia-MypqRmSN6yUkThUb-B6KknzMu1--2dt-8rL8smafQA-Nipz-xvG4697rsj55HePve6gqRkVnzIdaohHcr49IX5kSfo9zbLP_OCktAft4A38dPng|https://lh3.googleusercontent.com/gps-cs-s/AG0ilSxO3aloYuZC36ms_CsgR8mTQG2TN_PJTVPZPagvwJuJ-KD_WfENiofGWAGm4SkV2nF5TUvfp8z6YsjAjamrWeYGKjlCjQ76SLAavSBy7MUQKvxHY2Euuafe4Yenjeyv5fhbr_7tqQ|https://lh3.googleusercontent.com/gps-cs-s/AG0ilSyG80YIssmjXXNZR0LzpeU0TYhvUm8yntaPJUiUiHF9Z_vXNNH8rllPym3o2hljtAyPra7EtKUEHl3v95pFM4pscpI_RBZ1T8BW-yO-eVM3lWAV8UcqM62219PV4KPWND7LxGVC|https://lh3.googleusercontent.com/gps-cs-s/AG0ilSzpHW3ijcIlxjve5XzGM18kLJUSCeZKjN4m56Vd-3stdvtpl59ev3OMbF7A6HkMh1EMSKt1af045TdA8N7Y-3aBd0pGmrlqPA0g9c0dKLCmKx_ClsoG3Z4I6HgipDr50UtwQ9poLQ|https://lh3.googleusercontent.com/gps-cs-s/AG0ilSw6S1l9lAQDyz3n2lpH0TM5-Pp01RsbPLFcf-v7Emw-Gv2bzsDLwHags8CeOpjCmst4q8Aaokoyq1L1AbMpII92BHf4gbmqZV4O-qd3qzcuDVIp1QvAIV-iyRnNMVZn61ITg_yv
Moulim Beauty Center & Spa,"4,7","Rue meryem, Mohammédia",N/A,0668-125845,N/A,https://lh3.googleusercontent.com/gps-cs-s/AG0ilSxEXbcx0gBHq2NkefQVReLMtYeg7P0CXUSztOhIBlIvzXkSId83iqTQ9MpSReTP5rCDbeMhxX68HuVXEPvDrGZXBFDNFepmXiqQZty_wMxoL0vsIf0ACwewRDU6VnxYoIcyW_l36lGVe87T,https://lh3.googleusercontent.com/gps-cs-s/AG0ilSxEXbcx0gBHq2NkefQVReLMtYeg7P0CXUSztOhIBlIvzXkSId83iqTQ9MpSReTP5rCDbeMhxX68HuVXEPvDrGZXBFDNFepmXiqQZty_wMxoL0vsIf0ACwewRDU6VnxYoIcyW_l36lGVe87T|https://lh3.googleusercontent.com/gps-cs-s/AG0ilSzDksqbLOihqhovyG31iqqk7fMfOUGnA4LNijBeJuYQvOIqsUqp05fIzBgMNMzExmh6VEARRvcuHV7YPWfjokxYAl2ssGKIeUwQTYLFwhb-RUP3ja0gX5SphsFUyViA_c9Ahec|https://lh3.googleusercontent.com/gps-cs-s/AG0ilSwDmOqGnzD1lqsa7oNUeE66uGQfOpIXAbq514SsyT86mfj6iQWFKbIjkU_i2k6fdBsXqyuYrmtruUi4D7sbAhcKsP0RZ_Fyi8eQls-_XHlHcTeU-EcNoJZKKqyW5X1YeMur05QvGFvLyS-L|https://lh3.googleusercontent.com/p/AF1QipPrunP8yR4Ahtnk0laelMBVkiZmdNMRqa22Tu2v|https://lh3.googleusercontent.com/gps-cs-s/AG0ilSxYtcOTIo9KTS6zfRUR_jwHwE5DW-PRp6hhHqJNVb37uqWVvmSwlv70BwQKBYBv4aRNt-Honf8JEPSmUa43saSgGiyZaWPfPYjYhtl9IbyiU3QcZa6s0nGVAAVrkHrnUwpVzZ0Vzw|https://lh3.googleusercontent.com/gps-cs-s/AG0ilSyhf365UIrE2BdJ-6aPW3z02069Du0ydWNay5zNrOFbS9m6TsNrXoeysC8wHajGKwUNXaQbvkE-2sWUxydA2op2zP_4vHDvSh6fo07tD9dXhjQzU9lWi1ow-mfdArJGrSrtDxCXKw|https://lh3.googleusercontent.com/gps-cs-s/AG0ilSxUPscoB5VWSVpgHb17VXjr3ci6CADJ4_xYI90QvbD_JClpvVfPSi2ESbIaZoeKj7xClT3v0DXX8Rxa6yXdQyoI-KMg82Ub1X6hlXkKOZo7v_ix3ieg0Swo_iJk4Zv7sFs6qp4EPtOinhY|https://lh3.googleusercontent.com/gps-cs-s/AG0ilSxisTJkreEQhcsI5iHEghCkmHOzVT7_pu7rGZRTt1KAV65aTid4PfXkrXep2zRYcG_BVnevA9UI9mkjcxHjH963M-H_pEyKPXFTr9B9mYU0c4XJeRq-4OMckru6hdTjj9JhzI5-qG6InTY|https://lh3.googleusercontent.com/gps-cs-s/AG0ilSwX7QoL88uL3uOGa_GP2BrafkZo9iX-YhsuBDYuweCMKZ8QjK8EOKKcNNBr-gOgoIr1VroKM2DLTvMxJo1uabgnXRqR83W01ySTDW_V3a_-q0tpPRasC_YB2li3ctp1ME0quH_pMe7K3AI|https://lh3.googleusercontent.com/gps-cs-s/AG0ilSwg-2WCuVvjoqvg-sbPZckBzwAgdDwQOhKNGa7p_9VljNiIGOhG-ceCWH97fWLsxqanfTri3_RQdNJjBtFKd8VTRenGk45Xg4bjeUULEfc6AVFdAza10oGm1idY1WQcRolRn-5yuJq3dUWe|https://lh3.googleusercontent.com/gps-cs-s/AG0ilSwSVX4cJEuZVJimx6-60_5cPwfHwWc5IVvm2FLdjFh7RRaTJFDAanyfYVj6C-XPu7RwPzftGF09p9iqpvm4EqC4un0nySCMXAQGSSf2zVi5cm825APzubn5JwuN7KDHsSuPppi8mkpUTkY-|https://lh3.googleusercontent.com/gps-cs-s/AG0ilSwqhL6AG-_-s3FgL9d8wprj_Sv282m9uxzCfCWP1HUUFnACUHH0tSlUWMKIRTpz7T5t4wD5EJhhBl8TUmPeDFxtbXQEFFUOBbpXU7mQJU5VH4LZsLBWcoTKyR1otn2XGUoZCQKz_AFUnCB7|https://lh3.googleusercontent.com/gps-cs-s/AG0ilSz1ayuiJNxAESdV8n56E8He-hRckYhL0K69pbYV9QPRmyWvxSR4iDXlj6_5yyWlb1_kiDv3Ekl9O8pTSpzNWJlkLJWlCBRfXFOOSKpbCli8FpHDY-eOXYzZbWYgFTDyP4KMuEjcAaK-J68|https://lh3.googleusercontent.com/gps-cs-s/AG0ilSw5m4qS3x7s4ERDE1QXzn8wgD5dtEpItKR0RRJ1FPMqS1RAMYq0Y12NnsbipRnhejS_LN1A3D5uGV7XqjBCmadhK7lxveXwQuFXAP0MmP_52UeoB7zH1fq58OCn2I1zIUbmcAnWWQfiTeI-
Centre de beauté Lamyaa Jad'or : Coiffure & Ésthetique,N/A,"211 lotissement riad, salam, Mohammédia",https://wa.me/212661692630,0661-692630,N/A,N/A,
Centre De Beauté Assil,"3,7","MHHX+MJ8, Bd de la Résistance, Mohammédia",N/A,0679-850126,N/A,https://lh3.googleusercontent.com/gps-cs-s/AG0ilSzUgazrSt9lh4HKLwbxLcUmY47mQOg1ECxd5ggEJjUo9NfgjjTNjIP6qocbvkea2_QU8qayiXIzhiRQ32kJwqVoIV607FGW7DRJekLwPcHp77zUAYBYZmIm-bGRtwbOnc771907Zw,https://lh3.googleusercontent.com/gps-cs-s/AG0ilSzUgazrSt9lh4HKLwbxLcUmY47mQOg1ECxd5ggEJjUo9NfgjjTNjIP6qocbvkea2_QU8qayiXIzhiRQ32kJwqVoIV607FGW7DRJekLwPcHp77zUAYBYZmIm-bGRtwbOnc771907Zw|https://lh3.googleusercontent.com/gps-cs-s/AG0ilSzXGgG7iJCiknOfeWxJueFTTG5TPL9kdf5k_W7O-nGIcCs6ZWHi1y9OaQnHj0g2wfVxxMZJkwu2Pdo6xCbuy9iU7qhR3cwUtsXTQ8YWErrgcJys4p1DwuiZWdJKkZPgPVDmSMI|https://lh3.googleusercontent.com/gps-cs-s/AG0ilSyVcMn-bQumSbIxPIeAlvMLeXA2uramyGwnnTn4IQpF4-ZF8br_fjrSPQSKV8NvaAHWGCOcUjdfy9VCVxamKQi93bSvyJMrkrFVIFcvR9QHF_E7I_jG_sAC5BzvWkcAZUEsF6k|https://lh3.googleusercontent.com/gps-cs-s/AG0ilSxTHn_XJBcV3LsDXHHqOEPfmwU8V-m7lI7TmraTdHP7V7NMNZKmOaiaiS91hiqs6mvSlZKiN5LLWYy3HPBLXg6VJ5hpHwM8CFsbd9u_Esgr_8OjR9jPIfajYknihWkrHhiRKCM|https://lh3.googleusercontent.com/gps-cs-s/AG0ilSyHhwo4GpgEgPe1ocqH0yiEbyh48lQkEABs4oj1gou4Fv3f3yhju6_cIiAJ95Ll8RfZPG-iKkDAcOCC1vSAV0jbuCJSUOTmgk6F6hPRwgygtkMSR2dpBUUjwOkgZzTPSuL8rjkR|https://lh3.googleusercontent.com/gps-cs-s/AG0ilSzcR2nuErEI3GvadymG6l7r3KxdT8um_UsS7YBdcK9QEajvqh-jNULyo5NRsHzskI-mUIoFC7Vbg4cU1TwNwHJdJVSiZWsEHnYBOLFV8b9bW-HzmGIqRqzTUuc3VTBHvHrlZhfhtg|https://lh3.googleusercontent.com/gps-cs-s/AG0ilSzJPHW2YtvWi4FWFcZBi5oqko0lOawuQQYkFWAYFQKGQAaZZwdus_-1PVy0Z-3lw-wYRytJZ-0rsaEUcGhu10d2euUzSmGBlMiykTlbWPYoas3cL3aBKOWZ87EsO8AuKDjPOzBI|https://lh3.googleusercontent.com/gps-cs-s/AG0ilSzxfVaOKjyIlbjqc7rG_pzt5ZhEJ30sgBXFt846IqGuEehwGyaS-ik8OVDrXvxV7pHA9yD-R3DUL9mkoMONJCrHhMMAvP9QG2pidjueqivw5D1I4hd4hz8XEKHuvznMkzhlPz4O|https://lh3.googleusercontent.com/gps-cs-s/AG0ilSyTg4ahXpyW2ySEARGjaDtOgMKw8oAgyXWmSHgIPam-RA-Xy2pEaFKnbYf2Zw0vojZWSMyKWc95WoBmjiCa1NQdyQT41kDiEnuS6FIs8ph-8JMpOVMjp3b34G_mvC2w__d13uzVFA
OM Barber,"4,9","28830, Mohammédia",N/A,0639-718475,N/A,https://lh3.googleusercontent.com/p/AF1QipMeyhE7zeigg_AHWp2aHWbzFXd4iE0HZivEEX56,https://lh3.googleusercontent.com/p/AF1QipMeyhE7zeigg_AHWp2aHWbzFXd4iE0HZivEEX56|https://lh3.googleusercontent.com/p/AF1QipPfEUXZJeIe2ZQNj4IYH93GtIskOpPX5lW_p6uf|https://lh3.googleusercontent.com/p/AF1QipPwC8iv76MBoXGxrNE_nkQNcqaIgUTye1_VSr3e|https://lh3.googleusercontent.com/gps-cs-s/AG0ilSxkEycow-f-o-ai3uQvnW1KQxNMQ3ZGCsb0nek8v9R8UhDuuI_NhURW9qIeu3Ra2ocIWXZiv5MpDvlAldA_3qO7t8BquzkHzP6N2FQVerbjZzPVywr63bgiFXc6kylAZQwu-4g|https://lh3.googleusercontent.com/p/AF1QipNvhwsfAkSxCRCT2G3nsq7Ywt5ZH3SwWgFigpWh|https://lh3.googleusercontent.com/gps-cs-s/AG0ilSwQ0EM3JWclJHi44WPQcKBp0-j6E-KTx1CAa1zZjni9AXayWO2xCrtdHQu_GVqZI9qb04yEYGiefQCvwDos9D8rztNOZvNCVwsR3TW0-7pxsdcdgXTQrh9g_9ckRpnSI88sZJPU|https://lh3.googleusercontent.com/gps-cs-s/AG0ilSxJKPCDa4HAGCxRdM-HGGSJxlc6SBmJThdpkFZpFi9JQ-91wpEQJytJ3vmD9qFnABrjT0jUXUZoKeNOp9xJ2mE-45xrFNIvvoyos1_oUCL7iFMNcXw2aTZKhupu7ogQLQ|https://lh3.googleusercontent.com/gps-cs-s/AG0ilSzq1ewJzhhBOAR7Z8CvCmJSr55WpXWx2GkNYQX37j_AIwinhRIK5Z7_93iHaXlXgo8h6ZUUb-9snbCSl7KF-51IKU5bflfbfrs0fZTkNAurDS6ndP7nv8sN0G-lsz1YdxME2b6b|https://lh3.googleusercontent.com/gps-cs-s/AG0ilSw5tc4P3IupPvLWppzazYwKhqBDVMafXTZ5Kf5a9XIq30KWm76rqftr6WGPUOk69LkFi22nchplPmt_HCBOUExnUfFtYVKlhjq8YGcdfzK0mSdROvk6eCGaknyPs7C3ENk9eFkngQ|https://lh3.googleusercontent.com/gps-cs-s/AG0ilSwxA045Haist5bZtM1hQC2BX-dz35UGIRRv7p-vAdRqqmJr5EDt3hjKb2-CWi9x5_287-unSusGJEZBegjHbNCpadjacHq3pcCJopzBcMhRZtvnfk5mQ184wXQSApD6MI6bwFmi|https://lh3.googleusercontent.com/gps-cs-s/AG0ilSymJjO78NIf7MBM1wP7H-PDr2BgbKzERx79vFJtVgB6xy-Sqrh0kuj3aDIs8oZXJwNSGCouV_BdOVvb_RLdDECZJUrbEr00e7fWIs__8x6UDv9yELrfXxHnJHbLyv97p21Y4zJ_ETELMM9b|https://lh3.googleusercontent.com/gps-cs-s/AG0ilSxvY2HxOhRjzdp7VY9PMeH5FoxhrV4Y1okxdWz4_Hzd2ud2_Yt5CA0qpWWCfTNjoUhb-qthZEubNzKYPSE5NtzrBE4gbKcU4U-ygf06stuBk-zAV1bWFBEXzTZ3D1tKVfRQcH6TcQ|https://lh3.googleusercontent.com/gps-cs-s/AG0ilSxxpUJhQIOHmGM869y4bGXGSlr1A-dbfRU2XOvZ6sGMZ5UtLs380T-YanvfO3EKhYxBJjS3RezdFHcb1nivwnieA07lU9tGm5c1B0dCP1lKNwcP3F9CtakK-HuBJZT4epY2gjO3|https://lh3.googleusercontent.com/gps-cs-s/AG0ilSzDTVRqob2OxJ8_7Mv9t5g8x9Hiey096B8f-IR3M_HdulswAO-ctMPKqE-KbDqkr7Knx6IKSJuvPA1MNua0U8_I3kJup4rr4apYmkhq0VV7Ek5BUhborsL0n-7vBJb6EO9jTrng|https://lh3.googleusercontent.com/gps-cs-s/AG0ilSy2h-Aue6YC-eWZjUuuOiAEjUdtJBLOvkPe95kHM8SgRR5ITiAWNOUIthqEcB8rvi5jGWM1Gzxexb7bC1vLa1uQSorSaf1z0ZduAqH-MmZRlRcNzFzLP5crYx1fnfze15I1i3qMeQ|https://lh3.googleusercontent.com/gps-cs-s/AG0ilSxIlGrD7CeMrjtZ8nx7CCessr8BbdKtoI10p0xbUYClaUIsCSWxPlYqkrJtmP17Zul5BveXUvH9pMFwo1WO1fYPPCyU8NvnlCxZQlka6dMkDIHWplAnZl6CriArfY1Gd1vCKTiN
Angel Salon de Coiffure & Esthétique,"4,6","alia، Hay meriem n 12, Mohammedia 20650",https://www.facebook.com/kawtar.heari,0666-499430,S'identifie comme géré par une femme,https://lh3.googleusercontent.com/p/AF1QipN3S5dRGbKrLllcGho9wg-8ArfBdNX7366YpI9B,https://lh3.googleusercontent.com/p/AF1QipN3S5dRGbKrLllcGho9wg-8ArfBdNX7366YpI9B|https://lh3.googleusercontent.com/p/AF1QipOkoRfW1stHhXwZDZwTpdmrlSs_ljA-buCCbHoc|https://lh3.googleusercontent.com/p/AF1QipNcJOpF8dCrRKy8gaMmiyQz82ZtykOULrKH0tUw|https://lh3.googleusercontent.com/p/AF1QipMxIX5YACKsBcvCxjH_4nYfuxEQiPRYDHcIo92g|https://lh3.googleusercontent.com/p/AF1QipMEgh-0gN5wzx0q2GmtStvVbmgla5Vg8xu2UaBB|https://lh3.googleusercontent.com/p/AF1QipNGZ03FprtnxvjU2YccE793ANup6AtT7RFs7dMT|https://lh3.googleusercontent.com/p/AF1QipPAdOfX9b6xT-EUHO2VtxxA8dZh79H3rCZDjGpa|https://lh3.googleusercontent.com/p/AF1QipM1S3Kz4mpzk0CvkjaHWv1p_IYs1remoiWjir00|https://lh3.googleusercontent.com/p/AF1QipODokMGSlc9NqSzVeM4ssFcXulaBdpgtSOaFjio|https://lh3.googleusercontent.com/p/AF1QipM1Hw-pKybQcygI46HWFJCxegnoJ9hpcBqMRKa8|https://lh3.googleusercontent.com/p/AF1QipPGiOw7A023EWR_k97bAb9yNHtHMBBmVqPeygoK|https://lh3.googleusercontent.com/p/AF1QipP1fDPEZ_EfD-q5wUZ21n0_yOq3uWWo-_5yvGjW|https://lh3.googleusercontent.com/p/AF1QipOY8EpDhLTVZxkDJ1m8zSC3UJU11ZEsSvQEsz0b|https://lh3.googleusercontent.com/p/AF1QipN-GmbnpcoEaslRDhFlBbMhEx_fNRC3jntCY7WX|https://lh3.googleusercontent.com/p/AF1QipONc476fw8ENCW2LEwmIEPmyRA4tBnqtBk1Hy6x|https://lh3.googleusercontent.com/p/AF1QipPBhoO6GqhR4_Dk4g9REVFKTmeGhoG1PlutJkP6|https://lh3.googleusercontent.com/p/AF1QipN-SZR9KfScymsx87zyBEEjqKO0olpd3fTbsZUJ|https://lh3.googleusercontent.com/p/AF1QipNm2zX4G_SmLUJwQKVuMBXOe-rReINLQ_OL6Us1|https://lh3.googleusercontent.com/p/AF1QipNegEw1iLv8on5cOi_bbo_xLmeRcDq95JpksNc1|https://lh3.googleusercontent.com/p/AF1QipM3ArMZawGRUShWS6hJiYNFIfVXi6IGML0lWtQi
Russian Beauty Studio,"4,9","Imm A, étage 1, Les Orchidées 4، N°1 Boulevard Mohammed VI, Mohammedia 28999",https://www.russianbeautystudio.com/,0774-125379,N/A,https://lh3.googleusercontent.com/p/AF1QipMPK5kb7sZhvEafnZKDjGYDAiqZPqLqiw4-2esY,https://lh3.googleusercontent.com/p/AF1QipMPK5kb7sZhvEafnZKDjGYDAiqZPqLqiw4-2esY|https://lh3.googleusercontent.com/p/AF1QipMVb0_1___KiJ2aBZL9qJTCT5oocUz8JvL4lONf|https://lh3.googleusercontent.com/p/AF1QipNUTxRLOadIi1qPJuNmg_TzXGvEWq6y2l8iRKn0|https://lh3.googleusercontent.com/p/AF1QipOgdQE6tBE_RoodM40E4bC9Rpert4wDUUGMH-iB|https://lh3.googleusercontent.com/gps-cs-s/AG0ilSwD4DhEeKfAhyydtXZzPruZL5EWk6xGjQ5_NX96MgEhnjf2Qc8DxmI-PfxeHasLXVQcKZfIvcN0FGWy0I6-yhXm6NBIwtJz437F0fCLpr039RLOKndSCJO8ENZ43vXG0wD850OTfQ|https://lh3.googleusercontent.com/p/AF1QipN3p3jI4o4K9j9VkgXMVEfFcSiR9dDqovmX7wy8|https://lh3.googleusercontent.com/p/AF1QipPSUP5noz87j1PRV2d-wqxymDzOTGxKZstRmTcX|https://lh3.googleusercontent.com/p/AF1QipPyRaDusB4LaaYKzOYJ31Rq9cgLDflhdrB85juy|https://lh3.googleusercontent.com/gps-cs-s/AG0ilSz5f44EQr0pCNa3to4tCkKeUcp3DMWQdNHEETjKgM5DpjjX-l58ZVaztEo0JkFSnxP7Vz2I3q1Q78P94xpK5MRNv-_SedQBRuAp1wpIhGtw4VklT17VJXoWPI7KpTrKgQCUzc2LxQ|https://lh3.googleusercontent.com/p/AF1QipOzzNoENIAUw9JQZ2cxOIW4JJw7gUJJM_0lIsdl|https://lh3.googleusercontent.com/p/AF1QipP-w7jSuvSd3GxLlsMf0Bs7XLIaoxRM_8QkOzkI|https://lh3.googleusercontent.com/p/AF1QipMV46WjOxZx3WEKHXg1Vwr8pGmgY7tVDyRrMzVc|https://lh3.googleusercontent.com/gps-cs-s/AG0ilSyduqqQej0VY2_rDkUz6l5A86J-FNFD5GpB37RLT8yxEgc73DUNwTvDkEih9K4l67N2oiwXu2fh6pKljYY9g88a1e4x_IfVrvLnwWaPU2g8-URn_j-UaGYGUX6hyVVCmECy_N4u|https://lh3.googleusercontent.com/gps-cs-s/AG0ilSyhYfccV4cTfOx-fC48fl5OzujnC24N5SO_xK9NeSV7n2-o-SEoZrVjaRwONypXC8icnC8LwZgI54UywVgezf31VDj6-PvTJolX7qbygdxP4-1pLIvWryGW66mLF31Y-HVWanfx5FCfAaH-
Eternelle : Wellness & Beauty Center,N/A,"ibis hotel, Bd d'Oujda, Mohammédia 28800",N/A,0521-043488,N/A,N/A,
Salon paraiso,"5,0","16 lot Houria, Mohammédia",N/A,0601-467216,N/A,https://lh3.googleusercontent.com/p/AF1QipNBw5vC3Wx7QdM2yL_q6hFh1YDr3VmzxPaeYCe-,https://lh3.googleusercontent.com/p/AF1QipNBw5vC3Wx7QdM2yL_q6hFh1YDr3VmzxPaeYCe-|https://lh3.googleusercontent.com/p/AF1QipOti8TO32KJZRYnaLrcdhIlue0fRzf9nT9DwvnI|https://lh3.googleusercontent.com/p/AF1QipOrpzhjUrtw_kCK2ZDUH3DO0VpA8edNEFSNmOAF
Islah Beauty,"5,0","FB09, étage 2, A côté de l'école Rodin, Lot Massira, N° 3 Bd Mohamed VI, Mohammédia 28820",https://www.instagram.com/islah__beauty,0687-681110,N/A,https://lh3.googleusercontent.com/p/AF1QipMnLueq1WbjUomGaN9LMPd_HymsvxX9ZxVfzf4Q,https://lh3.googleusercontent.com/p/AF1QipMnLueq1WbjUomGaN9LMPd_HymsvxX9ZxVfzf4Q|https://lh3.googleusercontent.com/p/AF1QipNGPJPItBBlfkRaNEa7oxbrSs-010T04529-RwK|https://lh3.googleusercontent.com/gps-cs-s/AG0ilSyh5Hm8JlAPkyoPhUbUEcGk0qgRB89JDxz6KiRzSvGyhHM2Yeq17zx-nod4YhCiczHZ5ZOo-VLa7pFedzx9kn-FEJ3x_OXfvXWKwpnARKw5orR9lASAlZJb9QSLWUXhEcgs1yh8|https://lh3.googleusercontent.com/gps-cs-s/AG0ilSysuZQ4c1UDguUOip8zKgvQQ44PAiSEdSZJfOnuqXViFh_i1SsgzaOYZONQY7x6OSflQScDO3bHCv5HhraPxtb58gaZUGebvdC9RCvpN8_SULzg8TEDPADU2CXW-37fLySQVLuk|https://lh3.googleusercontent.com/p/AF1QipNT2EsO-gKrbmw0jwSH1OkmwGwQ-YJpoJPoDZeY|https://lh3.googleusercontent.com/p/AF1QipMq9oN2ypEW4fP1_IcfAVfW2YzQRSbTsSDqzHfX|https://lh3.googleusercontent.com/p/AF1QipOBKqyyueGIJ9iP7kMC4_2ZD_jjNpG4wdSuGgDP|https://lh3.googleusercontent.com/p/AF1QipPy_mGkFSU3Km09pwLFuCsDr9V5ckRVdhKCbcuE
Park's Barber,"4,9","Parc Plaza, Mohammédia 28810",https://www.instagram.com/parksbarber.mohammedia/,05233-20646,N/A,https://lh3.googleusercontent.com/p/AF1QipOuBkGDpqKKXP7r4h0T7re_LUvCdMqJ53WhmY7j,https://lh3.googleusercontent.com/p/AF1QipOuBkGDpqKKXP7r4h0T7re_LUvCdMqJ53WhmY7j|https://lh3.googleusercontent.com/p/AF1QipMnk-gqWOfntizezSD2qMqy_9qdhtacCx24-g06|https://lh3.googleusercontent.com/gps-cs-s/AG0ilSwnvONKkkx_LGn6nYZfFvKQ_uPMwL7FSqBg48v-vlfbfLgCKTFbj4filWuZU12dT0qi_Ye0vW0LsjdJL9QB2CN_YhlSF7wEZEXLwXPBF0kv6TM1VMb29MM2305Hgj76HoTtlqNDTEGFdl4w|https://lh3.googleusercontent.com/gps-cs-s/AG0ilSzD3RMddyW3wWdOS08ierXtrUKjNAwhXTDqb_95evJh5RZX9oR1S8nA7x44a_4a2B0D4fe36cXZTlPwXRD1gdPto6AU94Jh3rPz_gDpt36ZKiy9gcAw5ZBlwAZ7e3NANHhD2zIRL3ahenSu|https://lh3.googleusercontent.com/p/AF1QipN8WTJ0ucnFx2LgqBVvS0NVWURhn-TYU5_VeVwj|https://lh3.googleusercontent.com/gps-cs-s/AG0ilSyk3gg4bjT4auHEip_Y1I6T-8P-Tua6Mw2NP0SOdP2YbNqNp8-FTwvVgZI7MtJvOFvpZqCU5EOXeupxW5Chb6wBL0C0hxZHuNqcVngdAC56QasxcOkKQzU8tLxXTsO7ODcxEcWW2dwQzM84|https://lh3.googleusercontent.com/p/AF1QipPbM9FicNdSqmB2wP5LICdDACn1bwfFle3r9e3k
O’QG BARBERSHOP,"5,0","BM2, boulevard mly ismail, residence Miramar, La Corniche, Mohammédia 28800",https://instagram.com/oqg_barbershop?,0521-021362,N/A,https://lh3.googleusercontent.com/p/AF1QipMsSLBPYqB4sqk2FUg-mkc15u-vm60stTLesGSd,https://lh3.googleusercontent.com/p/AF1QipMsSLBPYqB4sqk2FUg-mkc15u-vm60stTLesGSd|https://lh3.googleusercontent.com/p/AF1QipPDoqcir28ROPYUx1d7ygvdX1FVmCuFxFkj_d27|https://lh3.googleusercontent.com/p/AF1QipPwsBo1OUXIF0eJcovvZcv0kXznoI-g2AW9QrCI|https://lh3.googleusercontent.com/p/AF1QipMg3JHkUA3jDlcgtwy4-hQTqVa91MOkRDXfsuro|https://lh3.googleusercontent.com/p/AF1QipPwclLpeFCXGWGFvsOWEUs2ryMpNPXyZx1-HO4V|https://lh3.googleusercontent.com/p/AF1QipP8t8Of8JCUZB8tqnyhKjRHkragOSaiss0S5QJI|https://lh3.googleusercontent.com/p/AF1QipPqtP8ymDBpFPAY3X3x0cxAeyUiKneRIEC_Rxks|https://lh3.googleusercontent.com/p/AF1QipOzZgRoMb0wOqNVoyrQDHmeYlzTC0TLScd5xnht
Barber Time,"4,4","Rue El Jahid, Mohammédia 28800",N/A,0601-541968,N/A,https://lh3.googleusercontent.com/p/AF1QipN_VXfJj1OD0u91yjzkT4lTy2Xc9RrTdm1OHtB_,https://lh3.googleusercontent.com/p/AF1QipN_VXfJj1OD0u91yjzkT4lTy2Xc9RrTdm1OHtB_|https://lh3.googleusercontent.com/p/AF1QipMNVzM4UgjmHOrCedocsXMQVUj65Rzt4tx-aPJL|https://lh3.googleusercontent.com/gps-cs-s/AG0ilSxf354diRlRrXRYIXSHyKbbPYfpBdXKSxjqi7tVYVQTCcLP7cEMFV7tkPRRKMLwwph3PVc9-cWju8d-N0SpXUxYqPXIyzrqPH7OsuhLSGIJl0BJ6Yat83i5qxkdb-OXOqHNrSc-nQ|https://lh3.googleusercontent.com/gps-cs-s/AG0ilSzzvHgdtIPlPyHYIQXq3n0GaxkFZMqFNPcz6nDInMEcPF7RzSwMsoyBfTMoGa4OuaCyI7rcUoGLPg7K7hoqaWZCFubXM5IA6N5a9GNpFeUqDwr8noVOHNanBSVY8ZtSSCO_J3qq|https://lh3.googleusercontent.com/gps-cs-s/AG0ilSx2jK0-67GeQvGLnP9clc5CiCCvoU5EecHX51TvCJEiY_SYvJB5dOn-hSI1tiFMKFTb7wpUf5HAcx51Ed4qxkJnhzrSknvb3tS6xP-ZE9Vej634E090L5HVP7nElbLxOf7t0NW3JQ|https://lh3.googleusercontent.com/p/AF1QipPOU6lJ9Ry6PFqB5XFO3Mk7XcsgSEObOI4riGle|https://lh3.googleusercontent.com/p/AF1QipOt4tUATsTrKJXcxRQMcVtyAQ0U1BtJlfLVtwa_|https://lh3.googleusercontent.com/p/AF1QipPZSsgXzUR_sjJ7RNibKDzENVDOe9_lzf_KVL5i|https://lh3.googleusercontent.com/p/AF1QipP3s2BpKMMtAPg9bc2so4EUAcfoL5_6AJ91B9DM|https://lh3.googleusercontent.com/p/AF1QipMlNlkUAI8uLn2Ze-zYd-XKkfvjjmM4GilF1hok
Salon Mont Jolie de Coiffure & Esthétique,"3,5","Mont Jolie, 15 Bd de Sebta, Mohammédia 28810",N/A,0645-347655,N/A,https://lh3.googleusercontent.com/gps-cs-s/AG0ilSzf177tMlamoUD2VwvKKeIB8O533NC0giz11yH7UYD44UJoZCTWYJExwQaYlzid8uuYLhoBIEoUUKGLjBICTludvoiUPfsBi61rn87UPNZSXz_xlhGnbfMMm9FyneN8cKBB0mE,https://lh3.googleusercontent.com/gps-cs-s/AG0ilSzf177tMlamoUD2VwvKKeIB8O533NC0giz11yH7UYD44UJoZCTWYJExwQaYlzid8uuYLhoBIEoUUKGLjBICTludvoiUPfsBi61rn87UPNZSXz_xlhGnbfMMm9FyneN8cKBB0mE|https://lh3.googleusercontent.com/gps-cs-s/AG0ilSzIUVRukjZ3UiB8JyCUSv4EVh-NCjBV8-bqsUlUB4V9UkhmXpHzDaY7Oiq6qAyA_VWh_H7Bcsf_4s80l7QRDJ2eK-5FjiRoXuGuQ6tWtIivJF31SvQn_9Y0-o9SKZ-U8KmDQ-rEew|https://lh3.googleusercontent.com/gps-cs-s/AG0ilSzkIoHc0CK8do4ePq9dibKY9QLArFbN-Z23xR0jPGmTyxz8niaxloTDTmH4Wntq-wgsZmmTxLAlYvrjgQjOW3XVERd6cXBBHCZgBCYi2VZFwJ7nnauqypIkD8C2xATxultxaW_ixA|https://lh3.googleusercontent.com/p/AF1QipNQJLPCLPq9LAAg71ncqKVErCg5ZMnMX8T-pXv1|https://lh3.googleusercontent.com/gps-cs-s/AG0ilSzyuk7C39BBMwWCXEgZNrJvBEWrdFt8a39xepO30hR4YVPQYsFOXguIO7aty2thATswiKSBdVMV-zOdZaNx3rsRjwvbnDoGP0QelrQND31htQ8AfFFD4OBylHcf7ZHqlCP5e0n7Cg|https://lh3.googleusercontent.com/gps-cs-s/AG0ilSyDedc6GHz-Ilv6dZz49dMUz2gpqhwggsPfHJNJz7fsJ8lSIfiI3GHILWsKL5xcjK0dGrGMHLSrEo_azj02kc0kUXC4-UPB_NfanC_sC469SSiCJ46XBe649PzOtDt5ViKuNpCCbQ|https://lh3.googleusercontent.com/gps-cs-s/AG0ilSxsFwr36XDMamDLr54DQ-3VO_99Ynwl_ck1sLuddWQuC6sBrRgKHlxeAZwWn1ullrebTq5en6XUGn91vAR6f5DP4FeRU2mTT6Qrw1rVdegFt55RI_DTYqubZ39b62uA_fIAfXaXOA
Marbella Beauty : Salon de Coiffure & Esthétique,"4,8","104 Bd de Salé, Mohammédia",N/A,N/A,N/A,https://lh3.googleusercontent.com/p/AF1QipP6ozKJ8axXmlB6M1KNTx5lX4XlUgrUeD-n-2Md,https://lh3.googleusercontent.com/p/AF1QipP6ozKJ8axXmlB6M1KNTx5lX4XlUgrUeD-n-2Md|https://lh3.googleusercontent.com/p/AF1QipN-iUTundSpbdvz_ycxFA-zK2yVKHdrb2WIshEf|https://lh3.googleusercontent.com/p/AF1QipO5lnz2E1WeRyLlQt2bN_U5_IHSmwidySe1JOan|https://lh3.googleusercontent.com/gps-cs-s/AG0ilSxofP9jTVTMnyn_IBQZH8ElIozCNkahClK1asB_kz_gsm4iSVBTZY5TCgfFoxEPkDAwsSwZENwgAv5lMoY0uEjze2_pzddAANE6qc66q_TOohC1cYj6UKUsw_QY3kwgK4koXSkY|https://lh3.googleusercontent.com/gps-cs-s/AG0ilSzhdb9i0vpdhCR_4pXNsQEGF9hrIFjZEoK3hpwRB4mmnfZR9rtpK3cZoejk24qflvVqUXDg_M2A6KPIWNdFNYEUBuzofydyuWT--NPHEH8U5hXjI-jHE3SL4xmDnGfdaAFcy9e0|https://lh3.googleusercontent.com/p/AF1QipNYpyYfhKcbn916XeXImT-86z4PAaEir8Aq-fum|https://lh3.googleusercontent.com/gps-cs-s/AG0ilSzzqZ_18obtBJoAdUo-OaujpZ_LI8qThZANDpSXkWXg117IsEPcveVQMq131CS9a5kH-WzTNIY82Ki148smIR0eQwf3tvEqGjLGW0m9zJO-N7Bzzd30KzrZTphj0KRQypY0RWRW
Salon serhane,"4,8","MJX5+QWQ, Bd des Forces Armées Royales, Mohammédia",N/A,0652-574679,N/A,https://lh3.googleusercontent.com/gps-cs-s/AG0ilSwFCGbNZYDqWotV7ixyBH1Dw9WDs9e5dgaP5e4YPb6o1Fjvp-Wv3Ojc5Ar67OTTazsIUpsyy2DGN4g12CK3isoNRpNLJZoooSuOwGMu6J_HyAK2eE8XUq3D2I16fZBicJUsIQij,https://lh3.googleusercontent.com/gps-cs-s/AG0ilSwFCGbNZYDqWotV7ixyBH1Dw9WDs9e5dgaP5e4YPb6o1Fjvp-Wv3Ojc5Ar67OTTazsIUpsyy2DGN4g12CK3isoNRpNLJZoooSuOwGMu6J_HyAK2eE8XUq3D2I16fZBicJUsIQij|https://lh3.googleusercontent.com/gps-cs-s/AG0ilSymQyzN-gc3m1QiwMIoq0nbMM4sDqolEu2QK_exyn9vmm6kLwOBSAuxj3QgPOR23ARCdKWUynS6gY3mNvyUcCoDW5ottC8HvaP6fqKvA_5AnOodeL6eNAK6q8B9I9RCK9NKRu8|https://lh3.googleusercontent.com/gps-cs-s/AG0ilSxTx6q6EPcBlr-PM8-wOGRSspdaXOQ_FFez0igMNKG2w1-NP_63sGzK2waz9xWgMYH79-N3FEUufqb4FXNp94gSjqU8JNZDfUsvukjjD0VWKhwLN0UMd_iPJIpxHtKkkqQTgfzK1w|https://lh3.googleusercontent.com/gps-cs-s/AG0ilSy853VxQSFZV_uWJ492qXu_uhmxSnzySd7uboL0x3QEYGFnds07w_Tsx-Ic9gLIoG2ZKUkxXght4IltsEW9bxYYpuN4FE2aW8hXjTAEwRuRUj4ITrHsV7iW9z_eUJH13I6MxgLs|https://lh3.googleusercontent.com/gps-cs-s/AG0ilSycep84PPbfSg4pRj24K3Bs2McOLQuJwUwIKlKj3xOWkWDSzKa1Sx6k8YA25KqEbSYD1YgHWLiXeCVYAiBpCtXWw4grZyWQd61y_00B5y40tIgkD_P2k-j62hp3gJ4_g94ySrA|https://lh3.googleusercontent.com/gps-cs-s/AG0ilSyI90IcWwzGDwXQAkUEHy0QMz0huTdn0lKWq8hKdzMcJQk-pA83eVcdTVFFOp4thk8vQatfASQYeQYYexX-LtcyyPXeKZkxxHT4Mb_Y7sXX4c9MgoAp6bo5olTKwEH7vJMe834j|https://lh3.googleusercontent.com/gps-cs-s/AG0ilSzj4e3ILg-lQQHn0V6YMOxumGolu3GODZxL9KB0TWvoJWe9Y8Yau5rZbE7o9UDyMSTRhVYbK-_7_q1WsbVZJW8tyYCttMPu9RsD0-pxdXf6ItS7L9CiJWt2cChrzAkAOU5tbFh5Bg|https://lh3.googleusercontent.com/gps-cs-s/AG0ilSyy6E_Zj9l6siLqldZxTfGJE9bJhnLmdlatyeq2raPJoP9IpLk5oYzOv_P3ktUBr7_wc49wDCYNXhH0K-K3uQVOFhEzxrW24NM3NL5t3X0k2ES55vLoR0l7N-88BFWHEPH2dIA|https://lh3.googleusercontent.com/gps-cs-s/AG0ilSy4jo76ioteuUmDQ5Zcps2ovAxpqZ3BZ8GFuSjH3aUQAqIGbD12kdMc_DqGukEwNQVAHx6YZ4A7IVa4qCpKY3RJHY4MOLH_B0ASKrXD-zHtyGHsxviBwBxGMgrGO5msSpHez61NHw|https://lh3.googleusercontent.com/gps-cs-s/AG0ilSzpsyPTpbFHgmtuaix8iOgIm5dgzKne55LeUXkFTuJ9b9qNhHVINA2raW1u1Zpkz_n8DXsJYY59CcOXqGzmbcCG6oUM7-zz_fWb0NPW7I98cuQZSWYfJLQ_1PmZpAlayjRshboh|https://lh3.googleusercontent.com/gps-cs-s/AG0ilSy0dpgvbvx9I-lsEp9sUXk0ixTWnJJiTDeUk4SCegdsyziAksA4aZDCW_vwfaRMikRVZBaC-8AOhhjk-_Nf0734e58xRNLC4Mv_HvPOgFltr20nm-mGz-VNdgohJAfyE7wU8Ezz|https://lh3.googleusercontent.com/gps-cs-s/AG0ilSwIQuoiRJwozzda-id3Zc8j01lCChq0VXtIl5lw4D1lkf_YcLvtIiEFklayNqwM0nAZHIwBqjHrulrXj2M03YYxc-mJHpDebAC4FGR2EjBHmb46ntncBB3YOAGiQfsTqKrEftXzIw|https://lh3.googleusercontent.com/gps-cs-s/AG0ilSwFzBOXlTWidx4pj2werD6geuFJWDY5-4WnCN0WLx7VQwe4FpM98Zoy-oSdtzT6FivDJgf3Mgu5oVAz2sEAtnAdNHq9IhgGRcDB2yd79hta8EUYNQVuOgZ3wqMbBhCjazkS2a6i|https://lh3.googleusercontent.com/gps-cs-s/AG0ilSwKtNcvd22oHur5zAwgN1luxIDXKhdN0UC4sx16ryaM2XbjQ-yWCs-R0nH066wclqvZejWw18J5DtVwGZDGbr4xunuHGxGpEuE58haoCw3OC558GSRbS4THqdtHggmhUfLo5Hw
Naturally Siham,N/A,"immeuble Ayden, 3eme étage Numero 13, Bd des Forces Armées Royales, Mohammedia 20650",https://naturallysiham.setmore.com/,0627-903786,S'identifie comme géré par une femme,N/A,
Barber Times Mohammedia,N/A,"شارع أنفا العالية, Mohammedia 20800",N/A,0603-096344,N/A,N/A,
Coin Chic : Salon de Beauté & Spa,"4,0","MJXR+954, Lotissement N 105 Riad Salam el Alia, Mohammédia 28820",N/A,05232-73171,N/A,https://lh3.googleusercontent.com/p/AF1QipOuBR6NfuwOcXMJbC2EpoVSQwbjDQ2mx5eN60mo,https://lh3.googleusercontent.com/p/AF1QipOuBR6NfuwOcXMJbC2EpoVSQwbjDQ2mx5eN60mo|https://lh3.googleusercontent.com/p/AF1QipPuVJ2qLyTDLZX89qQPAaz63yS-gUkvJNjF2Tfu|https://lh3.googleusercontent.com/p/AF1QipMU4CuIKvm0WCFndYR_8NEDy6DRQ58LEV6r-QcK|https://lh3.googleusercontent.com/p/AF1QipMFciwGZMpEOhRvUZRCjsX2KYe-0A814nw-Bhx1|https://lh3.googleusercontent.com/p/AF1QipOJnxP-J7IQYrnfigihHnQKmXj-K7mEKB2xizvU|https://lh3.googleusercontent.com/p/AF1QipPDC1qjyiG5bXLVHJ1JYrHvbLpc_xH7mKMoX_-S|https://lh3.googleusercontent.com/p/AF1QipOCSAkeg5KmjQXRdo3fvCQcb2u--CbFfr0sykSQ|https://lh3.googleusercontent.com/gps-cs-s/AG0ilSzpRSObThOesIKADK4rWijPzGX5h_vL11QcwYPbMlnMi3hrimh2cfn6Ye5MxQ3jN2ZliXlP7ippV30Vijfz0MaMSFVpxLPPOjBUZ0weOPJ5c8ynyQaKDhts9HAgAk0q-c1eFWT_|https://lh3.googleusercontent.com/p/AF1QipM7cMb24kyW_j2n1gQ2Uapj7VvA4dvjOADNTDPf|https://lh3.googleusercontent.com/p/AF1QipMrgL9RuvB2Yw2tRqvOKc6d5sQcZukerGqJud5d|https://lh3.googleusercontent.com/p/AF1QipNag2_lnGrM8JBiUiFOWQOW5cqnyJZDyvtFJes4|https://lh3.googleusercontent.com/gps-cs-s/AG0ilSyTs4jTEqUW0nd-1JCguNq1cwTzJcYVNgXFPoRFgn1TDM1UTjdjdeupG6Atc_aFEVuj13xypUJhl5eA_1tr-5YeftXOhiTefQ3m_d-9R-UWt63ZURQyg9q0kn5Z8eD4mp8vyYXDY_X0jlk
Be Glam,"5,0","RESIDENCE GALIA, Bd Hassan II, Mohammédia 28810",N/A,0679-076099,N/A,https://lh3.googleusercontent.com/p/AF1QipOpfWZMzP-V37G70aXgxrxe5y3XdYuXbzk8Asjb,https://lh3.googleusercontent.com/p/AF1QipOpfWZMzP-V37G70aXgxrxe5y3XdYuXbzk8Asjb|https://lh3.googleusercontent.com/gps-cs-s/AG0ilSzQDd2j4oVi-ZIbnk9iQpR9ZQoHS0nHmZEcr45U3xSNDEoQ0c5m12AmP-U_tc1R8rrIFEdZoL6T7-zMf5zzw2NPA7217ayj0hsCBdyG4T34AwWW8u-GE9f7Ee1eZU-sVkhpKHBiEg|https://lh3.googleusercontent.com/gps-cs-s/AG0ilSwoK_VLmy4H7XpjHgR4uACLboM2rQwTo5F0JKmmMlfrsyy1FmdQ7puOjGtz_i4exJH7r92BogTEYmnCukRxpb6nTRX7Ns7kRZ0Ji3Q5jf4gdQav7A3jz05mhFWgj9QxgfdU9jMv
SPA Sublime D'orient,"4,4","Boulevard Mohammed VI, Mohammedia",https://www.sublimedorient.ma/,0629-279900,S'identifie comme géré par une femme,https://lh3.googleusercontent.com/gps-cs-s/AG0ilSxFNwOCDa40wpHdpAtDnd_6Pruf42_LUch1IzEBLd2IU8j7_GwNRyFhx8Wq9YOaktwnbE0Ag5bo0QvTdsafmie7eDq4QUDTAQi8ecWYl7vFncvBjkl6xDyV462drnT0H0W0DXM,https://lh3.googleusercontent.com/gps-cs-s/AG0ilSxFNwOCDa40wpHdpAtDnd_6Pruf42_LUch1IzEBLd2IU8j7_GwNRyFhx8Wq9YOaktwnbE0Ag5bo0QvTdsafmie7eDq4QUDTAQi8ecWYl7vFncvBjkl6xDyV462drnT0H0W0DXM|https://lh3.googleusercontent.com/p/AF1QipPg3e53xeXjFSL79bLSq-5OROPM-JCiYwf04k94|https://lh3.googleusercontent.com/p/AF1QipP7-K2uPrVgUgfS1Yihw-47PmyFcXmfpHPj92Bs|https://lh3.googleusercontent.com/p/AF1QipOEyALHkkjiz-S5UYzR8L97EuYYnrjr9hbzM7EW|https://lh3.googleusercontent.com/gps-cs-s/AG0ilSyV5vVvAt-4U06bshFoWSeOQW45IG3lo7c1hnr8gQKY__9QJ__f4_FuEd2vD4IIUWW50Jbw058yxcVRiMTa98z4W8lDQnSfDu1fY-GswtH6z17qt_XPkZ0HyfnJjnU1f0s-XwY|https://lh3.googleusercontent.com/gps-cs-s/AG0ilSyr1NlccM6vNZR7PHNuj0q51nGprkPUQJ9xnrKRT1blfPrmGDqPEW9X85CZdHWKpr1uwaT2hTMa5AoUSH10oadSTuGO8tbhx8WxkcHj__CvnS4oH_Qz_fM_AqjHqGXeoXrXBwGV|https://lh3.googleusercontent.com/gps-cs-s/AG0ilSyCtbwPb43vcs81m4uwRxGFvK86xKNVX30kTsS6OYXz6VfCvYF2QZJkCxpe8yquwUhji6pF-t7zxIo8rS-T2Dd2_m2o6Lu8dlM0aPTXtE3FV7XRtUxBgNEoBemPOArSnlkf2FhR0A|https://lh3.googleusercontent.com/gps-cs-s/AG0ilSyJe3TMinoOLrdWRvTcqDntIRKbFAl2mEJIDnj8eGlwxqZw0JtFz3sRbpVoX6R2U75Br9dhoaMd4CiF5bk_Bti8FMA7fhTaaHSPiuuX45ZpCdVtuw5c_qB6HMWefJz971HKnnM|https://lh3.googleusercontent.com/gps-cs-s/AG0ilSzdLnKgzfYGlMiik7cWYYsDmDXEafH0oDJCnlhbwmWCWlGFGb9xcr37BXjh80YWj7c5EOvP8-bzlgmtSriBgfV2G6zcUlDkDqQvObCWhK5yna91eyEtYm4oUBDgzg7Xu7CNoWT4|https://lh3.googleusercontent.com/p/AF1QipOKog2U9OHa2dyi8ZQYshItmPkOA-9O-ObmfYZf|https://lh3.googleusercontent.com/p/AF1QipMKhBGOS_ImcPns1sHphpodVaCwHDROrm4-3rgB|https://lh3.googleusercontent.com/gps-cs-s/AG0ilSxIo_hNmgBvkImKGxLzI9_H16BQ314i1eorGbXPJA6ZWMGFkZt8bEs4f05Olr-035W-jvORSQgas1kMuBZ_6VNbaIG9Wz14x2mwQ0-OchDWGWAJf4r0pIrseVvpwa2zWnO1EppE|https://lh3.googleusercontent.com/p/AF1QipMEsJ1RlB37Q78MSCqW9siF5U2leUCsHSFbs9HP|https://lh3.googleusercontent.com/p/AF1QipN9zTMlZElgecYl5bU2sHcYfvsqLCQiG8iP1jPb|https://lh3.googleusercontent.com/p/AF1QipPHyPIaS2lgiZaCVfaOB_biHLSV8bREXD7Uvl9U|https://lh3.googleusercontent.com/p/AF1QipPhNoczraFhYdmmMCwXmnt1QoPzQEB3WYp3cC9h
"La Perle : Centre Professionnel d'esthétique , bien-être et de coiffure","4,7","74 Av. Al Maghrib Al Arabi, Mohammédia",N/A,0653-687620,N/A,https://lh3.googleusercontent.com/gps-cs-s/AG0ilSw7alerJW1udW6xKg0Yc2HdC47AiLvwKucwiNkVPb9aGgmwaGavVUBY5prBdAHLMu3V1lej4lhBo5L_SVG4lej2NYNsRxpKGo-nHPqwCQhRG-Swwvye3Q_UhGOZS4-7KQzNL6Dn,https://lh3.googleusercontent.com/gps-cs-s/AG0ilSw7alerJW1udW6xKg0Yc2HdC47AiLvwKucwiNkVPb9aGgmwaGavVUBY5prBdAHLMu3V1lej4lhBo5L_SVG4lej2NYNsRxpKGo-nHPqwCQhRG-Swwvye3Q_UhGOZS4-7KQzNL6Dn|https://lh3.googleusercontent.com/gps-cs-s/AG0ilSzvMUtvVDJxFQLUSfQRkyhjTR9iZq2YbeovqFvD6ZJpcYpaiG0vyFPVbl6UKzNTxhJc93_nJS0JBaChSlL7s5MLwURVdW93y0D2-SEmenQKIKC0uuK1H_F-izqB0ZAWZqEdF_vP|https://lh3.googleusercontent.com/gps-cs-s/AG0ilSyxxegL7mm8U4JGuiI9IBnVJTLhVkDym7XZhFouvxvSbdvm5fimMfakwoEoNPoOl8rDgzh5Z6waqm7lVxnu6hHII8IXMfkgVY93kKbcqB33lCjg6cTqrT7DcpDJKp-q6pZcUa5W|https://lh3.googleusercontent.com/gps-cs-s/AG0ilSzgElKBXUJLVlNa1JKAMqNk7L4qgwOfBoHBei41-7di1oPkeC3x-0DzyXelXj7PjYUINWXDIL_VOb6ET150RrkYnqYv4mwDfCg3l5cdYUJqLZZO_Tshc88lPrFKb7pCXVHWNI1axA|https://lh3.googleusercontent.com/gps-cs-s/AG0ilSw7B1k0roy7fjyEBVD_eXPznZVAinVDq4sxDLKLyquAp8RJi9Cwm2WneqFGu1VCLMVcxRRie02xTcP7lZxuCyIFep6gZYRrrXZd5VQ-JNNiBMTY2FrvyO-dJv4ZnUHfzrCc6Bs86Q|https://lh3.googleusercontent.com/gps-cs-s/AG0ilSzpiwKAX8Amux-94KEsbpP2pVDfYdYmpWf3mycH7F17l2PEjQh00CbGMVaMztjyI2k70d2V15_UeZYLx1CoSVOZ9KniMpoyr8nmlJNWN2riAZKkJaFlMjsnE27RXe6VdQXS5qSo|https://lh3.googleusercontent.com/gps-cs-s/AG0ilSyRv00LPcpSKhK9McM1_EaYZFQyIdDMmMGNeQJjoh8E0geEY0KL4yQS6z_OXD6RnZbrwXQF9qj4tNQRqhePZ41YPLUvV2wT23B680JaVMT3baZXnOemsdjhBbd7mUbQX57EH_Y|https://lh3.googleusercontent.com/gps-cs-s/AG0ilSyo97Z4o4cZgTAcRyNWgKwc2PyodwZVZGDqAWIG-k_brDbGBdmjSdMc4cnxkVsA_KFMgoRuTNfYOPIq8pp7Mhb8vF6Ya2TDRoF1aj68FGKItlIB-EFTBOzjAdlBCSjXgVJ00Y2V|https://lh3.googleusercontent.com/gps-cs-s/AG0ilSyBFdlpgkAF0esbM70zXLXOVev1ljfND9z64ItKWYNJ_zaK_xYNNIFmh3b1HdfIAmwuKODyX8t-mR6Si03i8YtcBrbgm3VgpaZrM9NDNVVivTl0nPYAA7h-hDpugXZRT-_nrOA|https://lh3.googleusercontent.com/gps-cs-s/AG0ilSwgHO53yhja9VNeV9-YmcyonDeuAsXqpyUtctaiXeq4fb0--kkRjci879XcPCLEcz0k9qeAAbS_c45_lTfLZEZvTfjdV2nuWh8uaWspy1xLW2teJepMGUVxmZPHcm8FwJQ2xyt1|https://lh3.googleusercontent.com/gps-cs-s/AG0ilSxQNx6QJhrPwzcAzSWUgbgvNzJ1zlJCnbOmtH6RfyPDnpBf1DRdbFDfQAQnW8F4cx6-8wZWEN9jUc5jOFUOxNFXh499co3cEmF35t9IafJi2DOkDO5jQzBFkpNRl9FzaxNhYBpW|https://lh3.googleusercontent.com/gps-cs-s/AG0ilSykh5Vk-6VHB4PRT7YLhk7ZfhFnua3rAweB67K22uv6EcwIt8vkddPLMtvZ19Osqwx6hWXCAZvNYyFzU6vxBAkROGgVq_d5CWk4LcT3EBzsm-N7dVLDPPXT4dpJ5yOrIZ8TP2JW1A
Espace Femme I Salon,N/A,"Atelier Berraho 1er étage, Bd Hassan II, Mohammédia",N/A,05233-17898,Situé dans : Résidence Panorama,https://lh3.googleusercontent.com/gps-cs-s/AG0ilSyo97Z4o4cZgTAcRyNWgKwc2PyodwZVZGDqAWIG-k_brDbGBdmjSdMc4cnxkVsA_KFMgoRuTNfYOPIq8pp7Mhb8vF6Ya2TDRoF1aj68FGKItlIB-EFTBOzjAdlBCSjXgVJ00Y2V,https://lh3.googleusercontent.com/gps-cs-s/AG0ilSyo97Z4o4cZgTAcRyNWgKwc2PyodwZVZGDqAWIG-k_brDbGBdmjSdMc4cnxkVsA_KFMgoRuTNfYOPIq8pp7Mhb8vF6Ya2TDRoF1aj68FGKItlIB-EFTBOzjAdlBCSjXgVJ00Y2V
FATIMA ZAHRA BEAUTY,"4,7","RESIDENCE BEN HAMDOUNE, BD PALESTINE, N35, Mohammédia 20830",https://planizen.com/salon-de-beaute/mohammedia/fatima-zahra-beauty,0660-002100,S'identifie comme géré par une femme,https://lh3.googleusercontent.com/p/AF1QipPx6dPgbfoZU7JzDBwhc3wqirIDrmI6aBGms5XP,https://lh3.googleusercontent.com/p/AF1QipPx6dPgbfoZU7JzDBwhc3wqirIDrmI6aBGms5XP|https://lh3.googleusercontent.com/p/AF1QipNXJblqul1D-EUNWtIx1ly-GaDK_T4wF4jNYira|https://lh3.googleusercontent.com/p/AF1QipM_JXwzDy4GyAhrbqCHRkq0DMD1vDruz9JPcwTe|https://lh3.googleusercontent.com/p/AF1QipOpL8mLWbo3ytJ0q_laHUD-X1p_LzjMzL4W7A5z|https://lh3.googleusercontent.com/p/AF1QipM7dfCJFDKn7rXuH4m32QWsI_cjAvoS0MYpeL5G|https://lh3.googleusercontent.com/p/AF1QipM3-TbsTcOd6iImZL3jB3bu1s5zT8LKqKpmCy56|https://lh3.googleusercontent.com/p/AF1QipPsezBNQh8QmNoeHU6xKw7dCwJvQDllHExxcai6|https://lh3.googleusercontent.com/p/AF1QipMnhWryISTNzFd6o3SzqxoIYeWIPsKKwWKgEyw9
belle de paris,"2,6","PJ25+2R9, Rue RIF, Mohammédia",N/A,N/A,N/A,https://lh3.googleusercontent.com/gps-cs-s/AG0ilSx5YrWEewbM58rgAMiMtKws2yjmaxhyvXKivp_YGfCaqB_TjL3Bu9e4meteGbQFHAqbpZSqtEBL7-Cj4AwXdhno92x9BjtBUbWJ9Q-_GJEgAnme-0aaRcw3hoAp0bsNbpmJMO0,https://lh3.googleusercontent.com/gps-cs-s/AG0ilSx5YrWEewbM58rgAMiMtKws2yjmaxhyvXKivp_YGfCaqB_TjL3Bu9e4meteGbQFHAqbpZSqtEBL7-Cj4AwXdhno92x9BjtBUbWJ9Q-_GJEgAnme-0aaRcw3hoAp0bsNbpmJMO0|https://lh3.googleusercontent.com/gps-cs-s/AG0ilSzhVVVH4kCqvUY0k4dgmKkItM1rqfc_MROPI02yQxCIJenCEFLrZCXySKv674tpkUKskT9_y4wUzHtmihybCxh0EXYcs4e4PQbC5KAu_6W1fS8b74g47eWcRJwVB1FM6-lQuSjw
belle de paris,"2,6","PJ25+2R9, Rue RIF, Mohammédia",N/A,N/A,N/A,https://lh3.googleusercontent.com/gps-cs-s/AG0ilSzhVVVH4kCqvUY0k4dgmKkItM1rqfc_MROPI02yQxCIJenCEFLrZCXySKv674tpkUKskT9_y4wUzHtmihybCxh0EXYcs4e4PQbC5KAu_6W1fS8b74g47eWcRJwVB1FM6-lQuSjw,https://lh3.googleusercontent.com/gps-cs-s/AG0ilSzhVVVH4kCqvUY0k4dgmKkItM1rqfc_MROPI02yQxCIJenCEFLrZCXySKv674tpkUKskT9_y4wUzHtmihybCxh0EXYcs4e4PQbC5KAu_6W1fS8b74g47eWcRJwVB1FM6-lQuSjw
L'institut,"4,4","center 2 (en face de Mooglys, Central Park, Mohammédia 28830",N/A,0521-096061,Situé dans : Central Park : Shopping Center,https://lh3.googleusercontent.com/gps-cs-s/AG0ilSzd_W3d_SvxukuvTLuHDyfTOl1v2Wb5l8nrBfiMqaNWjjeo2uAO-AnGjF5_xnCk0L5onvr2rKOhhat6X3QVEOaPAqalW2u1c13sgl8hdRcTlEqRJnziCyOnMJYJps2C2FOprc88Cg,https://lh3.googleusercontent.com/gps-cs-s/AG0ilSzd_W3d_SvxukuvTLuHDyfTOl1v2Wb5l8nrBfiMqaNWjjeo2uAO-AnGjF5_xnCk0L5onvr2rKOhhat6X3QVEOaPAqalW2u1c13sgl8hdRcTlEqRJnziCyOnMJYJps2C2FOprc88Cg|https://lh3.googleusercontent.com/gps-cs-s/AG0ilSxKWjs-d9sgNtYrPEwTY7FmHDVmcq61tSGaMFYYrtiNwPdyyrfj546q3Clw3WGqYCUzpwA-SSmaeKR67O8t3xjloxF0cyggi0cDtdZdDsKBUHA9EMcHgJ7EpNOliwOnNjhp9-3q|https://lh3.googleusercontent.com/gps-cs-s/AG0ilSwty7H5JrKGpOXixYsg2wC9PvumeZCdpgAO6vqjQRsTpMeCNh-__zyqifhjIL7f8YuSsXjVCCUSix3DTrQ-bkwF7iIP2kH06yjpDHYwr-t4DbIrg14kkF8LEMPvmiYFWPFQP41V|https://lh3.googleusercontent.com/gps-cs-s/AG0ilSx2buxozIr6ZgReT-IkXlo1cGvYOHQcIRhD0b2oYrzOB9XCi48naITF4J17gTzzvnR6Zg5M2bRdQuNdiUWbqRtgR4IRq5c90GyvJJaIlJkLFjjZMXTJLDKwIxzmvMeF5hnyTvE|https://lh3.googleusercontent.com/gps-cs-s/AG0ilSwOyTtne03om1Fhr0ltuA7lXJCZw_MG3Qbajp5aWaGclIklRagm4WaHX0V19L57bzuP6x68HK-SJ3JXqzyN2yP1rhnKoqoD_SVkszPgvH9Ran85eLBKTgj_IKd1JPIAsWesQkADlA
L'institut,"4,4","center 2 (en face de Mooglys, Central Park, Mohammédia 28830",N/A,0521-096061,Situé dans : Central Park : Shopping Center,https://lh3.googleusercontent.com/gps-cs-s/AG0ilSxKWjs-d9sgNtYrPEwTY7FmHDVmcq61tSGaMFYYrtiNwPdyyrfj546q3Clw3WGqYCUzpwA-SSmaeKR67O8t3xjloxF0cyggi0cDtdZdDsKBUHA9EMcHgJ7EpNOliwOnNjhp9-3q,https://lh3.googleusercontent.com/gps-cs-s/AG0ilSxKWjs-d9sgNtYrPEwTY7FmHDVmcq61tSGaMFYYrtiNwPdyyrfj546q3Clw3WGqYCUzpwA-SSmaeKR67O8t3xjloxF0cyggi0cDtdZdDsKBUHA9EMcHgJ7EpNOliwOnNjhp9-3q|https://lh3.googleusercontent.com/gps-cs-s/AG0ilSwty7H5JrKGpOXixYsg2wC9PvumeZCdpgAO6vqjQRsTpMeCNh-__zyqifhjIL7f8YuSsXjVCCUSix3DTrQ-bkwF7iIP2kH06yjpDHYwr-t4DbIrg14kkF8LEMPvmiYFWPFQP41V|https://lh3.googleusercontent.com/gps-cs-s/AG0ilSx2buxozIr6ZgReT-IkXlo1cGvYOHQcIRhD0b2oYrzOB9XCi48naITF4J17gTzzvnR6Zg5M2bRdQuNdiUWbqRtgR4IRq5c90GyvJJaIlJkLFjjZMXTJLDKwIxzmvMeF5hnyTvE|https://lh3.googleusercontent.com/gps-cs-s/AG0ilSwOyTtne03om1Fhr0ltuA7lXJCZw_MG3Qbajp5aWaGclIklRagm4WaHX0V19L57bzuP6x68HK-SJ3JXqzyN2yP1rhnKoqoD_SVkszPgvH9Ran85eLBKTgj_IKd1JPIAsWesQkADlA
CARRERA BARBERS,"5,0","Rue de l'Oued Zem, Mohammedia",N/A,0521-048735,N/A,https://lh3.googleusercontent.com/gps-cs-s/AG0ilSxsj7pkinZIMpknozS_KbVQemdI7F_IalE2ZlI1oGdE2sT0P4mHYuBB3f6IKdO5tFSMh0mQRfZMEpdGzbzn8Yl3iKxnb0BB8wSlLMM5N7yYw68UXgT706pujN94DhBOPOOlte1k1A,https://lh3.googleusercontent.com/gps-cs-s/AG0ilSxsj7pkinZIMpknozS_KbVQemdI7F_IalE2ZlI1oGdE2sT0P4mHYuBB3f6IKdO5tFSMh0mQRfZMEpdGzbzn8Yl3iKxnb0BB8wSlLMM5N7yYw68UXgT706pujN94DhBOPOOlte1k1A|https://lh3.googleusercontent.com/gps-cs-s/AG0ilSw0gfezmKblrzPf1n6iXmYO1vfn_KIxO7qSHlsQVlFjqABGoe-XbTEIXaqWKUZMjF9vx5uiLXh5B268l0L0ebWWGIbr0EHOdM6SVeBJ5bP5PoIlTG06m3d9Vlg_nRWR6nyTN3E|https://lh3.googleusercontent.com/gps-cs-s/AG0ilSyU2qf3wN2mTFa08bA_ahqUsjBy_vq4qPe69DJ9mpwWlNhL24vmaMv4hso0f5OwxW9axg97VA_fxJcYT_rzbZEhIgHHB8wpHblzGRcp4tu4un76PDjWL5Lpdcox4y6xqx1GZOg|https://lh3.googleusercontent.com/gps-cs-s/AG0ilSxBEwwO_Bhqyu3rgtfcBkxAF4rrDmMdsIcHEf4xwNElLmZ167jGX-VWp0PFo9qFY_U2B3nqwRicqS0aIhAujKWUETNakHyGmzXghXqeQx4bU4XcHSpbTco4j2qiZ1rgcEHP-QWjoQ|https://lh3.googleusercontent.com/gps-cs-s/AG0ilSxSGGSbRjtlqsCZpfcpJQYCfVeH4FvTGQy5mQsVoOlA6pPHtvnc4IdhimSJ3S8327aRL5TFo-aw7uhm01Tiw4j1AgKLnvldGav7wVJbcFhFxVm199lRUoPGvHebc7pugZu89GQ0ZQ|https://lh3.googleusercontent.com/gps-cs-s/AG0ilSzw8F9CR3Q4oqh7IpzRIN9AAr1LdORm4RcZcHkKFQUGGIisnDbvGoB3n4kcU8FcInYuxkL9cswUljiLbrux5zl8VpuYZA88n4ektzPhi2FCAriHudsMaMiOCNPy_iFxBXZbsAKK|https://lh3.googleusercontent.com/gps-cs-s/AG0ilSz7Jac53QRUDsOawlxPLWA8VTJ3vX4PCCtoAM9S05f6JS3ETwbJ9ARL3Uqcyh-iNZhLcdJGTcv1aaJLexKWGaf5gLt1rKTqWCVWcF8I6_Vm1BT15LpWZjeaUsfZ7cQMLnQbqwwo9Q|https://lh3.googleusercontent.com/gps-cs-s/AG0ilSznO_EHrRQqzADgOj4lHmrLoig0iHnupSnc-dkvd7Mb8MHaliHhNIv6W6unMF3azM6dIh3ROJGYguU0r2_xT2sp7YWnkT9lODRhX9r9JF__lfCrRZtm1eK1rh-2CALRQAHapP9_Dg|https://lh3.googleusercontent.com/gps-cs-s/AG0ilSxLlv9XOtPB7SiQadWetrqygvObsb7VILRmCLELKDJ7oxiW2S--BFdMc1TUrh9Z4PKpLbDWdfSHUTwPKlyuQWEyMD8UDmfg6BOE14aaQ__C5c-QoW9vSMn2yj5KcOWv47tiz4_YhQ|https://lh3.googleusercontent.com/gps-cs-s/AG0ilSzyA5u3X1el0XOj4NHMfog7geV-o9IUos9S1Y_4PWF1WC9gXehdf-z5QY5_VHC__zG6wQ-sN_6mh-L8Zzzg6ZDtke_TLxN7fUU7DiYE8Sfy6ikmEEgl47Nj91MASWXf7SsC|https://lh3.googleusercontent.com/gps-cs-s/AG0ilSwXWXstXNgmMe2gb1i9RkxO6zOogK2WLAzRdI6VhbjBs3YpmYGNAmnbJ9D6dwp4WEcwBZkjWIN6VZ-t3z3-Xc7DIZBK0urzMrtA0K1N44iqWnjGprWG2A0IUKDLd0QzSR3qKB_P|https://lh3.googleusercontent.com/gps-cs-s/AG0ilSwQvolCeaURC9uT03WaHE4qBqXcJFnfQ4zZuvNyELVPXPwWiggrz1a6zieN8b0QWrRwqAdoA5IHviXgcm4nisswKeQM3C1N4_Ly79_kFXeblYq4DXKbHWT8xpCNdSJaude210k|https://lh3.googleusercontent.com/gps-cs-s/AG0ilSzQxputFERK4TvfpyKKbYxwGE4nMpcp3N3tUGIFrW-1OK02EW44QEccr3tEi2B2ZyJTZRWWvZXGdH0NcvOhJZ1khIBy8b9ktS74I1tU792yD-Q4wc-KySfCcl_y9Z6IDs6arQjKcg|https://lh3.googleusercontent.com/p/AF1QipOMuJJidPXsBv0vuE0h2Q5bEy9mJxf7l9Lh1HxR|https://lh3.googleusercontent.com/p/AF1QipN2hDoR1hmiOTsseU7rK_EtggJooR7QqTM4p5MB|https://lh3.googleusercontent.com/gps-cs-s/AG0ilSyC4EZkEKKMDKOtVysQHZc3QMkc9wYCxiAx1RGikmASCJHbxsi7J7PD_M77z0oyBvVpltW9uKRBYRG86sjJRn9KUyZnp-gaoECTtfJwIPYALpgjsek-I5k8FIJ6u4ojqxEY6h0
Salon Marwa Beauty,"4,3","MJVJ+V58, Bd Mohamed VI, Mohammédia",N/A,05233-13249,N/A,https://lh3.googleusercontent.com/gps-cs-s/AG0ilSzZQs_MiFOqRvm9rbUc5BHTzKRo9VFmJ9WMwNh8hwtR7lqlw3ADpQz0voe5FuS0_xFlHgvZ4zTWslq2qpg4-F2JlHW9eVd0XOXHpjbCMfR33qHpYd-AsGR5lkCqJID6nKaV_Dw,https://lh3.googleusercontent.com/gps-cs-s/AG0ilSzZQs_MiFOqRvm9rbUc5BHTzKRo9VFmJ9WMwNh8hwtR7lqlw3ADpQz0voe5FuS0_xFlHgvZ4zTWslq2qpg4-F2JlHW9eVd0XOXHpjbCMfR33qHpYd-AsGR5lkCqJID6nKaV_Dw|https://lh3.googleusercontent.com/gps-cs-s/AG0ilSy9vs_zh8cChK0cS7Fry3Wat0WYGWGGToc0taAsfVrbpybc1eP5U2pFhtJAeUGHJeCZeoK_84uPv3FemEVGCawSNLi1aH8h8204Nlss6WXbubPemS5JIdIC0t8aBrkp-PMWWH_j|https://lh3.googleusercontent.com/gps-cs-s/AG0ilSwgb9bDE929TObq2eWkYt6gIICh6240ORjWhfgdZCs_K40vAIFADY7DgjTo5VOuN1vBQ92b3Fhl0CJIz6MCBEyewDOpOu_R-u5rPO4FTCRM71uyVTsZNUJ5k1SyQNaoth0J5NkGow|https://lh3.googleusercontent.com/gps-cs-s/AG0ilSwD4X4rrq8K6DGpQ9kXXoY9xZ0gpdJIQcmaEsSdj5OCuKolovSe943V07cq0on5vPBRGMzeWhPC3A_X6uPtZWqsy_1YnDJ52ON3tqfVSNm6b2CaMNT6Mxf_072IeirL3PVmDR6y|https://lh3.googleusercontent.com/gps-cs-s/AG0ilSxFOSUPHTjLX9hQGTaQGskxtHpyZl4I6tIHdoy2PF_tXNHPJ2at0O7baUdbbzAh2r2wfTT8l1hgwUrZ8iKLvHl-Kp18ux6wZ_O00hCau9HXq63VLP3vdrXfSYR0i0TCWKB8dUJ1|https://lh3.googleusercontent.com/gps-cs-s/AG0ilSwAzR9b2IJVf1LW8pWb3VpfaDji_WFYrwBeHqExEXFtVHt7KaHL5f8-2vJL6r9zyd6bSFFIRlqhazMnY1SDelfHmJAhvt_J1XtX3L9P25ZfNDCt9smncqsbPry3oGdDF0KKstM|https://lh3.googleusercontent.com/gps-cs-s/AG0ilSzy9rdWKbkx6SR6Vyn8xsR3nzKQmklGlT-9S2aUTmzfuttIzALNWD2sUPi98dMTFixmg0tLGJ6qCgv2syO1DEe9yAPFKJd3o200XAlqSiofQxdSxQXKY8qGja-4Nf4SCm_vWLDCLQ|https://lh3.googleusercontent.com/gps-cs-s/AG0ilSxBuYUWsyqCN74vKuj-0vBVCaPQRqIekgXXnzkUFpCXp2vhUn9ZhKlaOmScO4UaqN6XQxYYx0Bk-otFAW-pVK8OmPbvF0vYULqhOHOm3sreB2LeXKRqc0pKtZYwHzJDAJnk6RlB|https://lh3.googleusercontent.com/gps-cs-s/AG0ilSyJVzoYuF05WJ6FkaLS3AlM81hti1aJQ9_ISNuEKVMsaMBWLcIDJfdXDamD6XH_4FFhTa_txWuPhvi0E7x_Z36puu7vzlpRrJYzKIi-VUwo-wgPYL1Z2USctRcGEWpAjYRkczpsqg|https://lh3.googleusercontent.com/gps-cs-s/AG0ilSzFXEvdVTIw8WpJWJZC9pMqtxmC6PgmDI7hD-Fq6HgZyIn9TpT8UHjtqkMTUTxXexzmdhFs2GoX6e0Ikp8_texcdaahGdeuGtAZFu6qVDchmaVbPQG7wFo0ETbeW39lpOdfnGsdgQ
MC barber vip,"4,4","Hay Dakhla, N° 3 Bd Al Houria, Mohammédia 28820",http://instagram.com/mc_barber_spa_vip,05233-20368,N/A,https://lh3.googleusercontent.com/gps-cs-s/AG0ilSynjvTVraoFOmSITBbDBYes6RpR2GUVN-tjdJl7yteT4AEq-K4PcooatMIQQcVqwpCl6zwhEWKkf-QMUqeS_1EUrDuIDsXOp_zzIBg20e3l68woiirqitpC4nNREt6afAlPrBRUqMKPDGg,https://lh3.googleusercontent.com/gps-cs-s/AG0ilSynjvTVraoFOmSITBbDBYes6RpR2GUVN-tjdJl7yteT4AEq-K4PcooatMIQQcVqwpCl6zwhEWKkf-QMUqeS_1EUrDuIDsXOp_zzIBg20e3l68woiirqitpC4nNREt6afAlPrBRUqMKPDGg|https://lh3.googleusercontent.com/gps-cs-s/AG0ilSz11v9RMbHfzDQLd6dRCK6lv2AIvYDgv0tuBjbb_tZT3ByrdC10vk9r2-IJOJHzuoLH-0Lt8E0xQCP4XM_W7I9u-qoB4KjKhAs1U2XMsMHc3QyC66WlZ1ZvdMV6XonqNtlr3QwwyUNxvX0S|https://lh3.googleusercontent.com/p/AF1QipObPQIi53LnRkXH-kxlkb-2G1-WFJg7YHThD8qx|https://lh3.googleusercontent.com/p/AF1QipOYe4vcmQmwQlwKVt1uCOWwEAi654N82EBBR4R3|https://lh3.googleusercontent.com/gps-cs-s/AG0ilSxc1wIUbtsV6aJgcSSc83GD0MwMW-rIOC2J7D3LbF6H3lU0wT6yMrjXEw0iPd1xNOhqSqzFAteHsB_VC12Hxa9C22iAFQAmzAWVlhHBjyOwcLRyuz5dJ2aLBLf2CKzfxkCETig|https://lh3.googleusercontent.com/gps-cs-s/AG0ilSzdKbP3_aTdyVtw8CVs7XYeFhxEibGa-TzNMTwe-ovfR0uhF4ZDWim-KY4p4l7HAhRSxuemoVNwUKOR6oVF-y9JfEufEoncARnynCljK4fkSZ7R4f-16xsTx5asDSKxyZOVdLmqPNtwQnXh|https://lh3.googleusercontent.com/gps-cs-s/AG0ilSzmuBGabC4bYQ5LaUavkFaIxhMWHuS8qVOn9_xxvQK_gAHX2xwJn5rctmF4BnYKj0cpbtuWVI908QCtPWqLOsM2L-VCYSmphRuSEcI04fuXeZoj7W_RH9dzOKZwOC-_6_OGKIx-YLd9UPQT|https://lh3.googleusercontent.com/gps-cs-s/AG0ilSwM2HTzF6sH88xjtkfzzyyvZgUELK3U9t3jebGPEg1Pxk5Bs3gx3kPVdRvXNO3HcP7MtaIrUPwuNg6n5RuuUMMKrRphj3a6IPOgTvrwxYi6AHFlk5hXJC89pAWB2QaFN6wAijK9|https://lh3.googleusercontent.com/gps-cs-s/AG0ilSxIbPXssv6N-as2cxUo5kD-2p1iQXOG4ObLdEfomGC7SeHHjnX3jplhguTf3bIadbZwsrlnG5mNOEToeKTz4CMMsFcLLUu4Q7mk6po4Q5oibieTsfymp0Xygn-u74zDc8JLMrT1|https://lh3.googleusercontent.com/gps-cs-s/AG0ilSxIS6A1xwcsDydsDpbrSz_Si5-mgzKqGPiaGelCWgdOWn0oYVFyyjLhSzzaY5A7fadEAtqqTcgXBYVdOxESzxKuGvXh3x9rGh2ae-ktxo5dgHaZupCoGBj2C8WVxK15GanlrrlPwHnieMA|https://lh3.googleusercontent.com/gps-cs-s/AG0ilSwCuwpq7IH1nL9e9m26hmVUT7Cnq1ARcmjbvFkcj1-y3SVdDfRUAofByig2UEv_YpEWCm5IGAAh7mWdynhMYoB_mkmy6sPQE8W9hb1pbZIuMZcuWHGJfS68Zbyft7KgAFUDPfM0NrgW-4k|https://lh3.googleusercontent.com/p/AF1QipO28_YA72RW3PT47lbViLWzRVPwekQzEBXmgrsF|https://lh3.googleusercontent.com/gps-cs-s/AG0ilSzBSYphudxBXdPWiLOgUqN1sCZw9YEn4N7zwX1ZpT5mN9JznmJdML8ljfz5-h9vKd8llQ7xMyN4WsmXtIDuHipufxEc9QfkX87uVSQ_E4AeFBaQKvUL8AqQrr5y-FkJhPg3a5o|https://lh3.googleusercontent.com/gps-cs-s/AG0ilSx1V_AKuj7c5FQbts1_zi8EUO-dl4RVzzTFbEQ2Xi8TaraIeARL-RF4vPsq0v-VUm26vs8Ap3TtmRaXXSW0PQqIeuVLpR8RXYkUfUgknQ4XhhBC9pafA0H0PrdUOY1_vVOMUZ6CBKc68rx1|https://lh3.googleusercontent.com/gps-cs-s/AG0ilSzLp6Y1ypxuB6HfL6DdxPkASzhxFVfRGz42cjLNwqUTKCdCt2NciG9HBz4hahzJRfAGS9GaylGZkkoGQWDJBatDB94TMJh4kqno_KvbSrBIN8BETJXSLO_S8zR6bV6iMu72aPw5|https://lh3.googleusercontent.com/gps-cs-s/AG0ilSxufdgLIS3Mmi8D6ooYLsXg2lYHq8yPogcmZaq_VuxH_bdN3OoPI9djpHRQnWak5-mcW-4veeHExc-MpFCJV1rLNH6wEHxllawk9IhawjRXM9ypuzNis8eojj88XC4k_cC025YyaA|https://lh3.googleusercontent.com/gps-cs-s/AG0ilSykq49X4vzidE1jAObUuSi8VHvPg7_mgsIyAQ03ygLIvJ3hHe5zB0M-lsPbBvSYlXHmwnROEdeXmv_R8d8oL-Iqot-nzrQGZ16DhNFFn82BpcBVd8er_n_vuGxXiQ_yINPN449u|https://lh3.googleusercontent.com/p/AF1QipOQrxrg0r0GUB1_4S9edBzLblo68cvFRy1QMHyZ|https://lh3.googleusercontent.com/gps-cs-s/AG0ilSzOTN-Gs6lVYxF0okQAIDxToEQS2RDGLsLTbSfbeS3792KIA34LPX9re3PbVAjkPsB2F0Ncks0RrjKWtz1b_Kk1GwPHJGXfGf9doEBuwpgaOOnOgolCbuqxjpYSLuxtTG10gx-9nGDst6hE|https://lh3.googleusercontent.com/p/AF1QipOEtQZr971HWgx_oeCQ-2U8XmIulJMPdBQRtpug
Le Harem by ness - Mohammedia,N/A,"PJ6W+9GR, R322, Mohammédia",N/A,05233-28382,N/A,https://lh3.googleusercontent.com/gps-cs-s/AG0ilSyfqROeG_X4x0E9teloLfs4XDvPuR-2mjdDRAq5t4n70BfaybTSOK5f0x_5f7lMDPsPa1mb8WmsXW2g4MRnpMKdnIxq08ceZCTAzDUCqEHQ-cUtjOy57bA86-is7EDxN32yq_IR,https://lh3.googleusercontent.com/gps-cs-s/AG0ilSyfqROeG_X4x0E9teloLfs4XDvPuR-2mjdDRAq5t4n70BfaybTSOK5f0x_5f7lMDPsPa1mb8WmsXW2g4MRnpMKdnIxq08ceZCTAzDUCqEHQ-cUtjOy57bA86-is7EDxN32yq_IR|https://lh3.googleusercontent.com/gps-cs-s/AG0ilSwfwfUlEloPCE5diMMx7oGQdNeeRnuA6XdeY589HDcXZ79ZYd28eg7cJRWElN0VTXlCGcesNiRdT4pVnKQ2umNj9W4OO7Y-fMdUyRr2xLK4I8GbdXdgxPnGIn2WnP5D8dPUgpT4|https://lh3.googleusercontent.com/gps-cs-s/AG0ilSxDRR9WRJAz9P-dVNvAdS6Fn5Cm0NvqoxmopWaQ_uwKWl2iehV84u8Z5YFACDG8EdJOqzYy4bnvyFjdGkye4iqFLR1MrgJnVnc3KYAYqjEP9IcsdMXw-zqlibQl6nC_ZD0VALE|https://lh3.googleusercontent.com/gps-cs-s/AG0ilSzGzmp3RoQs98stQcpp7-HW3rJufAVzA-_OYOujjNnfQLJ6WT3EK8X6NxC1jDmweih7Hz3oS4Q3rOnByrNKM4klp-XY8VbFFu6rHUEMALJtgLTPjPKnSP3-YJsuyxGIrp_l6QS_HA|https://lh3.googleusercontent.com/gps-cs-s/AG0ilSzAjDKXfYbCs5c23aKneT-gfYDYUtE0nmtRv1v-aOazcNsx7_vEM2_clQEK6Yxb-36eNMAFqfxBonbebqLtPgVBVZ28zKuCIrIdPldb7mG6aPmQWNX13IKGUxtpucLSiFv9Cz8|https://lh3.googleusercontent.com/gps-cs-s/AG0ilSwe7IsZMCmXt2Vp6HqIzBs2alSiRTe6sLE_njy_kXJwXPwsfF8cBOTWgZLaWN4llDeD4chykPF2at6E0ybpZ5UjuHvDH5-NdYT8_vGW2fiCr6z-XvgVSAUxjFKykVA5i-WNGQ5C|https://lh3.googleusercontent.com/gps-cs-s/AG0ilSxlva3bhq8aZK7lw5sSKc2KugRSHuDDskt8SlGSr84qE_RbNbuKipsvyJ1GYQZomTmvzom2_h4M44H6CTOCdCFcMNSBFr-vOYqsdtC-Ym2DVZXmmktI0hRILC-nAcrjvEFW5ks|https://lh3.googleusercontent.com/gps-cs-s/AG0ilSymlBgR9EX1e8ATlBQGbBfm9xOXPwut1vFzDm1iBTeD4MYK5BNaZ6oZT7f37T2xFWpLowa7FZde4ISr9u8Omu_NtARjXKkZKODIUo61TYEB31_CHAF5P8pvLg-aFZqqq0JVg1iG|https://lh3.googleusercontent.com/gps-cs-s/AG0ilSw_YHmkuXfs9oG74yplgXjpPA4I99oGfBHPFC6QFBry4kz40TA18ZMvulLKX7BkWQb0AJtl32MDL36VU9VvTeEgnkv5o4V1-vg0ZV3vkJaY-rWywARpkFcWNqgeF9AGwEWU17I
Tufitri Beauté et Détente Spa,"4,4","Mesk Ellil, Mohammedia",N/A,0661-959469,N/A,https://lh3.googleusercontent.com/gps-cs-s/AG0ilSzTMuv4SCBv5ASdw5BhiU7ij1onsQA2COcnAmRpw6YqaOFuYb5teuYfYa4z493mgt7-NkrnKjhTjRgerzgkhhsZ_DR50cvDBWcjnv-gogRNFFc1qAeUoJ0ikaW2x3iVDCZrN3qD,https://lh3.googleusercontent.com/gps-cs-s/AG0ilSzTMuv4SCBv5ASdw5BhiU7ij1onsQA2COcnAmRpw6YqaOFuYb5teuYfYa4z493mgt7-NkrnKjhTjRgerzgkhhsZ_DR50cvDBWcjnv-gogRNFFc1qAeUoJ0ikaW2x3iVDCZrN3qD
Salon Youness de Haute Coiffure,"4,4","674, Mohammédia 28830",N/A,0661-976047,N/A,N/A,
Barber Ghazal,"5,0","À-côtés de librairie, Bd de Salé, Mohammédia 28800",N/A,0696-825853,N/A,https://lh3.googleusercontent.com/gps-cs-s/AG0ilSzoTpeEaBO9_GV9prJjN5e0kA8opTRUSYFc5Aoi_w6sS7oEsDsU_wMTUQrTeRpHJD8ag-LB0TtT3SdSB13SyBOY0C99-lUT8lkd-VNZhz9_8qgx38C_2s7oZzldpJIPy2pszU4F,https://lh3.googleusercontent.com/gps-cs-s/AG0ilSzoTpeEaBO9_GV9prJjN5e0kA8opTRUSYFc5Aoi_w6sS7oEsDsU_wMTUQrTeRpHJD8ag-LB0TtT3SdSB13SyBOY0C99-lUT8lkd-VNZhz9_8qgx38C_2s7oZzldpJIPy2pszU4F|https://lh3.googleusercontent.com/p/AF1QipO-yKzCbwARBomDkss3NP594AZuuFhmG7ldyw_8|https://lh3.googleusercontent.com/p/AF1QipNPDm3XOhhCFU4mjTx4o5dYDB5xnMNJvukvKUGD|https://lh3.googleusercontent.com/gps-cs-s/AG0ilSyjQYSEo9hR9g-xcivGM6YttVN5mllJLszncbcVVwv6QSN4IRw063XLeB_IARrfsRG4obV0BgcyiUPtYLUlw82F68bDiRyCfSIqDEnK2xoyTum1yzsHwlkaVbxz3XvP5sQs3pp2Y9KEkN8l|https://lh3.googleusercontent.com/gps-cs-s/AG0ilSyWTUMtFWx4yS9RXtY01Nsjd9INbe6h4R5mvTPM5FnBjybF0efRUOnfZSPq-AoRGK6PYKAwcK5U2OF_Q1AxPJk4BBFXBzaW2-Jdwy8Lwss0S8Zz_M6p65-YbUabaCCqY2eEIplyUQ|https://lh3.googleusercontent.com/gps-cs-s/AG0ilSyD89_R7UA-WfeZmqMoaaf7ZeRidiiUBx26AWNnJX1ol5vEAIo5rDpire1umeFkP7k4Q2evkMgtGWfbCeezxwQgpo4iFkiijGX4kELSV-DPee-6xtFuAcwIFKC0b2J0r_F7-UfpSA|https://lh3.googleusercontent.com/p/AF1QipPdMY4i0Ffy_S_J1RE4-6UoLWKM1tRmfMS1MI-q|https://lh3.googleusercontent.com/gps-cs-s/AG0ilSx9UhaiecJzLflbnqw1KwrrSzsaf7O0t6ssuQ5XKyMhaIUShi6VbvX4VrwxCItA6dWLl6JGu5Ry9noiIy5hHJtK1QHNdpmrbRH_c0EFEmux3tr0lFuX_SKIEERogn2Q76DU4Lir
Central Park Coiffure,"4,7","Rue Abdelmoumen, Mohammédia",N/A,0691-843493,Situé dans : Central Park : Shopping Center,https://lh3.googleusercontent.com/p/AF1QipM34MJXDPVjnnmwn081kl17kU2EzK85f2K1mgPP,https://lh3.googleusercontent.com/p/AF1QipM34MJXDPVjnnmwn081kl17kU2EzK85f2K1mgPP|https://lh3.googleusercontent.com/p/AF1QipPGTYB0awK8l9yDGraApgg96XD1S4ZEWPIWzmUW|https://lh3.googleusercontent.com/gps-cs-s/AG0ilSxSX2UNdGZBDn2CRc90V5jXZimZs0OQeRWNxCLyzqTOsjhbFo9QroylA3__XtSoxiOpMUeRAb2RhQCtTW1w25cn_Te9jA4pb7fI6SLcDzs1SqyI33sHcgErJAphuekYDKl8Sqhj3w|https://lh3.googleusercontent.com/gps-cs-s/AG0ilSw7Eefs4h7dyMyL8oQsl9RIWkyY5qQ-DeZSaCaWbBYmWvkL1JDVHW4fqqFnFfjcCEMuG8xnWwyjzlurUzrXckL7t2xrngj00p9uP3vxom_2u9pkkZT0PoCqNWVUleCZ3h06tVw|https://lh3.googleusercontent.com/p/AF1QipPOX12ylSGoVmYfdI7XIhp0ey5JUUjdFgI6K3Oh|https://lh3.googleusercontent.com/p/AF1QipNyEJkx29wAff4a0J0DtmLjE0IK8XqJ1gtoVnqP|https://lh3.googleusercontent.com/p/AF1QipPIXBiwRi0H8ApClyMJv0cHMS-84pEt_6UIzSX6|https://lh3.googleusercontent.com/gps-cs-s/AG0ilSxfasAmGMTOe2DNftglzBDxkuv23Z3GixTnKbOcZK3OhuLf4otSKMGOKGq_UVDtPwYh0E1YU1fzz6cOAVI_fgcn23Qa05FW3G6Rx_JULjvTJeelmjS9siVoOzkxINkmqO3XZIYr|https://lh3.googleusercontent.com/gps-cs-s/AG0ilSwfaCpEs6RJ6UoDtbRhAioX8N4bFNZiSmOM0k-r02S-7qStQjqXOEnBZePSAZWVbpLeZXnj06FCJ35JSKxY56R1IzM0TKQ3QvFxzu9M-cReyVRc6ugN-i2e77puHSTGhCMn6SEx|https://lh3.googleusercontent.com/p/AF1QipNIrB_ZgbnWvNXWlPdB0HSYOivWvFXCCO3cbP1m
Soufiane Hairstyling academy,"5,0","Imm M, N° Central Park, 5eme étage, 40 Rue Abdelmoumen, Mohammédia 20650",N/A,0681-887266,N/A,https://lh3.googleusercontent.com/gps-cs-s/AG0ilSzoRu73mY94wiiBYJkjyUI0ODwpDjscUAiNP1NS2-E_QDOoPgY5n41ky5da-9R08yNjFGyHNhVJ4ngYGgd-vzfVGimWQ1wJJ1b5FAAcTTGb9qlICZBY9yaMfCOO6XIHEOzjPEOz-tvLxN33,https://lh3.googleusercontent.com/gps-cs-s/AG0ilSzoRu73mY94wiiBYJkjyUI0ODwpDjscUAiNP1NS2-E_QDOoPgY5n41ky5da-9R08yNjFGyHNhVJ4ngYGgd-vzfVGimWQ1wJJ1b5FAAcTTGb9qlICZBY9yaMfCOO6XIHEOzjPEOz-tvLxN33|https://lh3.googleusercontent.com/gps-cs-s/AG0ilSxO790DfsI_g-d1qx0Yc7DzihXA9sQOMk5fnBPwLL9oDyO2QMJQ_vIcd4rVXcSwhG6uYd2z7cWLP1h6i1cq8dhlFVxadQBO5rjvPM5j5_kpGW4CNuF5SuLNFljAcatrArR9G4D3|https://lh3.googleusercontent.com/gps-cs-s/AG0ilSyWZwHmmUZYvMHXZ6bkNJluHgzFCO92lJ0Su4TDB_f2e6H4d8A4r-_JD7EFUcUBptOGB6js-3MFjVPOTaCsKHKQSibHwpUC-D-V37jarZUdIpcCjKdgAOlbtD7UFUE6CBq7Sgr76BhSXtPc|https://lh3.googleusercontent.com/gps-cs-s/AG0ilSz9OfoLAMFctVmliKOP1lRY-6HSLUbzN1spNmA7NC-LUTvYvP_5OIlBmG7KOZzRMESRAHPw8iNXYRIPdYT2fVhex7CeiBl84KfGhGVRlOC6uDP3AMv_kgoD9DvAEHA1Co-Sv_w|https://lh3.googleusercontent.com/gps-cs-s/AG0ilSy6quy6IMjXDiWmgDZVZH-LEIvx2PQIFknIZ6XixOv7O7gpAOGY0_nEU7vThRYxYApWqfqoe32ZFhm2pwFDILZS9wCTqxis6odnOzAbkNHKEaHijqu3yL6pwz-L4P5tq8gKle6Z0A|https://lh3.googleusercontent.com/gps-cs-s/AG0ilSxX_qfg6Q7ND1MtiyiG_eyT1wk8kysI5zaQ5WRDbcG9uX6lzQ4Acs9e2KBc4OS06_rD2H2suGMNot28vNpesNH3LxLRDDuW7gwNJQ6spx7MDQHzu3SeTn9OoSnNF--iklBUJMWks_Jc3Ceo|https://lh3.googleusercontent.com/gps-cs-s/AG0ilSzBcZPDtjU6aadxvBVULAtepar5f2PZQ1OM1OwbqwOBZM-UcYFGHdy9kV8ip7IxY4S_fzxRo8fQ320UGhHxmmq-avtfR9Om9MWaMwoAc-gyB_vgMZiHu7oDtZSJC4dmsnw1zF98
